food_name,iron_mg_100g,b12_mcg_100g,calcium_mg_100g,vit_d_mcg_100g,vit_c_mg_100g,folate_dfe_mcg_100g
"gravy,franco-american,chick,slow rst,fat free",,,,,0,
"beverages,v8 splash juc drinks,diet tropical blend",,,,,25.2,
"campbell's red & white,crm of asparagus soup,cond",,,0,,0,
"keebler,town house,original crackers",,,,,,111
"soup,veg bf,microwavable,rts,single brand",,,,,,
"prickly pears,brld (northern plains indians)",,,,,6.2,
silk pln soy yogurt,,,132,1.3,13.2,
"alcoholic bev,wine,table,red,syrah",,,,,,
"soup,veg bf,cnd,cond,single brand",,,,,,
"campbell's,98% fat free crm of celery soup,cond",,,16,,0,
"margarine,80% fat,tub,canola harvest soft sprd",,,,,0,
"alcoholic bev,wine,table,red,lemberger",,,,,,
"keebler,toasteds,buttercrisps crackers",,,,,0,118
"keebler,club,red fat crackers",,,,,0,132
"gravy,franco-american,turkey,slow rst",,,,,0,
"keebler,fudge shoppe,fudge stripes,holiday/spiderman",,,,0,,72
"oil,walrus (alaska native)",,,0,,0,
"alcoholic bev,wine,table,red,barbera",,,,,,
"keebler,fudge shoppe,fudge-dipped ice crm cups",,,,,,101
"campbell's,crm of chick w/ herbs soup,cond",,,0,,0,
"fish,herring eggs,pacific,dry (alaska native)",,,29,,0,
"keebler,100 cal right bites,fudge shoppe,mini mints grasshop",,,,,,80
"oil,cooking & salad,enova,80% diglycerides",,,,,0,
"supper meal kits,savory pork chops w/ herb stuffing",,,,,0,
"pace,triple pepper salsa",,,,,7.5,
"beverages,v8 splash juc drinks,tropical blend",,,,,24.7,
"gravy,campbell's,mushroom",,,,,,
"alcoholic bev,wine,table,red,cabernet franc",,,,,,
"alcoholic bev,wine,table,white,pinot gris (grigio)",,,,,,
"alcoholic bev,wine,table,white,late harvest",,,,,,
"alcoholic bev,wine,table,white,sauvignon blanc",,,,,,
"sea lion,steller,fat (alaska native)",,,,0,0,
"alcoholic bev,wine,table,white,pinot blanc",,,,,,
"gravy,campbell's,bf,fat free",,,,,0,
"fish,herring,pacific,flsh,air-dried,pack oil (alaska native)",,,,,0,
"pace,grn taco sau",,,,,,
"alcoholic bev,wine,table,white,chenin blanc",,,,,,
"beverages,h2o,btld,non-carbonated,calistoga",,,0,,,
"soup,bf w/veg&barley,cnd,cond,single brand",,,,,,
"turkey,breast,smoked,lemon pepper flavor,97% fat-free",,,,,0,
"supper bakes meal,chick w/ stuffing (chick not included)",,,,,,
"margarine-like sprd,smart balance omega plus sprd",,,,,0,
"mashu roots,raw (alaska native)",,,,,11,
"alcoholic bev,wine,table,red,pinot noir",,,,,,
"alcoholic bev,wine,table,red,gamay",,,,,,
"fish,salmon,tipnuk,fermented (alaska native)",,,,,0,
"alcoholic bev,wine,table,red,carignane",,,,,,
"alcoholic bev,wine,table,red,mouvedre",,,,,,
"gravy,campbell's,au jus",,,,,,
"alcoholic bev,wine,table,red,petite sirah",,,,,,
"beverages,v8 splash juc drinks,mango peach",,,,,24.7,
"keebler,100 cal right bites,fudge shoppe,mini fudge grahams",,,,,,67
"duck,scoter,white-winged,meat (alaska native)",,,8,,0,
"soup,crm of chick,cnd,cond,single brand",,,,,,
"keebler,club,original crackers",,,,,,120
"soup,chick veg,chunky,red fat,red na,rts,single brand",,,,,0,
"pace,thick & chunky salsa",,,,,,
"whale,beluga,liver,raw (alaska native)",,,11,,,
"campbell's red & white,golden mushroom soup,cond",,,0,,0,
"gravy,campbell's,turkey,fat free",,,,,0,
"oil,veg,natreon canola,hi stability,non trans,hi oleic (70%)",,,,0,0,
"beverages,h2o,btld,non-carbonated,crystal geyser",,,3,,,
"alcoholic bev,wine,table,white,muscat",,,,,,
"soup,chick w/star-shaped pasta,cnd,cond,single brand",,,,,,
"keebler,club crackers,snack stks,original",,,,,,88
"alcoholic bev,wine,table,red,burgundy",,,,,,
"keebler,vanilla wafers minis,rainbow",,,,,,87
"campbell's lo na soups,crm of mushroom soup",,,13,,,
"fish,lingcod,meat,raw (alaska native)",,,,,0,
"alcoholic bev,wine,table,red,sangiovese",,,,,,
"keebler,animals,frstd cookies",,,,,,59
"pace,jalapenos nacho sliced peppers",,,67,,12,
"margarine-like sprd,smart balance reg buttery sprd",,,,,0,
"alcoholic bev,wine,table,white,semillon",,,,,,
"keebler,keebler choc graham selects",,,,,,
"pace,organic picante sau",,,,,,
"general mills,betty crocker supermoist yel cake mix,dry",,,161,,,
"alcoholic bev,wine,table,red,claret",,,,,,
"supper bakes meal,cheesy chick w/ pasta (chick not included)",,,,,,
"game meat,boar,wild,raw",,,12,,0,
"whale,bowhead,skn & subcutaneous fatmuktuk(alaska native)",,,5,,0,
"alcoholic bev,wine,table,white,muller thurgau",,,,,,
"alcoholic bev,wine,table,red,zinfandel",,,,,,
"snacks,general mills,betty crocker frt rl ups,bry flv,w/vt c",,,,,120,
"beverages,v8 splash juc drinks,orchard blend",,,,,24.7,
"alcoholic bev,wine,table,white,late harvest,gewurztraminer",,,,,,
"keebler,toasteds,onion crackers",,,,,,116
"rhubarb,wild,leaves (alaska native)",,,,,33,
"game meat,muskrat,raw",,,25,,5,
"supper bakes meal kits,garlic chick w/ pasta",,,,,,
"alcoholic bev,wine,table,white,riesling",,,,,,
"alcoholic bev,wine,table,red,cabernet sauvignon",,,,,,
"murray,vanilla wafer",,,,,,88
"keebler,toasteds,sesame crackers",,,,,,115
"margarine-like sprd,smart beat smart squeeze",,,,,0,
"margarine-like sprd,smart beat super lt wo/ saturated fat",,,,,0,
"squash,indian,ckd,bld (navajo)",,,,,,7
"keebler,fudge shoppe,deluxe grahams cookies",,,,0,,50
"keebler,100 cal right bites,fudge shoppe,mini fudge stripes",,,,0,,72
"water,btld,non-carbonated,naya",,,4,,,
"gravy,franco-american,bf,slow rst,fat free",,,,,0,
"margarine,margarine-like veg oil sprd,67-70% fat,tub",,,,,0,
"gravy,campbell's,brown w/ onions",,,,,,
"whale,beluga,eyes (alaska native)",,,,,0,
"keebler,fudge shoppe,fudge stripes,original",,,,0,,71
"pace,picante sau",,,,,,
"pace,diced grn chilies",,,,,12,
"supper bakes meal kits,creamy stroganoff sau w/ pasta",,,,,,
"alcoholic bev,wine,table,white,gewurztraminer",,,,,,
"alcoholic bev,wine,table,white,fume blanc",,,,,,
"gravy,campbell's,chick,fat free",,,,,0,
"gravy,franco-american,chick,slow rst",,,,,,
"keebler,vanilla wafers",,,,,,88
"campbell's red & white,crm of celery soup,cond",0,,16,,0,
olive oil (1 tbsp drizzle),0,,0,,0,0
cucumber slices (1 cup),0,,0,,0,0
pickled turnips (2 tbsp),0,,0,,0,0
cabbage slaw (side),0,,0,,0,0
egg yolk (1 large in sauce),0,,0,,0,0
pico de gallo (1/4 cup),0,,0,,0,0
ricotta (filling 1 oz),0,,0,,0,0
ham (3oz deli sliced),0,,0,,0,0
"healthy request,tomato soup,cond",0,,0,,4.8,
tilapia (4oz baked),0,,0,,0,0
egg white (in drink),0,,0,,0,0
frosting (vanilla 2 tbsp),0,,0,,0,0
collard greens (with ham hock),0,,0,,0,0
quesadilla (cheese 1 medium),0,,0,,0,0
"campbell's,crm of mushroom w/ rstd garlic soup,cond",0,,16,,0,
"campbell's red & white,crm of shrimp soup,cond",0,,0,,0,
pork chop (4oz grilled),0,,0,,0,0
gyro (1 sandwich),0,,0,,0,0
tahini sauce (1 tbsp),0,,0,,0,0
beer (12 oz light),0,,0,,0,0
focaccia (1 square),0,,0,,0,0
kefir (plain 1 cup),0,,0,,0,0
carrot sticks (1 cup),0,,0,,0,0
"swanson broth,cert organic veg broth",0,,0,,0,
sashimi (salmon 3 pcs),0,,0,,0,0
fiorentina steak (3oz portion),0,,0,,0,0
quinoa salad (1 cup),0,,0,,0,0
pear,0,,0,,0,0
waffle cone (1 small),0,,0,,0,0
falafel (3 pieces),0,,0,,0,0
biscuits and gravy (1 serving),0,,0,,0,0
eggplant (1/2 cup in caponata),0,,0,,0,0
pepperoncini (2 peppers),0,,0,,0,0
kimchi (1/2 cup),0,,0,,0,0
thai basil (garnish),0,,0,,0,0
tofu stir-fry,0,,0,,0,0
halibut (4oz baked),0,,0,,0,0
basil (2 tbsp fresh),0,,0,,0,0
chicken thigh (1 roasted),0,,0,,0,0
pasta salad (1 cup),0,,0,,0,0
veggie straws (1 oz),0,,0,,0,0
cucumber salad (1/2 cup),0,,0,,0,0
tamarind chutney (1 tbsp),0,,0,,0,0
sour cream (2 tbsp),0,,0,,0,0
"soup,healthy choic garden veg soup,cnd",0,,16,,1,
"gravy,campbell's,turkey",0,,0,,0,
soyrizo (2 oz),0,,0,,0,0
"campbell's chunky soups,hearty chick w/ veg soup",0,,8,,0,
olives (5 side),0,,0,,0,0
"tea (green, 1 cup)",0,,0,,0,0
sweet & sour chicken (1 cup),0,,0,,0,0
cashews (1 oz roasted),0,,0,,0,0
"beverages,h2o,tap,well",0,,3,,,
"soup,healthy choic chick noodle soup,cnd",0,,8,,0,
olive oil (1 tbsp),0,,0,,0,0
lassi (mango 1 cup),0,,0,,0,0
sausage link (1 cooked),0,,0,,0,0
hoisin sauce (1 tbsp),0,,0,,0,0
pancakes (2 medium),0,,0,,0,0
"gravy,campbell's,bf",0,,0,,0,
breadstick (1 large),0,,0,,0,0
figs (2 medium),0,,0,,0,0
blueberries (1/2 cup),0,,0,,0,0
chicken tikka masala (1.5 cups),0,,0,,0,0
saltine crackers (5 crackers),0,,0,,0,0
bread roll (hoagie),0,,0,,0,0
capers (1 tbsp),0,,0,,0,0
asparagus (1 cup steamed),0,,0,,0,0
kombucha (1 cup),0,,0,,0,0
cheesecake (1 slice),0,,0,,0,0
onions (sautéed 1/4 cup),0,,0,,0,0
gorgonzola cheese (1 oz),0,,0,,0,0
pecans (1 oz),0,,0,,0,0
bubble tea (16 oz milk tea),0,,0,,0,0
black pepper (1 tsp),0,,0,,0,0
arugula (2 cups),0,,0,,0,0
shrimp scampi (1 cup),0,,0,,0,0
melted butter (for lobster),0,,0,,0,0
waffles (2 homemade),0,,0,,0,0
sumac (1/2 tsp dressing),0,,0,,0,0
vitello tonnato (1 serving),0,,0,,0,0
eggo waffle (2 waffles),0,,0,,0,0
balsamic vinaigrette (2 tbsp),0,,0,,0,0
mackerel (3oz cooked),0,,0,,0,0
egg drop soup (1 cup),0,,0,,0,0
ragù (filling 1 tbsp),0,,0,,0,0
angel hair pasta (1 cup),0,,0,,0,0
hummus wrap (large),0,,0,,0,0
fattoush salad (1.5 cups),0,,0,,0,0
pork bun (1 steamed),0,,0,,0,0
jam filling,0,,0,0,0,0
cottage cheese (1/2 cup),0,,0,,0,0
manicotti (2 shells cheese),0,,0,,0,0
lemon bar (1 square),0,,0,,0,0
tartar sauce (2 tbsp),0,,0,,0,0
media luna (1 pastry),0,,0,,0,0
provoleta (1 oz grilled cheese),0,,0,,0,0
lobster (3oz steamed),0,,0,,0,0
"beverages,h2o,btld,non-carbonated,dannon",0,,3,,,
"spinach (1 cup, raw)",0,,0,,0,0
mint chutney (1 tbsp),0,,0,,0,0
kibbeh (1 piece fried),0,,0,,0,0
grilled cheese sandwich,0,,0,,0,0
kale (1 cup in soup),0,,0,,0,0
bison burger (1 patty),0,,0,,0,0
"gravy,campbell's,golden pork",0,,0,,0,
beef stroganoff (1.5 cups),0,,0,,0,0
hummus (2 tbsp),0,,0,,0,0
"campbell's red & white,bf broth,cond",0,,0,,,
tuna salad (1/2 cup),0,,0,,0,0
shredded cheese (cheddar 1/4 cup),0,,0,,0,0
tuna (canned 3oz in water),0,,0,,0,0
"campbell's red & white,french onion soup,cond",0,,16,,0,
ground beef (2 oz in sauce),0,,0,,0,0
tuna sauce (2 tbsp),0,,0,,0,0
chickpeas (1/2 cup canned),0,,0,,0,0
"beverages,lipton brisk,tea,black,rtd,lemon",0,,1,,,
cod (4oz baked),0,,0,,0,0
custard (1/4 cup),0,,0,,0,0
lobster bisque (1 cup),0,,0,,0,0
fried pita (1/2 pita in salad),0,,0,,0,0
"smart soup,thai cocnt curry",0,,19,,0,
eggs benedict (1 serving),0,,0,,0,0
ceviche (1 cup fish),0,,0,,0,0
pesto (1/4 cup),0,,0,,0,0
chicken kebab (2 skewers),0,,0,,0,0
chicken milanesa (1 serving),0,,0,,0,0
polenta (grilled 1 slice),0,,0,,0,0
carrot (1/4 minced in sauce),0,,0,,0,0
turmeric (1 tsp),0,,0,,0,0
side salad (light dressing),0,,0,,0,0
"beverages,h2o,btld,non-carbonated,pepsi,aquafina",0,,0,,,
pretzel bun (1 medium),0,,0,,0,0
risotto alla milanese (1 cup),0,,0,,0,0
pizza (margherita 1 slice),0,,0,,0,0
garlic sauce (toum 1 tbsp),0,,0,,0,0
seaweed salad (1/2 cup),0,,0,,0,0
ketchup (1 tbsp),0,,0,,0,0
split pea soup (1 cup),0,,0,,0,0
trail mix (1/4 cup),0,,0,,0,0
hollandaise sauce (1 tbsp),0,,0,,0,0
bbq sauce (2 tbsp),0,,0,,0,0
veggie burger (1 patty),0,,0,,0,0
beef jerky (1 oz),0,,0,,0,0
sake (3 oz),0,,0,,0,0
rosemary (garnish),0,,0,,0,0
papaya (1 cup cubes),0,,0,,0,0
steamed broccoli (1 cup),0,,0,,0,0
whiskey (1.5 oz shot),0,,0,,0,0
za'atar (1 tbsp),0,,0,,0,0
congee (1 cup plain),0,,0,,0,0
salami (3 slices),0,,0,,0,0
beef pho (1 large bowl),0,,0,,0,0
acai bowl (1 serving),0,,0,,0,0
"beverages,h2o,btld,non-carbonated,evian",0,,8,,,
duck (3oz roasted),0,,0,,0,0
feta cheese (1 oz),0,,0,,0,0
"campbell's,98% fat free crm of broccoli soup,cond",0,,16,,0,
gochugaru (1 tsp),0,,0,,0,0
green onion (1 tbsp garnish),0,,0,,0,0
guacamole (1/4 cup),0,,0,,0,0
almond milk (unsweetened 1 cup),0,,0,,0,0
bulgur (1/4 cup in tabouli),0,,0,,0,0
chocolate croissant,0,,0,,0,0
lemon slice (garnish),0,,0,,0,0
spicy mustard (1 tbsp),0,,0,,0,0
hot sauce (1 tsp tabasco),0,,0,,0,0
"margarine-like sprd,smart balance lt buttery sprd",0,,3,,0,
shepherd's pie (1 serving),0,,0,,0,0
healthy request tomato juc,0,,8,,29.6,
tomato (1 medium sliced),0,,0,,0,0
protein bar,0,,0,,0,0
cheddar cheese (1 oz),0,,0,,0,0
chicken noodle soup (1 can),0,,0,,0,0
guava,0,,0,,0,0
ants on a log (4 pcs),0,,0,,0,0
"alcoholic bev,beer,lt,bud lt",0,,3,,,
olive (garnish),0,,0,,0,0
mint tea (1 cup),0,,0,,0,0
granola (1/4 cup topping),0,,0,,0,0
"seasoning mix,dry,sazon,coriander & annatto",0,,0,,0,
croutons (garlic 1/4 cup),0,,0,,0,0
guanciale (1 oz),0,,0,,0,0
"sugar (1 tsp, in broth)",0,,0,,0,0
cinnamon sugar (1 tsp),0,,0,,0,0
chimichurri (1 tbsp),0,,0,,0,0
balsamic glaze (1 tsp),0,,0,,0,0
lemon juice (1 tbsp dressing),0,,0,,0,0
honey (1 tsp drizzle),0,,0,,0,0
gelato (pistachio 1/2 cup),0,,0,,0,0
iced tea (sweetened 16oz),0,,0,,0,0
baba ganoush (1/4 cup),0,,0,,0,0
celery (1 stalk),0,,0,,0,0
onion (1/2 cup raw chopped),0,,0,,0,0
chicken wrap (with tortilla),0,,0,,0,0
powdered sugar (1 tsp),0,,0,,0,0
tortilla chips (1 oz),0,,0,,0,0
turkey burger (1 patty),0,,0,,0,0
mushroom (white 1 cup sliced),0,,0,,0,0
"beverages,the coca-cola comp,dasani,h2o,btld,non-carbonated",0,,0,,,
bruschetta (2 pcs),0,,0,,0,0
macaroni salad (1 cup),0,,0,,0,0
"oil,whale,bowhead (alaska native)",0,,0,,0,
pomegranate molasses (1 tsp),0,,0,,0,0
aioli (garlic 1 tbsp),0,,0,,0,0
negroni (1 drink),0,,0,,0,0
oyster (1 medium raw),0,,0,,0,0
baklava (1 piece),0,,0,,0,0
cocktail sauce (2 tbsp),0,,0,,0,0
ramen (instant 1 pack),0,,0,,0,0
olive oil (1 tbsp dressing),0,,0,,0,0
pulled pork sandwich,0,,0,,0,0
onion rings (6 rings),0,,0,,0,0
tomato sauce (1/2 cup),0,,0,,0,0
graham cracker (1 large rectangle),0,,0,,0,0
french fries (medium),0,,0,,0,0
biscotti (1 cookie),0,,0,,0,0
gochujang (1 tbsp),0,,0,,0,0
raisins (1/4 cup),0,,0,,0,0
cherries (1 cup),0,,0,,0,0
cannoli (1 medium),0,,0,,0,0
tahini (1 tbsp),0,,0,,0,0
kombucha (16 oz),0,,0,,0,0
churros (2 sticks),0,,0,,0,0
pita bread (1 white),0,,0,,0,0
diet soda (1 can),0,,0,,0,0
provolone cheese (1 slice),0,,0,,0,0
asparagus (6 spears roasted),0,,0,,0,0
hummus (1/4 cup),0,,0,,0,0
sweet tea (16 oz),0,,0,,0,0
prosciutto (1 slice wrapper),0,,0,,0,0
choripan (1 sandwich),0,,0,,0,0
celery sticks (1 cup),0,,0,,0,0
white bread (1 slice),0,,0,,0,0
maple syrup (2 tbsp),0,,0,,0,0
"gravy,campbell's,country style crm",0,,0,,0,
osso buco (1 serving),0,,0,,0,0
limoncello (1.5 oz shot),0,,0,,0,0
salsa (2 tbsp),0,,0,,0,0
chocolate chip cookie (1 large),0,,0,,0,0
panna cotta (1 serving),0,,0,,0,0
"campbell's red & white,crm of onion soup,cond",0,,0,,0,
alfajores (1 cookie),0,,0,,0,0
bobotie (1 serving),0,,0,,0,0
celery (1/4 stalk minced),0,,0,,0,0
soy sauce (1 tbsp for dipping),0,,0,,0,0
"campbell's soup on the go,chick w/ mini noodles soup",0,,0,,0.8,
oregano (1 tsp),0,,0,,0,0
"pace,salsa verde",0,,0,,3.8,
water cracker (5 crackers),0,,0,,0,0
"campbells red & white,bf consomme,cond",0,,0,,,
balsamic glaze (1 tbsp),0,,0,,0,0
pani puri (6 pcs),0,,0,,0,0
onion (1/8 minced in sauce),0,,0,,0,0
mozzarella (1 slice),0,,0,,0,0
mashed cauliflower (1 cup),0,,0,,0,0
aperol spritz (1 drink),0,,0,,0,0
mussels (3oz steamed),0,,0,,0,0
beef steak (6oz sirloin),0,,0,,0,0
espresso (1 oz in drink),0,,0,,0,0
vodka soda (1 drink),0,,0,,0,0
coffee (with cream/sugar),0,,0,,0,0
"pace,pico de gallo",0,,0,,3.8,
tofu (4oz firm),0,,0,,0,0
olives (kalamata 5 large),0,,0,,0,0
scrambled eggs (2 large),0,,0,,0,0
gin & tonic (1 drink),0,,0,,0,0
fresh mozzarella (1 oz),0,,0,,0,0
"campbell's red & white,chick gumbo soup,cond",0,,16,,0,
philly cheesesteak (6 inch),0,,0,,0,0
turkey bacon (2 slices),0,,0,,0,0
bacon (2 slices cooked),0,,0,,0,0
avocado toast (1 slice),0,,0,,0,0
gnocchi (1 cup),0,,0,,0,0
french fries (side),0,,0,,0,0
ice cream (1/2 cup vanilla),0,,0,,0,0
pecorino cheese (1 tbsp),0,,0,,0,0
egg noodles (1 cup cooked),0,,0,,0,0
caesar salad (with chicken),0,,0,,0,0
collard greens (1 cup cooked),0,,0,,0,0
"alcoholic bev,beer,lt,budweiser sel",0,,4,,,
matcha latte (12 oz),0,,0,,0,0
sea salt (coarse 1/4 tsp),0,,0,,0,0
"campbell's red&white,chick broth,cond",0,,0,,0,
cheese danish,0,,0,,0,0
pisco sour (1 drink),0,,0,,0,0
"campbell's,25% less na crm of mushroom soup,cond",0,,0,,,
lemonade (1 cup),0,,0,,0,0
campari & soda (1 drink),0,,0,,0,0
sesame oil (1 tsp),0,,0,,0,0
chicken parm sandwich,0,,0,,0,0
jelly (1 tbsp grape),0,,0,,0,0
black pepper (1/2 tsp),0,,0,,0,0
black pepper (1/4 tsp),0,,0,,0,0
lemon wedge (for calamari),0,,0,,0,0
prosciutto (1 slice),0,,0,,0,0
shrimp cocktail (4 large shrimp),0,,0,,0,0
chicken alfredo (1.5 cups),0,,0,,0,0
sweet chili sauce (2 tbsp),0,,0,,0,0
jicama (1 cup sticks),0,,0,,0,0
ginger ale (1 can),0,,0,,0,0
shawarma (chicken 1 wrap),0,,0,,0,0
amaretti cookie (2 cookies),0,,0,,0,0
grits (1 cup cooked),0,,0,,0,0
"beverages,nestea,tea,black,rtd,lemon",0,,3,,,
protein shake (whey),0,,0,,0,0
s'more (1 serving),0,,0,,0,0
ground lamb (1 oz filling),0,,0,,0,0
cheesy grits (1 cup),0,,0,,0,0
"smart soup,vietnamese carrot lemongrass",0,,23,,0,
simple syrup (1/2 oz),0,,0,,0,0
mate (1 cup),0,,0,,0,0
lime (juice of 1),0,,0,,0,0
tomato (1/4 cup side),0,,0,,0,0
tagliatelle al ragù (bolognese),0,,0,,0,0
watermelon (1 cup diced),0,,0,,0,0
"candies,mars snackfood us,skittles tropical bite size cand",0,,0,,67.1,
gin (1 oz),0,,0,,0,0
"alcoholic bev,beer,reg,budweiser",0,,4,,,
"pace,red taco sau",0,,0,,0,
brie cheese (1 oz),0,,0,,0,0
tzatziki sauce (2 tbsp),0,,0,,0,0
risotto (mushroom 1 cup),0,,0,,0,0
salmon (4oz grilled),0,,0,,0,0
caponata (1/2 cup),0,,0,,0,0
labneh (2 tbsp),0,,0,,0,0
rye bread (1 slice),0,,0,,0,0
"swanson,chick a la king",0,,0,,0,
chorizo (1 oz in paella),0,,0,,0,0
reuben sandwich,0,,0,,0,0
chocolate milk (1 cup),0,,0,,0,0
mayonnaise (1 tbsp for dipping),0,,0,,0,0
mozzarella (1 oz melted),0,,0,,0,0
cilantro (2 tbsp garnish),0,,0,,0,0
ham & cheese croissant,0,,0,,0,0
t-bone steak (6oz),0,,0,,0,0
"beverages,arizona,tea,rtd,lemon",0,,3,,0,
lime wedge (garnish),0,,0,,0,0
crushed tomatoes (1/2 cup sauce),0,,0,,0,0
crepe (1 plain),0,,0,,0,0
lentil soup (1 can),0,,0,,0,0
spaghetti (side),0,,0,,0,0
bulgur (1 tbsp shell),0,,0,,0,0
century egg (1 egg),0,,0,,0,0
salsa (1/4 cup),0,,0,,0,0
red onion (1/4 cup in ceviche),0,,0,,0,0
prosecco (3 oz),0,,0,,0,0
burger (cheeseburger),0,,0,,0,0
pizza (1 slice pepperoni),0,,0,,0,0
sage (2 leaves),0,,0,,0,0
pickle (1 spear dill),0,,0,,0,0
pretzels (1 oz),0,,0,,0,0
garlic bread (1 slice),0,,0,,0,0
"milk (2%, 1 cup)",0,,0,,0,0
espresso (for dipping),0,,0,,0,0
red wine (5 oz glass),0,,0,,0,0
garlic sauce (1 tbsp),0,,0,,0,0
grapes (1 cup),0,,0,,0,0
maple syrup (1 tbsp),0,,0,,0,0
green curry paste (1 tbsp),0,,0,,0,0
soy sauce (1 tbsp in stir-fry),0,,0,,0,0
quinoa (1 cup cooked),0,,0,,0,0
sour cream (1 tbsp),0,,0,,0,0
polenta (1 cup creamy),0,,0,,0,0
"pace,tequila lime salsa",0,,0,,7.5,
poached egg (1 large),0,,0,,0,0
butter (1 tbsp),0,,0,,0,0
lettuce (romaine 2 cups),0,,0,,0,0
almonds (1 oz),0,,0,,0,0
spring roll (veg 2 rolls),0,,0,,0,0
chicken mcnuggets (6 pcs),0,,0,,0,0
croutons (1/4 cup),0,,0,,0,0
hollandaise sauce (2 tbsp),0,,0,,0,0
bok choy (1 cup steamed),0,,0,,0,0
italian dressing (2 tbsp),0,,0,,0,0
shrimp (3oz steamed),0,,0,,0,0
beef wellington (1 slice),0,,0,,0,0
olive oil (1 tbsp on bread),0,,0,,0,0
"mustard (1 tbsp, yellow)",0,,0,,0,0
fried okra (1 cup),0,,0,,0,0
"campbell's red & white,broccoli chs soup,cond",0,,32,,1,
paella (1.5 cups seafood),0,,0,,0,0
soda (1 can coke),0,,0,,0,0
tabouli (1/2 cup),0,,0,,0,0
gummy bears (10 pcs),0,,0,,0,0
blackberries (1 cup),0,,0,,0,0
lasagna (1 serving meat),0,,0,,0,0
sriracha (1 tsp),0,,0,,0,0
espresso martini (1 drink),0,,0,,0,0
rosemary (1 tsp topping),0,,0,,0,0
silken tofu (3oz in soup),0,,0,,0,0
chicken salad sandwich,0,,0,,0,0
french bread (2 slices),0,,0,,0,0
sauerkraut (1/2 cup),0,,0,,0,0
basil (fresh garnish),0,,0,,0,0
pickled radish (1/4 cup),0,,0,,0,0
chicken liver (2 oz cooked),0,,0,,0,0
cobb salad,0,,0,,0,0
cardamom (in coffee),0,,0,,0,0
bagel (plain),0,,0,,0,0
coriander (1 tsp),0,,0,,0,0
chocolate sauce (1 tbsp dipping),0,,0,,0,0
pate (mushroom 2 tbsp),0,,0,,0,0
spinach artichoke dip (1/4 cup),0,,0,,0,0
grilled chicken salad,0,,0,,0,0
rye crispbread (2 slices),0,,0,,0,0
mocha latte (16oz),0,,0,,0,0
cupcake (vanilla 1 medium),0,,0,,0,0
macaroni & cheese (1 cup),0,,0,,0,0
cereal (frosted flakes 1 cup),0,,0,,0,0
garlic (1 clove),0,,0,,0,0
calamari (fried 3oz),0,,0,,0,0
hash browns (1 cup),0,,0,,0,0
swiss cheese (1 slice),0,,0,,0,0
tofu scramble,0,,0,,0,0
french fries (as side),0,,0,,0,0
wasabi (1 tsp),0,,0,,0,0
chai latte (12 oz),0,,0,,0,0
saltimbocca (1 serving),0,,0,,0,0
coffee (black),0,,0,,0,0
"campbell's lo na soups,chick broth",0,,0,,,
olive oil (1 tsp garnish),0,,0,,0,0
jalapeno (1 tbsp sliced),0,,0,,0,0
skirt steak (4oz grilled),0,,0,,0,0
tempeh (3oz),0,,0,,0,0
pita crisps (1 oz),0,,0,,0,0
pork floss (1 tbsp),0,,0,,0,0
lentil soup (1 cup middle eastern),0,,0,,0,0
flan (1 slice),0,,0,,0,0
"campbell's,98% fat free broccoli chs soup,cond",0,,32,,0,
ricotta cheese (1/4 cup),0,,0,,0,0
hot chocolate (1 cup),0,,0,,0,0
pistachio (garnish),0,,0,,0,0
cheese whiz (2 tbsp),0,,0,,0,0
aji amarillo paste (1 tsp),0,,0,,0,0
"gravy,campbell's,bf,microwavable",0,,0,,0,
cumin (1 tsp),0,,0,,0,0
fish sauce (1 tsp),0,,0,,0,0
raita (2 tbsp),0,,0,,0,0
pickle (1 whole dill),0,,0,,0,0
clam chowder (1 cup),0,,0,,0,0
bell peppers & onions (sautéed),0,,0,,0,0
empanada (beef 1 medium),0,,0,,0,0
espresso (double shot),0,,0,,0,0
chicken breast (4oz roasted),0,,0,,0,0
pesto sauce (1/4 cup),0,,0,,0,0
raisins (1 tbsp),0,,0,,0,0
danish (cheese 1 medium),0,,0,,0,0
chili powder (1 tsp),0,,0,,0,0
"gravy,campbell's,turkey,microwavable",0,,0,,0,
french onion soup (1 cup),0,,0,,0,0
canadian bacon (2 slices),0,,0,,0,0
hard-boiled egg (1 large),0,,0,,0,0
soy milk (original 1 cup),0,,0,,0,0
"beverages,wendy's,tea,rtd,unswtnd",0,,2,,,
"campbell's soup on the go,creamy chick soup",0,,0,,0,
bell pepper (1 medium red),0,,0,,0,0
beets (1/2 cup roasted),0,,0,,0,0
garlic (1/2 clove in pesto),0,,0,,0,0
fish tacos (2 tacos),0,,0,,0,0
stuffed grape leaves (3 pcs),0,,0,,0,0
puff pastry (1 oz wrapper),0,,0,,0,0
root beer (1 can),0,,0,,0,0
dates (2 medium medjool),0,,0,,0,0
naan bread (1 piece),0,,0,,0,0
pad thai (chicken 1.5 cups),0,,0,,0,0
tuna melt,0,,0,,0,0
ribollita (1.5 cups soup),0,,0,,0,0
crab cakes (2 medium),0,,0,,0,0
club soda (2 oz),0,,0,,0,0
campari (1 oz),0,,0,,0,0
scallops (3oz seared),0,,0,,0,0
"margarine-like sprd,benecol lt sprd",0,,4,,0,
shish tawook (2 skewers),0,,0,,0,0
thai iced tea (1 glass),0,,0,,0,0
coffee liqueur (1 oz),0,,0,,0,0
turkey sausage (1 patty),0,,0,,0,0
pancetta (0.5 oz in sauce),0,,0,,0,0
veal parmesan (1 serving),0,,0,,0,0
red cabbage (1 cup raw),0,,0,,0,0
parmigiano-reggiano (1 tbsp),0,,0,,0,0
biryani (chicken 1.5 cups),0,,0,,0,0
chocolate pudding (1/2 cup),0,,0,,0,0
capers (garnish),0,,0,,0,0
turkey chili (1 cup),0,,0,,0,0
lemon juice (1 tsp in soup),0,,0,,0,0
tomato soup (1 can),0,,0,,0,0
chocolate (hershey's bar 1 segment),0,,0,,0,0
seitan (3oz),0,,0,,0,0
horchata (1 cup),0,,0,,0,0
gremolata (1 tbsp),0,,0,,0,0
sweet vermouth (1 oz),0,,0,,0,0
mignonette sauce (1 tbsp),0,,0,,0,0
sauerkraut (1/4 cup side),0,,0,,0,0
lime juice (1 tbsp),0,,0,,0,0
ketchup (1 packet),0,,0,,0,0
cacio e pepe (1.5 cups),0,,0,,0,0
"pace,cilantro chunky salsa",0,,0,,0,
string cheese (1 stick),0,,0,,0,0
pickled cucumber (1/4 cup),0,,0,,0,0
dim sum (siu mai 3 pcs),0,,0,,0,0
beef tacos (2 hard shell),0,,0,,0,0
pecorino romano (1/4 cup),0,,0,,0,0
baguette (slice),0,,0,,0,0
"campbell's, chnky micro bowls,clssc chic noodl,rts",0,,8,,0,
blue cheese (1 oz),0,,0,,0,0
"gravy,campbell's,country style sausage",0,,0,,0,
"pace,chipotle chunky salsa",0,,0,,0,
dark chocolate (1 oz 70%),0,,0,,0,0
arancini (1 large ball),0,,0,,0,0
cream cheese (2 tbsp),0,,0,,0,0
carbonara (1.5 cups),0,,0,,0,0
artichoke (1 medium steamed),0,,0,,0,0
"campbell's red & white,fiesta nacho chs soup,cond",0,,65,,0,
meatball sub (6 inch),0,,0,,0,0
saffron (pinch in risotto),0,,0,,0,0
sugar (1 tsp for cereal),0,,0,,0,0
stale bread (1/2 cup in soup),0,,0,,0,0
panettone (1 slice),0,,0,,0,0
pistachios (1 oz shelled),0,,0,,0,0
"gravy,franco-american,bf,slow rst",0,,0,,0,
dulce de leche (1 tbsp filling),0,,0,,0,0
cottage cheese (1 cup low fat),0,,0,,0,0
coarse salt (garnish),0,,0,,0,0
caprese salad,0,,0,,0,0
mango (1 cup slices),0,,0,,0,0
"healthy request,crm of celery,cond",0,,81,,0,
raspberries (1 cup),0,,0,,0,0
chicken piccata (1 serving),0,,0,,0,0
chutney (mango 1 tbsp),0,,0,,0,0
lomo saltado (1.5 cups),0,,0,,0,0
kimchi jjigae (1 bowl),0,,0,,0,0
turkish coffee (1 small cup),0,,0,,0,0
white wine sauce (1/4 cup),0,,0,,0,0
manakeesh (za'atar 1 small),0,,0,,0,0
silk original creamer,0,,0,,0,
"pace,lime & garlic chunky salsa",0,,0,,5.6,
caramel sauce (1 tbsp),0,,0,,0,0
italian sausage (1 link),0,,0,,0,0
bun (hamburger),0,,0,,0,0
mozzarella (filling 0.5 oz),0,,0,,0,0
white wine (5 oz glass),0,,0,,0,0
beef burrito (large),0,,0,,0,0
gazpacho (1 cup),0,,0,,0,0
"gravy,campbell's,chick,microwavable",0,,0,,0,
tapioca pearls (1/4 cup boba),0,,0,,0,0
"campbell's red & white,chick barley w/",0,,0,,0,
green peas (1/2 cup),0,,0,,0,0
cucumber (1/4 cup side),0,,0,,0,0
pork belly (1 oz in soup),0,,0,,0,0
"campbell's chunky microwavable bwls,chck dmplings soup",0,,8,,0,
gnocchi alla sorrentina (1.5 cups),0,,0,,0,0
marshmallow (1 large),0,,0,,0,0
pita bread (white 1 large),0,,0,,0,0
creamed spinach (1/2 cup),0,,0,,0,0
mint (1 tbsp in tabouli),0,,0,,0,0
honey (1 tbsp),0,,0,,0,0
angostura bitters (dash),0,,0,,0,0
silk french vanilla creamer,0,,0,,0,
tiramisu (1 slice),0,,0,,0,0
greek yogurt (plain 1 cup),0,,0,,0,0
blue cheese dressing (2 tbsp),0,,0,,0,0
vodka (1.5 oz),0,,0,,0,0
saffron (pinch),0,,0,,0,0
trofie pasta (1 cup cooked),0,,0,,0,0
edamame (in pod 1 cup),0,,0,,0,0
"margarita (1 drink, 4oz)",0,,0,,0,0
parsley (1/4 cup in tabouli),0,,0,,0,0
malva pudding (1 slice),0,,0,,0,0
mayonnaise (1 tbsp),0,,0,,0,0
salt (1/4 tsp),0,,0,,0,0
"candies,mars snackfood us,skittles sours original",0.01,,0,,61.1,
"beverages,h2o,btld,non-carbonated,dannon fluoride to go",0.01,,3,,,
"beverages,horchata,as served in restaurant",0.01,,18,,,
hot tea (garam chai),0.02,,14.2,0,0.24,0.86
iced tea,0.02,,1.18,0,1.86,0.4
"tea,herbal,brewed,hohoysi (hopi)",0.03,,5,,,
sweet lassi (meethi lassi),0.03,,45.65,0,0.23,4.07
"frozen novelties,sugar free,creamsicle pops",0.03,,23,,0,
white stock,0.03,,1.58,0.05,0.34,1.38
lassi (salted),0.04,,47.78,0.01,0.24,4.27
nannari sharbat,0.05,,2.67,0,0.89,0.21
kraft breakstone's free fat free sour crm,0.05,,141,,1.2,
meat stock,0.05,,0.86,0,0,0.69
mintade,0.05,,2.1,0.03,1.49,0.82
lemonade,0.05,,1.84,0.01,1.51,0.6
kraft free singles american nonfat past process chs product,0.05,,712,,0.2,
kraft breakstone's red fat sour crm,0.06,,161,,1.1,
instant coffee,0.06,,20.87,0,0.34,1.25
steeped hot coffee,0.06,,10.4,0,0.15,0.63
"lemon juc from conc,btld,real lemon",0.06,,9,,16.6,11
"ice creams,breyers,all nat lt vanilla",0.06,,169,,1.1,
"lemon juc from conc,btld,concord",0.06,,8,,0,4
"sweeteners,for baking,contains sugar & sucralose",0.06,,1,,,
mixed stock,0.07,,2.06,0.05,0.28,1.82
grapes,0.07,,10,,0.9,0
kashmiri tea (kehwa),0.07,,3.19,0.1,0.02,0.32
"soup,swanson,veg broth",0.08,,3,,0.4,0
"ice creams,breyers,98% fat free vanilla",0.09,,122,,0.8,
lem-o-gin,0.09,,2.2,0.1,1.59,0.82
"ice creams,breyers,no sugar added,vanilla",0.09,,133,,0.8,
cold tomato soup,0.1,,4.2,0.52,3.68,2.05
papaya,0.1,,24,,61.8,0
vanilla ice cream without egg,0.1,,81.27,0,1.36,6.15
flavoured milkshake,0.11,,75.05,0,1.27,4.44
peach melba ice cream,0.11,,60.55,0.01,1.31,5.14
"campbell's soup on the go,veg bf soup",0.12,,7,,0,
"margarine, veg oil sprd,70% fat,soybn & part hydr soybn,stk",0.12,,7,,0,1
"dip,old el paso,chs 'n salsa,med",0.12,,81,,0.8,
cucumber,0.12,,16,,2.8,0
rasgulla,0.12,,57.09,0.03,0.79,2.98
"salad drsng,kraft miracle whip free nonfat drsng",0.12,,6,,0,
"campbell's soup on the go,chick & stars soup",0.12,,7,,1.2,
cold coffee with ice cream,0.12,,53.29,0,0.84,3.15
"campbell's soup on the go,creamy broccoli soup",0.12,,13,,0,
"campbell's soup on the go,classic tomato soup",0.12,,0,,11.8,
"campbell's soup on the go,creamy tomato soup",0.12,,13,,9.8,
"campbell's soup on the go,hr chick w/ mini noodles soup",0.12,,7,,0,
mango,0.13,,10,,27.7,0
rasbhari,0.13,,62.58,0.04,0.86,3.27
gulab jamun with milk powder,0.13,,26.13,0.11,0.14,1.51
coco pine cooler,0.13,,17.81,0.07,2.47,2.92
chum chum,0.13,,62.58,0.04,0.86,3.27
dil bahar,0.13,,62.58,0.04,0.86,3.27
"ruby red grpfrt juc blnd (grpfrt,grp,apl),ocean spry,w/vit c",0.14,,10,,49.2,
clementine,0.14,,30,,48.8,0
"dip,tostitos,salsa con queso,med",0.14,,90,,0.6,
american frosting,0.14,,7.05,0.1,0.17,0.53
mandarin-clementine,0.14,,30,,48.8,0
butter icing,0.14,,12.48,0,0,0
cold coffee (with cream),0.14,,64.43,0,1.02,3.8
raw mango drink (aam panna),0.14,,7.08,1.46,16.87,5.23
"clementines,raw",0.14,,30,0,48.8,24
kraft velveeta lt red fat past process chs product,0.14,,574,,0.1,
"campbell's, tomato juc,lo na",0.15,,8,,29.6,
"campbell's red & white - microwaveable bowls,tomato soup",0.15,,8,,2.4,
"campbell's,organic tomato juc",0.15,,8,,29.6,
rasmalai,0.15,,62.31,0.05,0.85,3.56
"campbell's,cheddar chs soup,cond",0.15,,36,,0.2,
"campbell's chunky soups,grilled chick veg & pasta soup",0.15,,8,,0,
"beverages,v8 v-fusion juices,peach mango",0.15,,8,,24.4,3
mango milkshake with ice cream (aam milkshake ice cream ke saath),0.15,,69.36,0.44,4.99,13.64
"campbell's, chnky micro bowl,grlld chic&saus gmbo,rts",0.15,,16,,0,
"campbell's,tomato juc",0.15,,8,,29.6,
"v8 veg juc,lo na v8",0.15,,8,,29.6,
espreso coffee,0.15,,58.1,0,0.95,3.49
"pears,raw,bosc",0.15,,10,,2.8,7
coffee ice cream,0.15,,95.72,0.41,1.3,4.33
campbell's homestyle mexican style chick tortilla soup,0.15,,8,,0,
"campbell's red & white - mcrwveable bowls,creamy tomato soup",0.15,,16,,2.4,
"campbell's chunky soups,grilled chick sausage gumbo soup",0.15,,8,,0,
tangerine,0.15,,37,,26.7,0
mandarin-tangerine,0.15,,37,,26.7,0
"campbell's red & white - microwaveable bowls,veg bf soup",0.15,,0,,0,
mango milkshake (aam milkshake),0.15,,62.33,0.52,5.65,15.1
mango milkshake with ice cream (aam milkshake ice creamâ keâ saath),0.15,,69.36,,16.96,46.37
"sauce,barbecue,open pit,original",0.15,,20,,,
"beverages,v8 v-fusion juices,tropical",0.15,,8,,24.4,3
"sweeteners,sugar sub,granulated,brown",0.16,,879,,,
"fish,cod,pacific,ckd (not previously frozen)",0.16,,17,,0,
cold cucumber cream soup,0.16,,8.02,0.42,3.85,6.49
plum squash (aloo bukhara squash),0.16,,6.9,0.83,0.56,3.57
"campbell's,crm of mushroom soup,cond",0.16,,8,0.2,0.5,
kraft cheez whiz lt past process chs product,0.16,,418,,0.4,
sweetened yogurt (shrikhand),0.17,,183.02,0.09,0.92,16.56
"cabbage, common, cooked",0.17,,48,,37.5,0
canjee,0.17,,5.82,0.38,0.3,2.12
rajbogh,0.17,,63.23,0.05,0.86,3.82
sattu drink,0.17,,1.59,0.05,0,4.77
"fish,cod,pacific,raw (not previously frozen)",0.17,,23,,0,
"squash,indian,raw (navajo)",0.17,,9,,4.5,22
"melons, honeydew",0.17,,6,,18,0
"plums,wild (northern plains indians)",0.17,,11,,10.3,1
plum,0.17,,6,,9.5,0
chicken stock,0.18,,3.57,0.27,0.22,2.71
"cookies,gluten-free,lemon wafer",0.18,,9,,,0
curd dressing,0.18,,194.59,0.16,2.55,18.84
cucumber sharbat (kheere ka sharbat),0.18,,6.49,0.46,2.23,6.15
moong dal with vadi,0.18,,2.99,0.65,2.81,3.18
"salad drsng,spray-style drsng,assorted flavors",0.18,,6,,0.7,
kraft velveeta past process chs sprd,0.18,,466,,0.2,
lemon squash (nimbu ka squash),0.18,,9.85,0,10.46,2.15
"turnips or swede, cooked",0.18,,33,,11.6,0
"glutino,gluten free wafers,lemon flav",0.18,,9,,,0
white sauce (thin),0.19,,110.2,0.18,1.85,6.91
"pears,raw,bartlett",0.19,,9,,4.4,6
cabbage raita (pattagobhi raita),0.19,,118.49,0.09,12.19,23.15
kraft cheez whiz past process chs sau,0.19,,359,,0.4,
pumpkin soup,0.19,,12.17,0.64,3.61,11.22
"ice creams,breyers,no sugar added,french vanilla",0.19,,151,,0.9,
"ice creams,breyers,no sugar added,butter pecan",0.19,,130,,0.9,
pickled cabbage,0.19,,15.96,0.11,6.41,9.09
"pears,raw,red anjou",0.19,,11,,5.2,7
kulfi,0.2,,111.86,0.02,1.87,6.92
cabbage manchurian (pattagobhi manchurian),0.2,,3.18,0.38,3.83,4.08
"celery, raw",0.2,,40,,3.1,0
"campbell's,healthy request,crm of chick soup,cond",0.2,,8,,0.2,
plum jam (aloo bukhara jam),0.2,,7.5,1.6,1.09,6.87
wax gourd,0.2,,4,,13.3,0
"prickly pears,raw (northern plains indians)",0.2,,180,,11,
bottle gourd,0.2,,14,,10,0
milk cake,0.2,,104.94,0,2.79,6.33
"agutuk,fish w/ shortening (alaskan ice cream) (alaska native",0.2,,,,0,
"stew/soup,caribou (alaska native)",0.2,,7,,1.5,3
"salad drsng,kraft mayo lt mayo",0.2,,6,,0.3,
"salad drsng,french,cttnsd,oil,home recipe",0.2,,6,,0,
"beverages,motts,appl juc lt,fort w/ vit c",0.2,,3,,24,
vermicelli porridge (semiya/seviyan porridge),0.2,,72.96,0.16,1.22,4.92
brinjal,0.2,,9,,1,0
saffron milk (kesariya doodh),0.21,,110.88,0.08,1.84,6.84
muskmelon,0.21,,13,,12.3,0
onion,0.21,,23,,7.4,0
"ice creams,breyers,all nat lt french vanilla",0.21,,155,,0.9,
"melons, cantaloupe",0.21,,9,,36.7,0
"onions, raw",0.21,,23,,7.4,0
sweet raita (meetha raita),0.21,,108.91,0.41,2.71,12.97
gingo,0.21,,6.33,0.12,2.88,2.92
green chilli raita (hari mirch ka raita),0.21,,193.58,0.13,4.19,18.36
"margarine sprd,approx 48% fat,tub",0.21,,4,,0,2
mushroom sauce,0.22,,94.1,2.57,1.53,6.98
coffee pear alaska,0.22,,60.61,0.07,1.39,5.53
cauliflower canjee (phoolgobhi ki canjee),0.22,,6.26,0.42,4.4,5.19
tomato puree,0.22,,8.91,11.7,25,15.24
white sauce (medium),0.22,,103.53,0.34,1.72,6.81
"campbell's,98% fat free crm of chick soup,cond",0.23,,11,,0.2,
bottle gourd kheer (ghiya/lauki kheer),0.23,,94.18,0.23,2.32,13.4
phirni,0.23,,104.57,0.01,1.74,7.01
bottle gourd raita (ghiya/lauki ka raita),0.23,,138.26,0.3,3.12,25.87
"glutino,gluten free cookies,vanilla creme",0.23,,11,,,
pear preserves (naashpati ka murabba),0.23,,6.57,1.01,2.63,3.68
"campbell's soup on the go,veg w/ mini rnd noodles soup",0.24,,7,,0.4,
pear chocholate sunday,0.24,,56.67,0.01,1.37,5.22
"onions, cooked",0.24,,22,,5.2,0
tomato fish,0.24,,6.46,2.62,7.76,7.94
watermelon,0.24,,7,,8.1,0
"pears,raw,grn anjou",0.24,,11,,4.4,9
"campbell's soup on the go,healthy request classic tomat soup",0.24,,7,,11.8,
boondi raita,0.24,,49,0.01,0.24,11.5
"campbell's soup on the go,new england clam chowder",0.24,,7,,0,
cabbage kheer (pattagobhi ki kheer),0.24,,102.74,0.05,6.82,13.17
danedar burfi,0.24,,107.53,0.05,2.41,6.97
pumpkin kheer (kaddu ki kheer),0.24,,95.61,0.36,3.01,10.07
"eggplant or aubergine, raw",0.24,,9,,2.2,0
low calorie quick mayonnaise,0.25,,6.47,0.13,0,4.93
peaches,0.25,,6,,6.6,0
mango squash (aam ka squash),0.25,,9.47,1.14,10.14,25.24
curd dip,0.25,,167.17,0.05,2.25,16.34
peach,0.25,,6,,6.6,0
cranberries,0.25,,8,,13.3,0
"usda cmdty peaches,cnd,lt syrup,drnd",0.25,,3,,2.5,8
pasta cheese sauce,0.25,,152.68,0.05,1.54,7.43
pavlova,0.25,,23,0.22,6.57,5.3
pomegranate raita (anaar ka raita),0.25,,138.31,16.46,3.19,16.54
"eggplant or aubergine, cooked",0.25,,6,,1.3,0
baked fish with cheese sauce,0.26,,115.64,0.28,2.82,8.3
bottle gourd soup (ghiya/lauki soup),0.26,,15.14,0.34,2.03,17.87
"onions,swt,raw",0.26,,20,0,4.8,23
"grapes, muscadine, raw",0.26,,37,,6.5,2
paneer pulao,0.26,,33.09,0.11,0.41,8.27
paneer kheer,0.26,,144.66,0.03,1.75,14.45
crunchy butterscotch,0.26,,72.26,0.19,1.14,9.99
fried fish and chips (english style) (tali hui machli aur chips),0.26,,6.56,0.57,3.18,4.54
grapes raita (angoor ka raita),0.26,,134.52,1.86,6.64,14.4
tomato onion raita (tamatar aur pyaaz ka raita),0.26,,120.62,2.85,8.47,19.57
white sauce (thick),0.27,,92.74,0.59,1.5,6.65
"fish,pollock,alaska,raw (not previously frozen)",0.27,,12,,0,
mayonnaise without eggs,0.27,,75.54,0.05,3.11,4.87
"tomatoes, red, ripe, raw",0.27,,10,,13.7,0
"campbell's,crm of chick soup,cond",0.27,,13,,0,
"onions,yel,sauteed",0.27,,20,0,1.8,2
summer cooler,0.28,,8.13,0.14,20.92,12.92
"usda cmdty pears,cnd,lt syrup,drnd",0.28,,5,,0.9,3
nectarine,0.28,,6,,5.4,0
moong dal kheer,0.28,,75.66,0.09,1.25,7.97
"candies,twizzlers nibs cherry bits",0.28,,8,,0,
"frozen novelties,no sugar added creamsicle pops",0.28,,137,,0.4,
chicken kebab,0.28,,3.46,0.38,0.33,3.09
"prego pasta,zesty mushroom italian sau,rts",0.28,,15,,0,
carrot kheer (gajar ki kheer),0.28,,100.12,0.23,2.57,9.66
makhana kheer,0.28,,111.64,0.09,1.82,8.55
guava raita (amarood ka raita),0.28,,136.93,0.85,68.43,21.09
carrot murabba (gajar ka murabba),0.28,,15.86,0.45,2.07,8.01
"okra, cooked",0.28,,77,,16.3,0
"campbell's red&white,chick won ton soup,cond",0.29,,0,,0,
"fish,whitefish,mxd sp,raw (alaska native)",0.29,,,,0,
"campbell's red & white,chick veg soup,cond",0.29,,16,,0,
campbell's homestyle veg medley soup,0.29,,16,,0,
"campbell's,spaghettios,spaghetti in tomato & chs sau",0.29,,8,0,0,32
"sauce,old el paso,enchilada,red,mild,ready to serve",0.29,,6,,0.3,4
"campbell's red & white - mcrwveable bowls,chick noodle soup",0.29,,0,,0,
cucumber raita (kheere ka raita),0.29,,138.58,0.47,3.7,17.63
"campbell's chunky soups,savory pot rst soup",0.29,,8,,0.5,
"campbell's,chnky micro bowls,bf w/ contry veg,rts",0.29,,8,,0.5,
"campbell's chunky soups,healthy reques",0.29,,41,,0,
"campbell's red & white,chick alphabet soup,cond",0.29,,0,,1,
"papaya,cnd,hvy syrup,drnd",0.29,,21,,3.5,
"campbell's red & white,crm of broccoli soup,cond",0.29,,16,,1,
"campbell's red & white,tomato bisque,cond",0.29,,32,,4.8,
"swanson,chick & dumplings",0.29,,16,,0,
"campbell's chunky soups,savory veg soup",0.29,,16,,0,
"campbell's red&white,25% less na tomato soup,cond",0.29,,0,,4.8,
"campbell's homestyle microwaveable bowls,healthy request ita",0.29,,16,,0,
"campbell's red&white,creamy chick noodle soup,cond",0.29,,16,,0,
"cracker barrel,coleslaw",0.29,,34,,14.2,
"campbell's red & white,goldfish pasta w/ chick",0.29,,,,0,
"fish,pollock,alaska,ckd (not previously frozen)",0.29,,13,,0,
thickened sweetened milk (rabri),0.29,,111.87,0.1,1.86,7.4
"campbell's chnky,healthy requst microwavbl ,chick nodle soup",0.29,,8,,1,
"campbell's red & white,chick & stars soup,cond",0.29,,0,,0,
campbell's homestyle harvest tomato w/ basil soup,0.29,,8,,7.3,
guava jelly (amrood ki jelly),0.29,,16.55,1.29,164.62,22.89
"hlthy rqst mcrwvbl bwl,grll chick ssage gmb",0.29,,16,,2.4,
"campbell's red & white,beefy mushroom soup,cond",0.29,,0,,0,
"campbell's red&white,chick & dumplings soup,cond",0.29,,0,,0,
campbell's v8 100% veg juc,0.3,,16,,29.6,
"v8 60% veg juc,v8 v-lite",0.3,,16,,29.6,
"frozen novelties,juc type,popsicle scribblers",0.3,,5,,1.2,
tomato,0.3,,11,,13.7,0
ridge gourd,0.3,,14,,20,0
pomegranate,0.3,,10,,10.2,0
vermicelli kheer (semiya/seviyan ki kheer),0.3,,104.8,0.16,1.74,7.01
paneer soup,0.3,,82.76,0.33,1.24,17.44
turnip,0.3,,30,,20.9,0
"campbell's healthy request,crm of mushroom soup,cond",0.3,,71,,0.1,
fig,0.3,,35,,0.8,0
capsicum,0.3,,7,,128,0
"turnips or swede, raw",0.3,,30,,21,0
"v8 veg juc,hi fiber v8",0.3,,16,,29.6,
"v8 veg juc,essential antioxidants v8",0.3,,16,,49.4,
onion raita (pyaaz ka raita),0.3,,163.8,0.3,5.39,20.53
brown stock,0.3,,17.16,0.04,0.31,1.3
"huckleberries,raw (alaska native)",0.3,,15,,2.8,
gobi 65,0.3,,12.37,0.55,3.21,4.39
bell pepper,0.3,,7,,128,0
cauliflower kheer (phoolgobhi ki kheer),0.3,,101.75,0.19,7.86,12.11
"v8 veg juc,ca enr v8",0.3,,123,,29.6,
carrot,0.3,,33,,3.6,0
"v8 veg juc,organic v8",0.3,,8,,29.6,
cheese toast,0.31,,43.87,0.03,0,4.72
veg manchurian,0.31,,16.79,0.45,7.75,13.61
bread sauce,0.31,,110.72,0.21,2.13,10.32
yam kofta curry (zimikand/suran kofta curry),0.31,,8.35,0.96,4.81,5.79
"campbell's,98% fat free crm of mushroom soup,cond",0.31,,8,,0.1,
fish orly,0.31,,9.55,0.44000000000000006,0.46,4.36
litchis or lychees,0.31,,5,,71.5,0
gooseberries,0.31,,25,,27.7,0
plain khitchdi (plain khichri/khichdi),0.31,,5.05,0.14,0.14,4.56
hot cocoa,0.31,,113.66,0,1.89,7.22
cheese sauce,0.31,,255.14,0.23,1.2,9.28
tomato sauce,0.31,,13,10.83,23.16,15.27
litchi,0.31,,8,,136,0
cumin infused water (jeere/zeere ka pani),0.32,,10.84,0.57,1.07,0.93
baked brinjal in tomato sauce,0.32,,26.24,7.24,15.87,24.14
spaghetti and cheese balls in tomato sauce,0.32,,40.59,2.53,5.97,12.01
cheese balls,0.32,,30.01,0.46,0.01,4.98
"cauliflower, cooked",0.32,,16,,44.3,0
cold cucumber soup (thanda kheere ka soup),0.32,,99.79,0.47,2.69,14.61
kashmiri 'tahar',0.32,,3.93,0.04,0.01,2.44
"beverages,kraft,coffee,inst,french vanilla cafe",0.33,,12,,0,
hot chocolate,0.33,,113.63,0,1.9,7.04
mal pua,0.33,,30.05,0.64,0.45,3.54
ghiya/lauki kofta curry,0.33,,11.64,1.02,3.07,12.22
pumpkin raita (kaddu ka raita),0.33,,130.11,0.6,4.18,18.64
mango murabba candy,0.33,,16.55,2.38,26.12,7.5
sweet peach pickle (aadoo ka achaar),0.33,,11.99,1.25,3.05,3.52
cumin pulao (jeera/zeera pulao),0.33,,7.25,0.1,0.52,5.12
"sauce,barbecue,swt baby ray's,original",0.33,,11,,1.4,
bhatura,0.33,,12.12,0.92,0.03,2.85
"cookies,gluten-free,vanilla sndwch,w/ creme filling",0.34,,14,,,
cabbage kofta curry (pattagobhi kofta curry),0.34,,15.46,0.97,6.11,12.68
"campbell's chunky,healthy request chick noodle soup",0.34,,12,,0.5,
marmalade (murabba),0.34,,9.84,0.11,14.24,6.49
mango raita (aam ka raita),0.34,,136.06,1.49,11.45,37.55
"campbell's chunky,classic chick noodle soup",0.34,,11,,0,
plum chutney (aloo bukhara ki chutney),0.34,,12.38,1.78,1.12,7.26
vanilla ice cream with egg,0.34,,77.42,0.12,1.18,12.13
"radishes, raw",0.34,,25,,14.8,0
"peppers, sweet, green, raw",0.34,,10,,80.4,0
"candies,mars snackfood us,milkywaycaraml,milkchocov",0.34,,141,,0.7,
"usda cmdty pears,cnd,juc pk,drnd",0.34,,9,,0.3,1
paneer kofta curry,0.34,,59.49,0.97,2.43,13.94
lichi squash,0.34,,6.39,0.1,10.4,4.83
"melons, casaba",0.34,,11,,21.8,0
"carrots, cooked",0.34,,30,,3.6,0
"denny's,coleslaw",0.34,,32,,13.2,
semolina kheer (suji/rava kheer),0.34,,105.99,0.37,1.76,7.61
"oil,flaxseed,contains added sliced flaxseed",0.34,,9,,0,
caramel ice cream,0.35,,87.32,0.13,1.2,9.56
"campbell's lo na soups,chick w/ noodles soup",0.35,,7,,0,
"naranjilla (lulo) pulp,frz,unswtnd",0.35,,8,,3.2,3
baked stuffed fish,0.35,,18.8,2.02,2.14,11.02
mango mousse,0.35,,51.38,1.69,15.32,39.67
rambutan,0.35,,22,,20.9,0
tomato ketchup,0.36,,15.33,10.16,21.64,15.85
"ice creams,breyers,no sugar added,vanilla fudge twirl",0.36,,121,,0.7,
semolina carrot vada (suji gajar vada),0.36,,26.47,0.73,0.59,5.75
chilli paneer,0.36,,42.9,0.42,1.64,9.67
fricassee of mushroom,0.36,,84.97,4.07,14.13,13.34
semolina porridge (suji/rava daliya),0.36,,108.52,0.59,1.81,8.17
onion pakora/pakoda (pyaaz ke pakode),0.36,,7.95,0.09,0.79,17.76
fish cutlet (machli ka cutlet),0.36,,10.44,0.27,3,5.46
onion tomato uttapam,0.36,,5.82,1.45,3.43,8.37
dum aloo,0.36,,16.49,0.28,4.38,5.13
semolina milk drink (thari kanji),0.36,,8.26,0.41,2.5,4.5
"squash, summer, zucchini or courgette, includes skin, cooked",0.37,,18,,12.9,0
shahi tukre,0.37,,76.47,0.01,0.84,7.46
"nance,cnd,syrup,drnd",0.37,,42,,10.8,
"squash, summer, zucchini or courgette, includes skin, raw",0.37,,16,,17.9,0
mint raita (pudinay ka raita),0.37,,198.22,0.14,2.81,19.7
"sugar,turbinado",0.37,,12,,,
"campbell's,homestyle chick noodle soup,cond",0.38,,11,,0.1,
sago cutlet/vadas (sabudana cutlet/vadas),0.38,,5.43,0.19,6.35,4.31
fish finger,0.38,,11.38,0.35,3.18,7.85
"guava nectar,cnd,w/ added vit c",0.38,,8,,21.1,3
"nance,frz,unswtnd",0.38,,46,,92.5,8
"frozen novelties,klondike,slim-a-bear vanilla sndwch",0.38,,142,,0.7,
besan kadhi with pakodies,0.38,,24.53,0.39,0.71,13.13
putharekulu,0.38,,6.11,0,0,4.56
vegetarian nargisi kofta curry,0.38,,47.09,0.97,6.83,14.52
"cabbage, savoy, cooked",0.38,,30,,17,0
vegetarian egg kofta curry,0.39,,28.39,0.94,4.8,9.15
mushroom pulao,0.39,,13.54,3.11,0.96,7.47
gulab jamun with khoya,0.39,,67.32,0.19,0.01,10.49
mango ice cream,0.39,,67.17,1.11,9.86,31.2
apricot,0.39,,13,,10,0
cauliflower,0.4,,22,,46.4,0
bitter gourd,0.4,,40,,19.8,0
"fish,devilfish,meat (alaska native)",0.4,,12,,3,
"cabbage, savoy, raw",0.4,,35,,31,0
"mcdonald's,barbeque sau",0.4,,11,,0,8
zucchini,0.4,,21,,16,0
"salmonberries,raw (alaska native)",0.4,,13,,9.2,17
"campbell's healthy request,homestyle chick noodle soup,cond",0.4,,13,,0.6,
radish,0.4,,25,,14.8,0
lemon butter fish,0.4,,18.66,0.57000000000000006,4.35,9.55
"kohlrabi, cooked",0.4,,25,,54,0
"mushrooms,portabella,exposed to uv lt,grilled",0.4,,3,13.1,0,19
cauliflower kofta curry (phoolgobhi kofta curry),0.4,,12.26,1.08,7.59,12.59
"kohlrabi, raw",0.4,,24,,62,0
gum icing,0.4,,18.62,0,0,0
glace icing,0.41,,1.95,0.01,0.66,0.17
"lettuce, iceberg (includes crisphead types), raw",0.41,,18,,2.8,0
"frozen novl,klondike,slim-a-bear,no sgr added,stickless bar",0.41,,289,,1,
classic italian pasta,0.41,,19.55,3.9,8.63,9.62
"mushrooms,shiitake,raw",0.41,,2,0.4,,13
plain pulao,0.41,,12.76,0.28,1.11,7.35
cauliflower pakora/pakoda (phoolgobhi ke pakode),0.42,,8.44,0.16,5.59,19.79
"celery, cooked",0.42,,42,,6.1,0
snow flakes pudding,0.42,,101.33,0.2,1.72,13.36
masala onion pakora/pakoda (pyaaz ke pakode),0.42,,11.06,0.21,1.68,20.78
royal icing,0.42,,2.87,0.17,0.57,0.94
"cauliflower, raw",0.42,,22,,48.2,0
mathri,0.43,,5.23,1.19,0,2.73
hot and sour soup,0.43,,10.68,0.9,6.26,10.13
"peppers, sweet, red, raw",0.43,,7,,127.7,0
durian,0.43,,6,,19.7,0
egg nog,0.43,,102.13,0.22000000000000003,1.59,13.81
"celeriac, cooked",0.43,,26,,3.6,0
yam fried (zimikand/suran fried),0.43,,8.11,0.94,6.27,7.36
paneer pakora/pakoda,0.43,,43.38,0.01,0.01,22.18
"campbell's,chunky micro bowls,old fash veg bf,rts",0.44,,16,,0,
cream horns,0.44,,30.93,1.48,0.43,7.64
"campbell's chunky soups,salisbury steak mushrms onions soup",0.44,,8,,0,
campbell's homestyle hr mexican style chick tortilla,0.44,,16,,0.5,
"campbell's chunky soups,slow rstd bf w/ mushrooms soup",0.44,,8,,0.5,
"campbell's chunky soups,manhattan clam chowder",0.44,,16,,0,
"v8 veg juc,spicy hot v8",0.44,,16,,29.6,
mustard sauce,0.44,,109.03,0.33,1.67,6.65
papdi,0.44,,6.06,1.2,0.02,2.89
ghujia/lavang latika,0.44,,31.01,0.64,0.01,6.44
"campbell's,chunky micro bowls,sirl brger w/cntry veg,rts",0.44,,8,,0,
"campbell's homestyle microwaveable bowls,healthy request mex",0.44,,16,,0.5,
"campbell's chunky soups,grilled sirloin steak hearty veg sp",0.44,,8,,0.5,
"vitasoy usa,vitasoy organic classic original soymilk",0.44,,17,,,17
campbell's homestyle minestrone soup,0.44,,16,,0,
campbell's homestyle lt italian-style wedding soup,0.44,,16,,0,
"campbell's chunky soups,healthy request veg soup",0.44,,24,,0,
campbell's homestyle italian-style wedding soup,0.44,,16,,0,
"soup,bf & veg,red na,cnd,rts",0.45,,17,,,
hot cherry sauce,0.45,,24.82,0.03,3.12,0.87
paaner do pyaza,0.45,,57.22,1.14,7.25,15.37
"vinegar,red wine",0.45,,6,,0.5,
"sage valley,gluten free vanilla sndwch cookies",0.45,,17,,,
thousand island dressing,0.45,,9.11,0.11,11.83,13.54
"peppers, sweet, yellow, raw",0.46,,11,,183.5,0
"peppers, sweet, green, cooked",0.46,,9,,74.4,0
fish pie,0.46,,36.15,0.59000000000000008,8.84,12.12
al yakhani,0.46,,103.88,0.69,2.33,26.19
"peppers, sweet, red, cooked",0.46,,9,,171,0
honey cake,0.46,,50.86,1.23,0.32,6.15
vegeterian scotch egg,0.46,,15.2,0.61,3.75,9.7
bread pakora/pakoda,0.46,,19.83,0,0,17.43
tandoori fish,0.46,,37.27,1.74,8.42,11.79
egg pakora/pakoda (ande ke pakode),0.47,,9.55,0.07,0,18.83
masala green chilli pakora/pakoda (hari mirch kay pakode),0.47,,8.58,0.22,5.59,18.46
chocolate ice cream,0.47,,84.24,0.11,1.1,11.79
triffle pudding,0.47,,48.72,0.36,6.61,9.82
french dressing,0.48,,6.98,0.2,3.19,0.97
"soup,chick mushroom chowder,chunky,rts,single brand",0.48,,,,2,
raw mango chutney (kachhe aam/kairi ki chutney),0.48,,25.92,4.51,50.23,14.68
paneer cutlet,0.48,,107.86,0.19,1,21.2
brinjal bhartha (baingan ka bhartha),0.48,,17.85,2.68,7.38,28.37
"soup,clam chowder,new england,cnd,rts",0.48,,15,,,
soft custard (stirred),0.49,,95.82,0.17,1.45,14.96
"campbell's chunky,creamy chick & dumplings soup",0.49,,16,,0,
spring roll,0.49,,9.51,0.89,4.88,10.19
custard tart,0.49,,57.47,1.52,1.65,7.87
dahi vadas/dahi bhalla,0.49,,49.03,0.66,0.33,10.63
lasagne with meat sauce,0.49,,24.61,1.8,4.52,6.35
taro root,0.5,,33,,4.8,0
"candies,mars snackfood us,pop milky way bite size",0.5,,91,,0.6,
"salad drsng,mayo,soybn oil,wo/salt",0.5,,18,,0,
kiwi,0.5,,34,,92.7,0
"soup,fish,homemade (alaska native)",0.5,,35,,0.3,1
cabbage,0.5,,40,,36.6,0
cream buns,0.5,,45.27,0.89,0.39,11.14
"whale,bowhead,subcutaneous fat (blubber) (alaska native)",0.5,,,,0,
gunjia,0.5,,48.16,0.62,0.29,10.91
mushroom,0.5,,3,,0.5,0
"crustaceans,shrimp,ckd (not previously frozen)",0.51,,70,,,
chicken pakora/pakoda,0.51,,9.08,0.36,0.2,16.73
choux swans,0.51,,44.67,0.89,2.49,10.91
chocochip ice cream,0.51,,73.22,0.11,1.07,12.09
caramel custard (steamed),0.51,,88.12,0.18,1.3,15.17
mayonnaise,0.51,,15.36,0.43999999999999995,0,12.26
spinach pakora/pakoda (palak pakoda),0.52,,10.99,0.02,1.91,24.19
lemon and ginger squash (nimbu aur adrak ka squash),0.52,,11.18,0.82,7.88,3.56
cucumber and yogurt salad (kheere aur dahi ka salad),0.52,,68.49,1,5.85,18.56
pumpkin cookies,0.52,,19.36,1.52,1.48,9.13
"crustaceans,shrimp,raw (not previously frozen)",0.52,,64,,,
rasam with lemon (nimmakaya rasam/nimmakaya charu/elumichai rasam/nimbe hannina saaru),0.52,,15.56,2.79,5,7.33
masala vada,0.52,,7.45,0.63,0.76,11.92
cold vanilla souffle,0.52,,62.47,0.18,0.55,13.01
"ice creams,breyers,all nat lt mint choc chip",0.52,,160,,1.4,
dal moong,0.52,,7.69,0.32,1.03,8.59
"yam, cooked",0.52,,14,,12.1,0
mango cheesecake,0.53,,55.1,1.8,14.31,39.43
charlotte rousse,0.53,,34.95,0.58,9.99,11.35
cold lemon souffle,0.53,,55.03,0.17,3.57,12.88
cajun chicken,0.53,,156.98,0.73,27.13,26.6
queen of pudding,0.53,,78.26,0.24,2.49,14.32
caramel custard (baked),0.53,,90.59,0.19,1.34,15.61
paneer and pea samosa (paneer matar ka samosa),0.53,,64.56,2.12,4.94,19.57
"veal,breast,whl,bnless,ln&fat,raw",0.53,,7,,0,
"udi's,gluten free,soft & delicious white sndwch bread",0.53,,59,,,19
"campbell's chunky soups,old fashioned veg bf soup",0.54,,17,,0,
macroni cheese pie,0.54,,122.01,2.52,6.11,11.77
yam,0.54,,11,,16.8,0
bacon and mushroom pancake,0.54,,44.74,8.5,1.58,12
sweet and sour tomato pickle (khatta meetha tamatar ka achaar),0.54,,15.18,10.48,20.93,16.34
baked custard,0.54,,95.32,0.2,1.42,16.53
whey soup,0.55,,164.92,0.1,1.14,15.09
"prego pasta,diced onion & garlic ital sau,rts",0.55,,31,,0.9,
chenna murki,0.55,,266.85,0.07,0,51.77
avocado,0.55,,12,,10,0
paneer makhana korma,0.55,,72.89,0.21,0.11,15.53
beetroot and egg salad (chukandar aur ande ka salad),0.55,,18.13,0.38,2.7,18.49
"prego pasta,frsh mushroom ital sau,rts",0.55,,15,,1.8,
"prego pasta,mushrm & grlic ital sau,rts",0.55,,15,,0.9,
minced meat samosa (keema ka samosa),0.55,,6.7,0.55,0.61,3.42
"prego pasta,rstd garlic & herb ital sau,rts",0.55,,15,,1.8,
crispy baked fish,0.55,,60.04,3.6,6,16.53
indian lamb and egg curry (nargisi kofta),0.55,,12.91,0.69,1.96,11.35
"prego pasta,rstd garlic parmesan ital sau,rts",0.55,,31,,0.9,
"prego pasta,traditional italian sau,rts",0.55,,15,,1.8,
"prego pasta,chunky garden mushroom italian sau,rts",0.55,,0,,1.8,
"campbell's chunky,new england clam chowder",0.55,,12,,0.4,
"prego pasta,chnky grd mshrm & grn pppr ital sau,rts",0.55,,15,,2.8,
"prego pasta,heart smart- traditional s",0.55,,15,,1.8,
hot lemon souffle,0.55,,48.77,0.92,10.64,17.04
lemon green chilli pickle (nimboo aur hari mirch ka achaar),0.55,,20.05,0.5,36.87,7.93
spaghetti with paneer balls and tomato sauce,0.55,,80.73,3.78,8.89,19.84
"prego pasta,chunky garden comb italian sau,rts",0.55,,15,,1.8,
carrot raita (gajar ka raita),0.55,,146.72,0.66,4.92,20.3
"candies,twizzlers cherry bites",0.55,,12,,0,
fried fish (indian style) (tali hui machli),0.56,,11.11,0.29000000000000004,2.04,9.96
tartare sauce,0.56,,21.06,0.33,8.08,20.88
campbell's homestyle new england clam chowder,0.56,,14,,0,
"restaurant,family style,hash browns",0.56,,17,,0,23
lemon souffle,0.56,,59.81,0.18,5.44,13.55
paneer lababdar,0.56,,55.56,2.64,7.19,14.81
"cabbage, common, raw",0.56,,47,,51,0
"denny's,hash browns",0.56,,17,,0,23
pea kofta curry (matar kofta curry),0.56,,13.84,3.34,9.57,16.54
"van's,gluten free,totally original waffles",0.56,,48,,,8
"mcdonald's,hash brown",0.56,,19,,5.6,12
egg cutlet (anda cutlet),0.56,,16.22,0.29000000000000004,5.45,10.84
crispy okra/crispy lady's fingers (karare bhindi),0.56,,27.61,1.76,5.29,26.27
"pumpkin, cooked",0.57,,15,,4.7,0
"sauce,pesto,buitoni,pesto w/ basil,rts,refr",0.57,,306,,0,16
"campbell's red & white,phineas & ferb soup,cond",0.57,,16,,0,
"campbell's red & white,vegetarian veg soup,cond",0.57,,16,,0,
"campbell's red & white,chick noodleo's soup,cond",0.57,,,,0,
"sauce,pesto,rts,refr",0.57,,306,,0,16
"campbell's red & white,bf noodle soup,cond",0.57,,0,,0,
"radicchio, raw",0.57,,19,,8,0
spinach chickpeas cutlet (palak channa dal cutlet),0.57,,11.3,0.12000000000000001,4.93,14.97
"campbell's red & white,bf w/ veg & barley soup,cond",0.57,,0,,0,
"candies,nestle,after eight mints",0.57,,13,,0,
"campbell's red & white,italian style w",0.57,,32,,0,
"campbell's red & white,new england clam chowder,cond",0.57,,16,,0,
"campbell's red & white,scooby-doo soup,cond",0.57,,16,,0,
"campbell's red & white,mega noodle in chick broth,cond",0.57,,0,,0,
"campbell's red & white,veg soup,cond",0.57,,16,,,
"healthy request,veg soup,cond",0.57,,16,,,
"campbell's red & white,manhattan clam chowder,cond",0.57,,16,,1,
cauliflower au gratin,0.57,,119.69,0.68,14.91,20.68
"campbell's red & white,double noodle in chick broth sop,cond",0.57,,0,,0,
"candies,mars snack us,pop'ables 3 musketeers bite size",0.58,,60,,0.4,
"parsnips, cooked",0.58,,37,,13,0
"prego pasta,orgnic tomato & basil ital sau,rts",0.58,,32,,4.8,
mango vanilla custard,0.58,,84.86,0.84,7.9,24.2
"prego pasta,heart smrt- ricotta pmesan itln sau,rts",0.58,,48,,1.9,
khaman (dhokla),0.58,,5.31,0.24,2.19,16.29
"prego pasta,organic mushroom italian sau,rts",0.58,,16,,3.8,
"prego pasta,tomato,basil & garlic ital sau,rts",0.58,,16,,1,
"prego pasta,chnky grdn tmto,on & grlic ital sau,rts",0.58,,16,,2.9,
cream puffs,0.58,,37.93,1.08,0.28,12.15
vanilla souffle,0.58,,70.6,0.19,0.6,14.12
"prego pasta,ital sausge & garlic ital sau,rts",0.58,,16,,1,
"prego pasta,h st- rstd red pr grlic itlian sau,rts",0.58,,16,,1.9,
cheese and mushroom tart,0.59,,100.97,3.89,9.71,11.83
"ice creams,breyers,no sugar added,choc caramel",0.59,,121,,0.7,
rasam with tamarind (puli rasam/ chintapandu rasam/ charu/saaru),0.59,,16.56,3.02,4.43,7.36
stuffed round gourd (bharwa tinde),0.59,,20.21,4.97,15.05,28.63
campbell's homestyle lt new england clam chowder,0.59,,8,,0,
fish souffle,0.59,,63.87,0.72,0.82,15.32
"campbell's chunky soups,split pea 'n' ham soup",0.59,,8,,1,
"campbell's,tomato soup,cond",0.59,,13,,4.8,
"campbell's chunky soups,bf w/ country veg soup",0.59,,8,,0,
khasta kachori,0.59,,7.84,1.33,0.85,6.34
"hormel always tender,bnless pork loin,frsh pork",0.6,,4,,1.3,
"campbell's,25% less na chick noodle soup,cond",0.6,,12,,0,
beetroot poori (chukandar ki poori),0.6,,5.38,1.75,0.28,9.18
ginger,0.6,,16,,0.7,0
lemon curd filling,0.6,,16.39,0.21,2.55,12.85
"sea cucumber,yane (alaska native)",0.6,,30,,,
"campbell's,veg bf soup,cond",0.6,,13,,1.2,
"pace,enchilada sau",0.6,,,,2,
chikoo,0.6,,12,,14.7,0
scotch egg,0.6,,15.03,0.22,0.76,8.94
chocolate pudding,0.6,,64.56,0.06,0.45,10.91
lemon,0.6,,26,,53,0
"hormel always tender,cntr cut chops,frsh pork",0.6,,14,,1.7,
poori,0.6,,3.98,1.72,0,3.74
"hormel always tender,pork loin filets,lemon garlic-flavored",0.6,,6,,1.7,
tinda,0.6,,29,,25,0
"ginger root, raw",0.6,,16,,5,0
thandai,0.6,,112.31,0.54,1.44,7.18
lime,0.6,,33,,29.1,0
mcdonald's bacon ranch salad w/ crispy chick,0.61,,46,,9.7,
"artichokes, cooked",0.61,,21,,7.4,0
lemon chiffon pie,0.61,,34.43,1.6700000000000002,1.34,9.65
eggless cake,0.61,,212.97,1.66,2.22,12.43
stuffed capsicum (bharwa shimla mirch),0.61,,15.17,0.52,59.16,30.56
split bengal gram burfi/fudge (channa dal burfi),0.62,,16.44,0.01,0.98,39.64
"plantains,yel,fried,latino restaurant",0.62,,6,,,
tutti frutti cake,0.62,,61.41,2.06,0.22,9.01
shahi paneer,0.62,,125.38,4.9,11.89,30.3
blackberries,0.62,,29,,21,0
stuffed tomatoes (bharwa tamatar),0.62,,59.16,8.16,20.83,27.61
chicken and cheese souffle,0.63,,61.71,0.59,1.23,14.72
pumpkin halwa (kaddu ka halwa),0.63,,24.34,1.08,5.21,17.99
fish pakora/pakoda,0.63,,12.65,0.13,0.2,16.09
minced meat cutlet,0.63,,20.82,0.13,0.78,3.8
onion tomato baghar (pyaaz tamatar ka tadka),0.63,,20.45,4.68,15.89,20.2
savoury cheese horns,0.63,,121.83,1.65,3.12,11.51
coleslaw,0.63,,37,0.74,15.07,27.53
peas brinjal bhartha (matar baingan bhartha),0.63,,19.63,3.58,10.65,31.52
methi chaman,0.63,,60.57,0.17,6.32,14.16
"raspberries,wild (northern plains indians)",0.64,,36,,26.4,5
fried chicken with tomato sauce (fried chicken tamatar ki chutney kay saath),0.64,,16.09,4.49,8.71,14.07
silk key lime soy yogurt,0.64,,176,,17.6,
cheese and tomato pancake,0.64,,127.51,4.3,8.81,14.99
mutton chops,0.64,,36.18,0.07,1.07,4.77
washed moong dal (dhuli moong ki dal),0.64,,8.48,0.28,0.02,10.1
silk black cherry soy yogurt,0.64,,176,,17.6,
silk peach soy yogurt,0.64,,176,,17.6,
chicken lasagne,0.64,,119.98,0.43,0.82,11.86
"mcdonald's,swt 'n sour sau",0.64,,6,,1.2,0
green chilli sauce,0.64,,9.89,1.15,34.84,8.57
boiled egg (ubla anda),0.64,,17.75,0.37,0,16.4
semolina halwa (suji ka halwa),0.65,,11.77,1.46,0.03,4.99
sprouted moong pulao,0.65,,16.26,0.38,1.85,10.58
"mcdonald's,bacon ranch salad w/ grilled chick",0.65,,48,,10.2,
"chick-fil-a,hash browns",0.65,,22,,6.2,13
egg sauce,0.65,,89.49,0.47,1.27,17.98
lotus stem kofta curry (kamal kakdi kofta curry),0.65,,19.31,0.95,5.28,7.9
kadhai paneer,0.65,,91.53,4.08,26.98,36.81
spinach khichri (palak khichri/khichdi),0.65,,10.43,0.19,2.02,18.74
chilli chicken,0.66,,12.97,2.11,14.27,13.33
stuffed bottle gourd (stuffed ghiya/lauki),0.66,,71.83,0.53,2.54,26.17
"cabbage, red, cooked",0.66,,42,,34.4,0
pizza,0.66,,77.23,6.92,14.43,29.46
lemon meringue pie,0.67,,16.79,1.2000000000000002,3.25,11.14
"plantains,grn,fried",0.67,,4,,3.4,15
"froz novelties,ice type,sugar free,ornge,chry,& grp popsicle",0.67,,0,,10.4,
gram flour and semolina chilla/cheela/savory pancake (besan suji chilla/cheela),0.67,,12.13,0.57,2.53,23.14
"broccoli, cooked",0.67,,40,,64.9,0
gram flour halwa (besan halwa),0.67,,77.42,0.22,1.12,34.75
shahi keema kofta curry,0.67,,14.51,1.59,3.4,5.6
cold chocolate souffle,0.68,,62.91,0.17,0.54,13.36
"candies,mars snackfood us,snickers cruncher",0.68,,90,,0.5,
idli,0.68,,8,0.84,0,11.77
spinach paneer kofta curry (palak paneer kofta curry),0.68,,37.71,0.91,6.21,25.96
chocolate eclairs,0.68,,34.21,0.92,0.24,10.84
ginger candy (adrak ki candy),0.68,,10.43,1.28,1.7,3.38
paneer shaslik/tikka,0.68,,123.86,3,24.55,39.84
dry arbi (sookhi arbi),0.68,,22.77,1.32,4.04,16.33
whole moong (moong ki dal),0.68,,13.58,1.73,3.22,16.17
lemon cookies,0.69,,72.04,1.76,0.96,6.88
pancake,0.69,,79.49,1.6700000000000002,1.19,12.84
"chokecherries,raw,pitted (northern plains indians)",0.69,,60,,5.5,2
kesari bath,0.69,,7.7,1.41,0,4.84
"cracker barrel,steak fries",0.69,,19,,0.9,29
fermented bamboo shoot pickle (mesu pickle),0.69,,16.62,0.39,14.59,16.98
"campbell's,red & white,chick noodle soup,cond",0.69,,6,,,
"campbell's,spaghettios,mini bf ravioli in meat sau",0.69,,15,0,0.5,23
methi pakora/pakoda (methi ke pakode),0.69,,23.07,0.15,3.67,19.99
poshtik cutlet,0.69,,14.94,0.38,6.82,18.13
"campbell's healthy request,chick noodle soup,cond",0.69,,12,,0.3,
"sauce,barbecue,bull's-eye,original",0.69,,43,,0.3,
fish sandwich,0.69,,47.28,0.14,1.49,15.07
hot fish souffle,0.7,,58.18,0.63,0.66,19.35
"celeriac, raw",0.7,,43,,8,0
mango malpua,0.7,,10.64,2.76,9.68,28.17
broccoli,0.7,,47,,89.2,0
saunth/sonth chutney with ginger,0.7,,15.17,0.06,0.01,1.54
"cloudberries,raw (alaska native)",0.7,,18,,158,
"kashi,chick florentine,frz entree",0.7,,52,,4.4,
"heinz,weight watcher,choc eclair,frz",0.7,,48,,0,
"candies,nestle,crunch bar&dssrt topping",0.7,,100,,0.5,
"van's,gluten free,totally original pancakes",0.7,,39,,,9
broccoli delight,0.71,,26.99,0.61,39.6,48.94
"burger king,hash brown rounds",0.71,,15,,4.3,13
"campbell's,spaghettios raviolios bf ravioli in meat sau",0.71,,16,0.4,0,24
spaghetti with meat balls and tomato sauce,0.71,,40.82,3.36,7.93,11.34
"restaurant,family style,onion rings",0.71,,21,,,14
gram flour poori (besan poori),0.71,,7.09,1.58,0,14.83
bread roll,0.71,,44.83,0.58,5.61,12.97
chocolate souffle,0.71,,71.55,0.19,0.59,14.48
urad sabut special,0.71,,21.45,4.15,6.44,18.22
"frz nvl, klondike,slim-a-bear fudg br,98% ft fr,no sgr added",0.71,,138,,0.9,
"sauce,pesto,classico,basil pesto,rts",0.71,,166,,0,29
"snacks,yucca (cassava) chips,salted",0.72,,52,,,
"candies,mars snackfood us,pop snickers bite size candies",0.72,,96,,0.5,
washed urad dal (dhuli urad ki dal),0.72,,10.24,1,0.33,10.27
"vinegar,balsamic",0.72,,27,,0,
"denny's,french fr",0.72,,14,,1.6,15
sev (omapodi/karapusa),0.72,,13.95,0.04,0,43.29
pearl millet mathri (bajra mathri),0.72,,4.63,0.47,0,10.72
sesame toast,0.72,,43.44,1.03,11.08,14.2
"campbell's, chnky micro bowl,new engl clm chow,rts",0.73,,33,,0,
"broccoli, raw",0.73,,47,,89.2,0
garlic soup,0.73,,60.55,0.27,7.72,15.17
"cracker barrel,onion rings,thick-cut",0.73,,19,,,14
"campbell's chunky soups,grilled steak- steak chili w/ bns",0.73,,16,,0.5,
"fennel, raw",0.73,,49,,12,0
"burger king,french fr",0.73,,17,,2.2,
apricot fool,0.73,,26.37,1.06,0.64,5.02
masala souffle,0.74,,103.68,0.4,25.77,24.5
jam tart,0.74,,12.23,2.79,0,6.74
"denny's,onion rings",0.74,,22,,,13
"carrabba's italian grill,spaghetti w/ pomodoro sau",0.74,,17,,1,32
shammi kebab,0.75,,13.11,0.24,0.96,12
"frozen novelties,klondike,slim-a-bear choc cone",0.75,,125,,0.6,
milk cookies,0.75,,251.59,2.43,1.63,15.65
gravy for kofta,0.75,,39.65,4.79,12.25,19.82
stuffed brinjal (bharwa baingan),0.75,,24.37,0.99,2.04,30.89
"rudi's,gluten-free bakery,original sndwch bread",0.76,,24,,,
carrot halwa (gajar ka halwa),0.76,,106.94,0.93,3.89,26.7
shepherd's pie (vegetarian),0.76,,85.59,2.58,19.09,33.41
buttermilk biscuit,0.77,,67.16,3.34,0,8.74
peas kachori (matar kachori),0.77,,14.25,3.99,9.35,15.19
chicken and tomato towers,0.77,,17.54,5.05,21.47,18.74
green tomato pickle (haray tamatar ka achaar),0.77,,14.22,1.32,12.91,11.25
black channa pulao/ bengal gram pulao (kale chane ka pulao),0.77,,16.51,0.46,2.04,22.26
macaroni salad,0.77,,35.7,0.23,13.75,21.54
vegetarian club sandwich,0.77,,122.44,3.27,7.24,21.16
methi malai paneer,0.77,,183.96,1.77,7.03,38.2
mixed dal,0.78,,11,0.59,0.37,13.55
whole urad (urad ki dal),0.78,,13.07,2.85,3.03,15.21
"udi's,gluten free,classic french dinner rolls",0.78,,82,,,
peas pulao (matar pulao),0.78,,18.18,4.32,13.22,23.43
"burger king,onion rings",0.78,,115,,1.4,
"candies,heath bites",0.78,,86,,0.8,1
broccoli chicken ala king,0.78,,73.36,0.31999999999999995,33.8,44.67
roast chicken,0.79,,13.61,1.32,0.23,9.86
paneer patties,0.79,,129.9,2.75,3.28,31.04
cheese noodle ring,0.79,,99.3,2.25,6.09,23.84
masala dosa,0.79,,15.58,1.48,6.75,17.05
"beetroots or beets, cooked",0.79,,16,,3.6,0
dal dhokli,0.79,,14.54,1.35,0.82,13.46
spinach poori (palak poori),0.79,,10.02,1.61,2.24,14
"sauce,barbecue,kraft,original",0.79,,47,,0.2,
"vitasoy usa azumaya,silken tofu",0.8,,66,,,
"kashi,lemongrass cocnt chick,frz entree",0.8,,205,,14,
"cress, garden, cooked",0.8,,61,,23,0
okra,0.8,,77,,21.1,0
"cabbage, chinese or pak-choi, raw",0.8,,105,,45,0
"kashi,swt & sour chick,frz entree",0.8,,22,,17,
"sourdock,young leaves (alaska native)",0.8,,2,,68,
"beetroots or beets, raw",0.8,,16,,4.9,0
"pumpkin, raw",0.8,,21,,9,0
pumpkin,0.8,,21,,9,0
"kashi,southwest style chick,frz entree",0.8,,14,,8,
"kashi three chs penne,frz,unprep",0.8,,89,0,0,
beetroot,0.8,,16,,1.6,0
"hormel,cure 81 ham",0.8,,4,,1.6,
"cabbage, red, raw",0.8,,45,,57,0
"mcdonald's,french fr",0.8,,19,,5.6,
paneer curry,0.81,,189.06,3.37,9.9,47.23
mushroom matar,0.81,,21.42,10.34,14.89,20.57
methi poori,0.81,,14.61,1.74,2.24,6.51
"beef,aust,imp,wagyu,external fat,aust. marble score 9,raw",0.81,,4,,0,
pasta salad,0.81,,66.74,1.91,17.98,26.21
curd mint dip,0.82,,172.79,0.48,9.96,23.74
pasta hot pot,0.82,,55.28,1.66,7.07,13.39
creamy chicken,0.82,,50.37,1.1099999999999999,3.43,15.01
cheese and tomato sandwich (toasted) (cheese aur tamatar ke sandwich (toasted)),0.82,,169.22,3.99,8.34,19.12
cheese patties,0.82,,126.41,2.74,3.24,30.23
bread upma,0.82,,45.22,1.9,4.37,14.86
cauliflower musallam (phoolgobhi musallam),0.83,,24.61,3.03,33.08,35.56
"prego pasta,flav w/ meat ital sau,rts",0.83,,15,,1.8,
appam,0.83,,6.36,0.09,1.68,18.05
"prego pasta,garlic supreme ital sau,rts",0.83,,31,,0.9,
choux pastry,0.83,,19.43,1.57,0,15.78
spinach kofta curry (palak kofta curry),0.83,,29.31,0.88,7.94,31.12
urad special dehusked,0.83,,16.4,2.15,6.54,20.46
hot cheese souffle,0.83,,169.17,0.53,0.81,22.56
"endive, raw",0.83,,52,,6.5,0
flaky pastry,0.83,,9.28,3.05,0,7.35
hariyali fish tikka,0.83,,34.86,1.24,6.22,15
dal stuffed poori,0.83,,6.88,2.1,0.36,6.44
"prego pasta,mini meatball ital sau,rts",0.83,,15,,1.8,
peas poori (matar ki poori),0.84,,8.96,3.77,5.5,12.18
"candies,hershey,kit kat big kat bar",0.84,,138,,1.3,3
jal jeera,0.84,,24.72,1.33,1.59,3.2
"ice creams,breyers,98% fat free choc",0.84,,126,,0.7,
sweet couscous dessert,0.84,,30.94,10.42,14.81,12.66
shepherd's pie (with minced meat),0.84,,21.3,0.19,10.31,11.21
mushroom and cheese sandwich (toasted),0.84,,172.35,6.86,0,16.77
steamed cake with chocolate sauce,0.85,,67.76,0.79999999999999993,0.76,10.84
bengal fish curry (bengali machli curry),0.85,,44.44,1.38,3.02,14.96
paneer in butter sauce,0.85,,170.59,4.28,11.49,41.32
"candies,reese's bites",0.85,,112,,0.8,42
"candies,mars snackfood us,snickers almond bar",0.85,,132,,0.7,
"ice creams,breyers,all nat lt french choc",0.85,,158,,1,
sour lentils (khatti dal),0.85,,8.29,0.58,0.52,6.2
kashmiri mutton koftas (gushtaba),0.85,,52.53,0.32,1.06,7.39
spring basket salad,0.85,,45.65,6,33.71,52.16
silk vanilla soy yogurt (single serving size),0.85,,176,,17.6,
kumquat,0.86,,62,,43.9,0
victorian sandwich cake,0.86,,36.25,1.5999999999999999,0.12,13.51
club sandwich,0.86,,115.68,1.91,6.83,19.82
tossed salad,0.86,,32.37,1.07,25.13,29.23
sago khitchdi/khichri (sabudana khitchdi/khichri),0.86,,15.13,1.06,4.94,12.6
"campbell's red & white,minestrone soup,cond",0.86,,16,,0,
"healthy request,minestrone soup,cond",0.86,,32,,0,
sprouted moong raita,0.86,,139.44,0.05,2.35,17.68
"candies,mars snackfood us,m&m's crispy choc candies",0.86,,90,,0.5,
"prego pasta,mushrm & parmesan italian sau,rts",0.86,,48,,1,
cheese pudding,0.87,,226.11,0.27,0.25,50.13
tomato chicken,0.87,,21.24,6.1899999999999995,13.91,13.73
"soup,sirloin burger w/veg,rts,single brand",0.87,,,,,
"tomato products,cnd,sau,w/herbs&chs",0.87,,37,0,10,8
chicken curry,0.87,,27.29,3.5999999999999996,6.77,15.61
tomato sandwich (grilled),0.88,,150.9,4.78,11.61,21.95
okra/lady's fingers fry (bhindi sabzi/sabji/subji),0.88,,67.88,5.57,17.48,51.27
sprouted moong dal chat,0.88,,16.54,2.67,15.12,16.81
"sauce,pesto,rts,shelf stable",0.88,,173,,0.1,27
"beef,australian,imp,grass-fed,seam fat,raw",0.89,,3,,0,
arhar with spinach (arhar dal aur palak),0.89,,21.81,0.35,4.66,26.26
shahi chicken masala,0.89,,82.68,1.54,2.84,18.74
chicken chowmein,0.89,,26.1,0.77,24.68,29.7
"andrea's,gluten free soft dinner roll",0.89,,41,,,31
creamed spinach and mushroom,0.9,,65.49,1.95,8.13,39.33
hormel canadian style bacon,0.9,,6,,1.4,
dates,0.9,,39,,0.9,0
chilli,0.9,,13,,242.5,0
"kale, cooked",0.9,,72,,41,0
"restaurant,italian,spaghetti w/ pomodoro sau (no meat)",0.9,,15,,1.1,29
chicken stew,0.9,,31.53,2.56,7.04,12.23
tandoori chicken,0.9,,44.33,1.16,2.74,12.68
"pace,traditional refried bns",0.9,,33,,0,
"pace,salsa refried bns",0.9,,33,,0,
"dates,medjool",0.9,,64,0,0,15
"dates, medjool",0.9,,64,,0,0
penne platter,0.9,,67.67,1.53,6.25,23.02
vitasoy usa  organic nasoya silken tofu,0.9,,75,,,
bread and butter pudding,0.9,,105.54,0.32,1.28,17.38
"pace,spicy jalapeno refried bns",0.9,,33,,0,
"candies,nestle,chunky bar",0.9,,100,,0,
"kashi pesto pasta primavera,frz,unprep",0.9,,65,0,7,
"cattail,narrow leaf shoots (northern plains indians)",0.91,,54,,0.7,3
"candies,symphony milk choc bar",0.91,,251,,2.2,
"asparagus, cooked",0.91,,23,,7.7,0
"beef,australian,imp,wagyu,seam fat,aust. marble score 9,raw",0.91,,2,,0,
stuffed egg omelette/omlet,0.91,,89.91,3.53,3.16,26.8
lemon cake,0.91,,32.77,1.71,4.01,14.75
stuffed bittergourd (wet) (bharwa karele),0.91,,17.25,1.21,29.99,40.3
"restaurant,family style,french fr",0.91,,17,,1.1,15
"candies,york peppermint pattie",0.92,,11,,0,
cottage cheese pie,0.92,,108.05,5.13,10.65,36.55
"soup,split pea w/ ham,chunky,red fat,red na,rts,single brand",0.92,,,,4.2,
chocolate meringue pie,0.92,,55.98,1.02,0.68,12.59
cauliflower basket,0.92,,100.19,1.08,29.63,36.64
sweet plain biscuit,0.92,,42.88,2.69,0.23,11.92
butter chicken,0.92,,25.28,4.21,11.86,14.84
black forest pastry,0.92,,44.15,1.48,0.98,17.46
"wendy's,french fr",0.93,,16,,3.8,
minced meat patties,0.93,,19.23,1.6099999999999999,1.21,12.61
"veal,australian,fat,raw",0.93,,2,,0,
bottle gourd burfi (ghiya/lauki burfi),0.93,,215.85,0.3,1.5,47.22
vermicelli upma (semiya/seviyan upma),0.93,,20.3,2.51,4.37,11.89
chicken yakhni,0.93,,28.24,1.06,0.04,5.25
chicken sweet and sour,0.93,,21.98,1.22,6.73,8.92
handi chicken,0.93,,26.85,1.03,0.64,8.82
hot vanilla souffle,0.93,,63.2,0.65,0.71,22.59
keema pancake,0.93,,40.96,2.1599999999999997,4.2,11.08
assorted pastry,0.94,,47.2,1.31,0.31,19.43
"candies,york bites",0.94,,10,,0,0
"sauce,sofrito,prep from recipe",0.94,,20,,20.4,43
cabbage rolls (curry) ((pattagobhi rolls)(curry)),0.95,,29.82,0.59,18.48,23.38
cream of tomato soup,0.95,,39.61,5.2,11.51,9.52
chocolate eggless cake,0.95,,185.38,0.78,2.33,12.84
whole moth (moth ki dal),0.95,,18.98,2.31,3.22,34.05
kabuli channa curry,0.95,,32.03,2.13,4.56,26.18
lemon chicken,0.95,,17.4,1.32,3.12,10.89
whole masoor (masoor ki dal),0.95,,12.2,3,3.22,14.07
green chickpeas pulao (choliya pulao/hare chane ka pulao),0.95,,18.94,0.24,1.52,84.14
"prairie turnips,bld (northern plains indians)",0.95,,103,,2,
"beef,australian,imp,grass-fed,external fat,raw",0.95,,6,,0,
roasted cauliflower steak,0.95,,24.47,1.29,43.9,42.84
ginger chicken,0.96,,18.41,2.16,13.01,16.75
garlic chickpea soup (lahasun aur chane ka shoraba),0.96,,13.93,1.42,4.16,119.6
christmas star biscuit,0.96,,22.75,1.98,0.01,7.25
plain urad dal vada (uzunne vada/minapa garelu/ulundu vadai/medu vada),0.96,,10.6,1.6,0,16.88
creamy chocolate mousse,0.96,,45.25,0.21,0.37,16.31
"candies,reese's,fast break,milk choc pnt btr & sft nugts",0.96,,61,,0.4,39
tomato chutney (tamatar ki chutney),0.96,,25.34,6.56,14.29,10.87
bathua poori,0.96,,30.83,2.1,5.02,9.65
"lettuce, cos or romaine, raw",0.97,,33,,4,0
rich chocolate mousse,0.97,,54.59,0.2,0.33,15.03
"beef,aust,imp,wagyu,seam fat,aust. marble score 4/5,raw",0.97,,2,,0,
"sorghum flr,refined,unenr",0.97,,6,,0.6,
pav bhaji,0.97,,24.86,2.51,13.16,29.34
pea mushroom curry (matar mushroom),0.97,,22.7,10.79,21.07,30.47
danish cookies,0.98,,15.97,3.35,0,8.08
shahi suji halwa,0.98,,18.64,2.35,0.02,7.58
"t.g.i. friday's,french fr",0.98,,19,,1.1,
cabbage rolls (dry) ((pattagobhi rolls) (dry)),0.98,,31.54,0.72,15.26,22.86
"lamb,australian,imp,frsh,seam fat,raw",0.98,,6,0,0,
"olive garden,spaghetti w/ pomodoro sau",0.98,,11,,1.2,27
lemon tart,0.98,,24.03,2.14,4.89,16.88
chicken pulao,0.98,,32.25,0.37,0.67,5.79
cheese and chilli sandwich,0.99,,113.79,0.24,22.06,28.95
watercress sandwich,0.99,,98.16,0.35,4.13,22.43
"sauce,pesto,mezzetta,napa valley bistro,basil pesto,rts",0.99,,202,,0.2,26
masala arbi,0.99,,32.08,0.31,1.63,17.32
chicken sandwich (toasted),0.99,,99.99,0.72,15.17,24.22
split bengal gram with bottle gourd (channa dal with ghiya/lauki),0.99,,14.33,1.84,5.45,32.43
"veal,australian,shank,fore,bone-in,ln & fat,raw",0.99,,15,,0,
black currant,1,,55,,181,0
cheese and tomato sandwich (cheese aur tamatar ke sandwich),1,,191.2,2.65,5.42,20.91
"kashi,tuscan veggie bake,frz entree",1,,28,,4,
"beef,aus,imp,wagyu,external fat,aust. marble score 4/5,raw",1,,2,,0,
"currants, red and white",1,,33,,41,0
groundcherries or cape gooseberries,1,,9,,11,0
"kashi,chick pasta pomodoro,frz entree",1,,61,,6,
poshtik khichdi/khichri,1,,30.41,1.64,7.15,18.16
"turkey pot pie,frz entree",1,,,,0,
"fish,lingcod,liver (alaska native)",1,,5,,0,
"smart soup,french lentil",1,,23,,0,
"veal,australian,shank,fore,bone-in,ln,raw",1,,16,,0,
masala urad dal vada,1,,11.87,1.64,2.39,18.57
"smart soup,moroccan chick pea",1,,23,,0,
"keebler,fudge shoppe,fudge stripes,mini",1,,,,,76
"smart soup,greek minestrone",1,,21,,0,
"hormel always tender,pork tenderloin,teriyaki-flavored",1,,7,,2.7,
"cranberries,wild,bush,raw (alaska native)",1,,20,,15,
green gram whole with baghar (sabut moong dal with tadka),1,,25.04,0.8,0.21,20.06
cheese and mushroom omelette/omlet,1.01,,148.77,5.3,0.37,25.02
minced meat ball curry,1.01,,23.84,2.66,5.53,9.08
semolina burfi (suji/rava burfi),1.01,,14.86,2.3,0,6.86
avial,1.01,,31.9,2.23,28.25,32.27
plain cream cake,1.02,,41.95,1.94,0.14,16.27
shishu ahar,1.02,,13.78,0.21,0,13
cucumber sandwich (kheere ka sandwich),1.02,,87.84,0.62,2.51,21.34
sweet lemon pickle (neembu ka meetha achaar),1.02,,42.57,0.71,22.19,5.18
short crust pastry,1.02,,16.9,3.85,0,9.31
"candies,mars snackfood us,snickers munch bar",1.02,,54,,0,
"wasabi, root, raw",1.03,,128,,41.9,0
carrot cake (gajar ka cake),1.03,,156.1,2.71,3.12,17.07
ice box cookies,1.04,,18.5,3.12,0.71,11.85
carrot and spinach raita (gajar aur palak ka raita),1.04,,142.57,0.31,10.86,53.76
afghani chicken,1.04,,35.14,1.1600000000000001,1.86,10.81
sweet and salty biscuit (meethay aur namkeen biscuit),1.05,,37.24,3.49,0.31,9.51
moti mahal dal (urad rajmah mix dal),1.05,,38.13,4.9,5.39,32.48
instant dhokla,1.05,,66.58,0.76,6.37,53.84
ribbon sandwich,1.05,,157.85,0.11,10.63,24.43
spinach burfi (palak burfi),1.05,,93.68,0.14,9.84,45.48
chicken korma,1.06,,68.66,1.37,2.89,16.96
"candies,krackel choc bar",1.06,,158,,0.8,6
"rose hips,wild (northern plains indians)",1.06,,169,,426,3
"tomatoes, red, ripe, stewed",1.06,,26,,18.2,0
waldroff salad,1.07,,29.29,2.7,8.69,16.48
minced meat pie,1.07,,18.14,5.02,10.6,19.64
chocolate chiffon cake,1.07,,42.15,3.5300000000000002,0.29,16.47
home made plain noodles,1.07,,12.27,4.03,0,9.74
chocolate cake,1.08,,41.13,1.75,0.26,15.65
spinach soup in milk,1.08,,106.1,0.09,11.43,52.02
hot chocolate souffle,1.08,,60.19,0.58000000000000007,0.64,21.55
chocolate swiss roll,1.08,,42.79,0.92999999999999994,0.4,18.82
tomato ginger chutney (tamatar adarak ki chutney),1.08,,23.63,11.3,22.2,13.96
pea paneer curry (matar paneer),1.08,,105.2,7.11,21.07,45.8
chocolate cream shells,1.08,,28.53,2.2800000000000002,0,10.53
"lamb,australian,imp,frsh,external fat,raw",1.08,,10,0,0,
butterfly biscuit,1.09,,202.49,2.56,0.21,21.62
fish curry (machli curry),1.09,,52.06,3.33,8.85,15.93
classic club sandwich,1.09,,107.73,1.26,7.24,25.46
"candies,caramello candy bar",1.09,,213,,1.7,
cheese pizza,1.09,,96.51,1.9,5.13,12.09
mutton korma,1.09,,79.07,0.25,1.51,8.68
"sauce,barbecue,kc masterpiece,original",1.09,,40,,0.2,
black forest gateau,1.09,,46.79,0.89,218.94,16.75
cabbage and peas (pattagobhi aur matar),1.1,,45.5,4.29,32.99,45.68
semolina upma (suji/rava upma),1.1,,21.57,3.44,4.37,14.24
"vitasoy usa organic nasoya,soft tofu",1.1,,130,,,
navratan pulao,1.1,,59.61,2.51,7.04,25.65
"blueberries,wild,frz (alaska native)",1.1,,15,,2.2,
"leeks, cooked",1.1,,30,,4.2,0
maize porridge,1.11,,17.02,3.08,1.78,14.11
checker board sandwich,1.11,,188.02,0.06,0.14,23.15
campbell's pork & bns,1.11,,31,,0,
salami sandwich,1.11,,73.54,0.43,1.69,17.03
almond biscuit (badam ke biscuit),1.11,,44.05,2.84,0.16,12.26
"candies,mars snackfood us,dove milk choc",1.11,,160,,0.8,
"bread,kneel down (navajo)",1.11,,5,,,98
makki ki roti,1.11,,14.76,11.86,2.34,12.61
prawn sandwich,1.11,,75.53,0.73,5.52,22.37
campbell's brn sugar&bacon flav bkd bns,1.11,,31,,0,
marble cake,1.12,,39.6,1.93,0.14,16.52
short bread cookies,1.12,,15.92,3.83,0,9.25
quinoa khichdi/khichri,1.12,,24.59,1.09,2.87,25.95
hawain salad,1.12,,61.03,1.97,13.28,31.73
"campbell's red & white,grn pea soup,cond",1.13,,16,,0,
longan,1.13,,10,,84,0
pin wheel biscuit,1.13,,42.7,2.82,0.25,8.65
sweet poori (meethi poori),1.13,,34.24,2.17,0,12.05
chocolate sauce,1.13,,18.8,0,0,3.8
"campbell's red & white,split pea w/ ham & bacon soup,cond",1.13,,16,,0,
horned melon (kiwano),1.13,,13,,5.3,3
oscar mayer  chicken breast (honey glazed),1.13,,10,,0,4
indian style egg bhujia (anda bhujia (indian style)),1.14,,31.9,3.68,10.76,32.43
clear tomato soup (tamatar ka soup),1.14,,29.05,6.14,13.37,11.04
chocolate biscuit,1.14,,41.51,2.5500000000000003,0.22,11.96
barbeque sauce,1.15,,28.61,0.2,5.75,5.06
sweet open sandwich,1.15,,85.18,0.13,2.8,22.12
home made egg noodles,1.15,,15.96,4.01,0,13.37
tomato and cucumber sandwich (tamatar aur kheere ka sandwich),1.15,,76.75,3.22,9.04,21.92
"lambsquarters,stmd (northern plains indians)",1.15,,349,,4.9,
flan pastry,1.15,,21.85,3.98,0,13.62
"lambsquarters,raw (northern plains indians)",1.16,,366,,,48
tomato aspic,1.18,,44.28,5.89,16.86,18.34
christmas tree biscuit,1.18,,35.04,3.3,7.34,11.76
stuffed okra (bharwa bhindi),1.18,,86.89,6.8,20.5,57.89
cereal mix,1.18,,21.4,0.55,0.5,19.18
dates chutney (khajoor ki chutney),1.19,,28.72,1.35,1.29,6.54
onion chutney (pyaaz ki chutney/vengaya chutney),1.19,,28.5,2.74,5.39,32.46
savoury puffs,1.19,,68.83,0.92999999999999994,1.08,10.87
swiss roll,1.19,,24.11,1.6600000000000001,0,22.71
chicken sandwich,1.19,,89.56,0.64,0,19.06
jelly biscuit,1.19,,36.46,0.94,0.14,9.46
melting moments,1.2,,30.39,2.32,0,21.56
"brussels sprouts, cooked",1.2,,36,,62,0
rainbow sandwich,1.2,,172.04,0.13,2.12,21.69
christmas biscuit,1.2,,29.07,3.5100000000000002,0,11.69
pea vadi curry,1.2,,23.62,9.08,27.02,38.02
"keebler,chips deluxe,soft 'n chewy choc chip cookies",1.2,,,,,68
pea curry (matar ki sabzi),1.2,,24.48,9.41,27.99,38.85
"vitasoy usa,organic nasoya firm tofu",1.2,,125,,,
"gardenburger sun-dried tomato basil burger,frz,unprep",1.2,,50,0,12,
lettuce,1.2,,36,,9.2,0
"keebler,fudge shoppe,magic middles fudge filled cookies,orig",1.2,,,,,58
small onion pickle,1.2,,31.95,0,17.27,15.06
puffy omelette/omlet,1.2,,34.96,0.55,0,32.45
"candies,nestle,raisinets choc covered raisins",1.2,,85,,1.6,
"candies,mars snackfood us,milky way carml. dkchoccov",1.2,,83,,0.4,
"shallots, raw",1.2,,37,,8,0
"famous amos,choc chip cookies",1.2,,,,,67
"lettuce, red leaf, raw",1.2,,33,,3.7,0
christmas wreath biscuit,1.21,,29.71,3.4699999999999998,10.36,11.5
lentils and semolina porridge (dal suji porridge/daliya),1.22,,44.74,0.99,0.4,10.74
chocolate chip cookies,1.22,,24.76,2.64,0,11.98
pickled mustard greens,1.22,,81.44,2.32,25.68,46.87
cheese open sandwich,1.22,,256.25,0.01,1.08,23.52
christmas bell biscuit,1.22,,32,3.5,0.01,11.67
russian salad,1.23,,34.92,2.4899999999999998,15.66,32.96
saffron biscuit (kesar biscuit),1.23,,25.71,3.89,0.12,10.02
pasta spinach sauce,1.23,,58.57,0.13,12.78,53.75
rolled sandwich,1.23,,117.68,0.13,4.11,25.48
dal makhani,1.23,,20.62,2.6599999999999997,2.6,21.27
"candies,mars snackfood us,m&m's minis milk choc candies",1.23,,116,,0.6,
uttapam,1.23,,40.86,5.74,9.04,27.96
"baking choc,mars snackfood us,m&m's milk choc mini bak bits",1.23,,116,,0.6,
submarine sandwich,1.23,,72.35,1.54,11.03,18.69
chicken salad,1.23,,43.19,1.1,1.99,14.37
"kielbasa,polish,turkey & bf,smoked",1.24,,,,14.8,
"lettuce, butterhead, raw",1.24,,35,,3.7,0
french sandwich (toasted),1.24,,100.73,2.41,5.97,26.2
sambar,1.24,,30.24,3.31,7.91,26.51
"oscar mayer,smokies sausage little chs (pork,turkey)",1.24,,67,,0,
moong dal mixture,1.25,,70.53,0.33,13.07,48.24
mutton pulao,1.25,,49.87,0.38,0.68,5.94
keema kofta curry,1.25,,49.89,2.34,5.87,15.98
paneer pea sandwich (toasted) (paneer matar ka sandwich),1.26,,274.1,1.72,5.46,58.65
dhansak (vegetarian),1.26,,26.4,1.61,5.5,18.72
soya seekh kebab,1.26,,15.67,1.96,14.98,25.16
khakhra chaat,1.26,,24.49,5.98,5.59,37.46
coffee biscuit,1.27,,48.92,8.23,0.19,17.48
masala dosa paneer fillings,1.27,,171.23,4.9,5.83,47.77
"broccoli raab or broccoli rabe, cooked",1.27,,118,,37,0
"candies,almond joy candy bar",1.27,,64,,0.7,
danish luncheon sandwich,1.27,,77.13,0.6,2.72,29.96
tossed green salad,1.27,,33.71,1.81,26.72,34.85
"prairie turnips,raw (northern plains indians)",1.27,,130,,5.5,10
spanish omelette/omlet,1.28,,31.72,5.46,18.83,40.25
fettuccine with spinach sauce,1.28,,53.67,0.15,10.8,48.13
chicken manchurian,1.28,,26.52,0.7,2.33,10.34
sunset and sunrise open sandwich,1.28,,114.07,1.82,4.66,31.85
mutton biryani/biriyani,1.29,,68.58,2.03,4.95,14.47
almond cardamom cake (badam elaichi cake),1.29,,81.29,1.85,0.54,15.94
pulse mix,1.29,,14.93,1.21,0,18.17
bhel puri,1.29,,24.22,1.2,4.51,22.4
naan,1.29,,88.01,4.36,0.43,14.22
cheese straws,1.29,,160.64,3.21,0,24.36
sprouted moong daliya,1.29,,22.62,0.37,2.38,11.15
stuffed bittergourd (dry) (bharwa karela),1.29,,16.72,1.47,41,45.33
"keebler,fudge shoppe,fudge stks",1.3,,,0,,27
horsegram dal (kulthi dal),1.3,,38.22,1.79,3.87,23.86
"oscar mayer,ham (chopped w/ nat juice)",1.3,,9,,0,3
"willow,leaves in oil (alaska native)",1.3,,,,0,
"vitasoy usa azumaya,firm tofu",1.3,,180,,,
kale salad,1.3,,109.11,0.49,56.82,65.96
"kashi mayan harvest bake,frz,unprep",1.3,,20,0,6,
egg and tomato sandwich (ande aur tamatar ka sandwich),1.3,,95.71,1.53,3.33,27.45
baked eggs in tomato sauce,1.31,,71.94,0.18000000000000002,49.39,63.9
christmas cake,1.32,,40.98,1.63,8.16,16.38
masala biscuit,1.32,,53.73,6.17,0.95,13.33
"mcdonald's,premium crispy chick club sndwch",1.32,,92,,3.8,
"candies,hershey's,almond joy bites",1.33,,109,,1,8
finger millet cake (ragi cake),1.35,,118.38,6.36,0.78,11.57
plain omelette/omlet,1.35,,48.4,0.67999999999999994,0.21,35.3
pea keema curry (matar keema ki sabzi),1.35,,35.6,5.88,16.18,24.76
semolina cake (suji/rava cake),1.36,,128.28,1.55,1.6,15.97
pin wheel sandwich,1.36,,67.75,0.5,0,32.44
veg paneer stew,1.37,,160.51,4.88,13.68,43.37
olive biscuit,1.37,,10.76,1.99,0,4.81
"mcdonald's,premium grilled chick club sndwch",1.37,,95,,4.4,
fermented bengal gram vada (khameerikrit/ufna hua channa dal ka vada),1.38,,20.5,0.9,4.39,43.03
"snacks,tortilla chips,ranch-flavor",1.38,,134,,0,
radish parantha/paratha (mooli ka parantha/paratha),1.39,,23.75,3.72,8.44,20.73
"lamb,australian,imp,frsh,seam fat,ckd",1.39,,8,0,0,
dry masala chops,1.39,,112.25,0.47,1.27,10.29
semolina dosa (suji/rava dosa),1.39,,116.04,5.03,3.11,21.61
dhokla,1.39,,123.21,0.19,1.71,99.92
"george weston bakeries,thomas eng muffins",1.4,,180,,,40
"murray,sugar free,fudge dipped wafers",1.4,,,,,23
"worthington veg skallops,cnd,unprep",1.4,,7,,0,
spinach and paneer souffle,1.4,,114.32,0.31,2.4,29.7
"brussels sprouts, raw",1.4,,42,,85,0
"lamb,australian,ground,85% ln / 15% fat,raw",1.41,,9,,0,
boti kebab,1.41,,98.67,0.84,8.26,12.03
cardamom cookies (elaichi cookies),1.41,,25.21,3.5,0,15.99
fish tikka,1.41,,31.98,0.6,2.54,13.02
chhena poda,1.41,,295.29,0.6,0.13,57.47
paneer kaathi roll,1.42,,101.66,2.59,12.59,36.43
"mcdonald's,premium crispy chick classic sndwch",1.42,,34,,2.5,45
scrambled egg (ande ki bhurji),1.42,,64.59,0.78,0.43,36.89
panchmel dal,1.42,,23.05,2.54,2.82,26.45
"mcdonald's,premium crispy chick ranch blt sndwch",1.42,,35,,4.3,
"campbell's,spaghettios,spaghettios in meat sau",1.43,,60,0.4,0,24
mango pickle (aam ka achaar),1.44,,48.97,5.4,61.2,19.04
egg sandwich (ande ka sandwich),1.44,,110.13,0.33999999999999997,0,29.4
chocolate pastry,1.44,,50.7,1.01,0.29,19.77
kiwi granola pudding,1.45,,62.2,0.62,12.47,39.53
sprouted moong salad,1.45,,54.56,1.82,13.67,24.42
egg halwa (ande ka halwa),1.45,,35.77,0.67,0,25.57
"sauce,hot chile,sriracha,cha! by texas pete",1.46,,15,,4.8,17
bathua raita,1.46,,206.31,0.63,21.49,30.12
"beef,aus,imp,grss-fed, top loin stk/rst,bnless,ln fat,raw",1.46,,5,,0,
"veal,australian,rib,rib rst,ln & fat,raw",1.46,,9,,0,
greenpea cookies,1.47,,48.45,6.46,22.15,37.23
gram flour burfi (besan burfi),1.47,,160.71,0.24,0,84.51
sponge cake,1.47,,30.22,2.09,0,28.58
"peas, green, raw",1.47,,25,,40,0
coffee drops,1.48,,57.09,10.9,0.21,23.05
"spring onion or scallions, raw",1.48,,72,,18.8,0
baked egg,1.48,,164.05,0.55,0,35.37
"mcdonald's,premium grilled chick ranch blt sndwch",1.48,,38,,4.9,
cream of green peas soup,1.48,,51.01,4.13,12.8,21.68
"wend'ys,crispy chick sndwch",1.49,,37,,,
"keebler,fudge shoppe,jumbo fudge stks,vanilla",1.5,,,,,
"mother's,4th of july circus animal cookies",1.5,,,,,51
"mother's,jungle animal cookies",1.5,,,,,51
"keebler,fudge shoppe,caramel filled cookies",1.5,,,,,22
"mother's,halloween circus animals cookies",1.5,,,,,51
"burger king,premium fish sndwch",1.5,,37,,0.2,
peas,1.5,,25,,24.8,0
"candies,hershey's milk choc w/ almond bites",1.5,,,,1.8,16
plain burfi (burfi),1.5,,355.78,0.09,0.12,54.97
"murray,sugar free,vanilla sugar wafer",1.5,,,,,47
"worthington choplets,cnd,unprep",1.5,,8,,0,
"mother's,circus animal cookies",1.5,,,,,51
plain dosa,1.5,,19.35,1.75,0,25.35
"mother's,holiday circus animal cookies",1.5,,,,,51
pea keema sandwich (toasted) (matar aur keema ka sandwich),1.51,,70.79,1.83,6.5,21.61
deviled egg,1.51,,36.84,4.08,11.53,30.29
gram flour ladoo (besan ladoo),1.51,,25.35,0.8,0,70.32
spicy chutney sandwich,1.51,,154.53,2.93,0.36,41.11
moong dal halwa,1.51,,110.4,1.02,0.03,36.19
"cake,pound,bimbo bakeries usa,panque casero,home bkd style",1.51,,52,,,
chinese cabbage and meat ball soup,1.52,,41.07,1.36,3.59,4.37
egg curry (anda curry),1.52,,41.59,4.6400000000000006,12.55,29.51
"stew,moose (alaska native)",1.52,,12,,1,5
currants black,1.54,,55,,181,0
"beef,aus,imp,wgu,tp ln stk/rst,ln & fat,marble score9,raw",1.54,,4,,0,
"peas, green, cooked",1.54,,27,,14.2,0
atta dal burfi,1.56,,17.07,3.32,0,23.4
"beef,aus,imp,grss-fed,top loin stk/rst,bnless,ln,raw",1.57,,5,,0,
dundee cake,1.57,,58.11,1.79,0.12,15.29
french omelette/omlet,1.58,,46.35,0.90999999999999992,0.7,37.93
"veal,australian,rib,rib rst,ln,raw",1.58,,10,,0,
gingerman biscuit,1.59,,41.35,3.65,10.26,13.81
cauliflower parantha/paratha (phoolgobhi ka parantha/paratha),1.59,,22,4.13,17.28,25.84
"soup,split pea w/ham&bacon,cnd,cond,single brand",1.59,,,,,
"vitasoy usa,organic nasoya ex firm tofu",1.6,,77,,,
spinach mushroom scrambled egg (palak mushroom bhurji),1.6,,140.31,2.07,1.95,46.58
gram flour and semolina dhokla (besan suji dhokla),1.6,,66.66,1.29,6.63,77.02
poha with curd (poha aur dahi),1.61,,140.9,0.13,0.68,14.74
"abiyuch,raw",1.61,,8,,54.1,
spinach raita (palak ka raita),1.61,,142.96,0.26,16.2,79.07
"archway home style cookies,frosty lemon",1.62,,41,,0,59
coriander chutney (hare dhaniye ki chutney),1.63,,39.8,10.27,22.42,18.85
mutton do piaza,1.63,,118.61,0.61,2.25,20.46
paushtik ladoo,1.63,,20.67,2.91,0,46.17
"stinging nettles,blanched (northern plains indians)",1.64,,481,,,14
"sauce,hot chile,sriracha",1.64,,18,,26.9,22
"sweeteners,for baking,brown,contains sugar & sucralose",1.64,,63,,,
"pancakes,pln,frz,rth,microwave(inc buttmlk)",1.64,,72,,,86
"mcdonald's,bacon,egg & chs mcgriddles",1.65,,109,,1.8,
mutton yakhni,1.66,,88.61,0.44,0.04,2.81
hot spinach souffle,1.67,,80.77,0.49,12.06,68.67
"beef,aus,imp,wgu,smledrib stk/rst,bnles,ln&fat,mrbscr4/5,raw",1.68,,4,,0,
spinach mushroom (palak mushroom),1.69,,49.75,5.08,20.4,78.93
"beef,aus,imp,wgu,tp ln stk/rst,bnles,ln & fat,mrb scr4/5,raw",1.69,,4,,0,
fried egg,1.69,,46.4,0.95,0,42.89
"keebler,fudge shoppe,grasshopper cookies,fudge mint",1.7,,,0,,56
"fish,salmon,king,chinook,kippered,cnd (alaska native)",1.7,,38,,0,
"vitasoy usa organic nasoya sprouted,tofu plus super firm",1.7,,239,2.5,,
"refried bns,cnd,vegetarian",1.7,,35,,,
"vitasoy usa azumaya,ex firm tofu",1.7,,176,,,
"keebler,100 cal right bites,fudge shoppe,dk choc fudge strip",1.7,,,0.1,,60
garlic,1.7,,181,,31.2,0
paneer parantha/paratha,1.7,,127.65,4.37,1.99,34.11
"garlic, raw",1.7,,181,,31.2,0
"keebler,fudge shoppe,mint creme middles,choc graham cookies",1.7,,,,,38
lotus stem curry (kamal kakdi curry),1.71,,26.59,3.43,19.77,22.46
"beef,aus,imp,wgu,tp ln stk/rst,bnless,ln,marble score 9,raw",1.71,,4,,0,
cream of carrot soup,1.73,,57.24,0.49,2.29,8.14
semolina ladoo with khoya (suji/rava aur khoye ke ladoo ),1.73,,106.42,2.47,0.11,24.15
"beef,aus,imp,grss-fd,rbeye stk/rst lip-on,bnless,ln&fat,raw",1.74,,5,,0,
poached egg,1.75,,48.24,0.98,0,44.23
egg in a pepper,1.76,,48.25,0.8600000000000001,5.77,49.87
roghan josh,1.77,,112.33,2.76,5.26,15.4
"restaurant,latino,bunuelos (fried yeast bread)",1.78,,215,,,
pea parantha/paratha (matar ka parantha/paratha),1.78,,23.49,8.38,16.43,31.05
"burger king,original chick sndwch",1.79,,46,,0.2,48
"beef,australian,imp,grass-fed,ground,85% ln / 15% fat,raw",1.79,,6,,0,
"dandelion greens, cooked",1.8,,140,,18,0
"cocoa mix,nestle,rich choc hot cocoa mix",1.8,,100,,0,
"bev,cocoa mix,nestle,hot cocoa mix rich choc w/ marshmallows",1.8,,80,,0,
lotus seed halwa (kamal gattay ka halwa),1.8,,82.84,0.06,0.02,49.4
keema parantha/paratha,1.8,,19.35,3.7,1.8,11.49
"fish,salmon,king,chinook,smoked & cnd (alaska native)",1.8,,60,,0,
"murray,vanilla sugar wafer",1.8,,,,,58
chocolate sponge cake,1.81,,33.99,1.6800000000000002,0,28.26
onion-green chilli parantha/paratha (pyaaz aur hari mirch ka parantha/paratha),1.81,,24.91,5.05,3.99,21.16
cream of mushroom soup,1.81,,70.56,4.31,1.54,8.19
minestrone soup,1.82,,53.55,3.24,8.44,10.1
cream of broccoli soup,1.82,,66.55,0.26,14.96,20.5
garlic pickle (lahasun ka achar),1.82,,54.66,1.1,14.34,31.26
chicken consomme (clear chicken soup),1.82,,35.48,0.43,0.93,5.04
chickpeas curry (safed channa curry),1.82,,30.61,5.35,13.62,153.92
"beef,aus,imp,wgu,smledrib stk/rst,bnless,ln&fat,mrb scr9,raw",1.82,,3,,0,
"mcdonald's,hotcakes (plain)",1.83,,84,,,96
chocolate butter icing,1.85,,31.87,0,0,6.27
besan and spinach parantha/paratha (besan aur palak ka parantha/paratha),1.85,,33.07,2.89,8.08,61.41
"mulberries, raw",1.85,,39,,36.4,0
"candies,hershey's pot of gold almond bar",1.85,,192,,0,
"beef,aus,imp,wgu,top ln stk/rst,bnless,ln,mrb scr 4/5,raw",1.85,,4,,0,
spinach paneer (palak paneer),1.85,,113.25,2.31,20.38,90.37
meat and macaroni casserole,1.85,,68.28,0.49,7.25,11.85
"beef,aus,imp,grss-fd,ribeye stk/rst lip-on,bnless,ln,raw",1.88,,5,,0,
besan gatte curry,1.89,,151.08,2.02,5.24,52.81
"beef,aus,imp,wgu,smlendrib stk/rst,bnless, mrb scr 4/5,raw",1.89,,4,,0,
creamed spinach,1.89,,122.3,0.44,16.12,83.11
dry washed urad,1.89,,27.08,2.7,1.02,28.14
"keebler,fudge shoppe,cocnt dreams cookies",1.9,,,,,31
"beet greens, cooked",1.9,,114,,24.9,0
split bengal gram dal (channa dal),1.92,,21.99,2.22,4.58,35.41
"sauce,hot chile,sriracha,tuong ot sriracha",1.92,,20,,57.9,31
"pillsbury,cinn rolls w/ icing,refr dough",1.93,,28,,0.1,
khatta channa,1.94,,40.77,6.31,13.3,155.5
sprouted moong parantha/paratha,1.94,,20.33,4.82,2.61,16.33
tamarind chutney (chintapandu pachadi/puli chutney),1.95,,40.3,2.48,0.81,4.9
"frijoles rojos volteados (refried bns,red,canned)",1.95,,33,,,5
date pickle (khajoor ka achaar),1.96,,41.49,1.33,2.51,11.41
schezwan chutney,1.96,,35.46,2.26,3.48,21.01
tandoori parantha/paratha,1.96,,14.98,6.43,0,14
plain parantha/paratha,1.98,,14.81,6.42,0,13.98
"lamb,australian,imp,frsh,external fat,ckd",1.98,,12,0,0,
"mcdonald's,bkd appl pie",1.99,,19,,32.3,113
minced meat pancake (with chicken),1.99,,64.72,1.1,1.59,9.5
"mission foods,mission flr tortillas,soft taco,8 inch",1.99,,191,,,
"burger king,whopper,w/ chs",2,,82,,0.2,72
"vitasoy usa,organic nasoya super firm cubed tofu",2,,188,,,
gujarati handvo,2.03,,68.21,1.32,4.51,53.71
poshtik namak paras,2.03,,60.74,4.86,2.93,47.22
jowar dosa,2.03,,19.46,2.64,0,29.13
"pillsbury,choc chip cookies,refr dough",2.03,,14,,0,
chocolate glace icing,2.04,,26.75,0,0,6.35
spaghetti bolognese,2.06,,73.66,3.84,7.45,10.09
mint tomato chutney (pudinay aur tamatar ki chutney),2.06,,47.59,10.25,21.53,26.12
"duck,yng duckling,dom,wh pekin,leg,meat&skn,bone in,ckd,rstd",2.08,,10,,1.5,
"sorrel or spinach dock, cooked",2.08,,38,,26.3,0
"beef,aus,imp,grss-fed,bttm rnd stk/rst,bnless,ln&fat,raw",2.08,,5,,0,
"cereals rte,kashi organic promise,raisin vineyard",2.09,,24,,1,1
"keebler,100 cal right bites,fudge shoppe,cookies 'n creme",2.1,,,,,59
"keebler,fudge shoppe,fudge stripes,dk choc",2.1,,,0.1,,57
"fish,pike,northern,liver (alaska native)",2.1,,28,,0,
"keebler,danish wedding cookies",2.1,,,,,45
"leeks, raw",2.1,,59,,12,0
cream of spinach soup,2.1,,70.77,0.25,13.69,64.43
"keebler,soft batch,choc chip cookies",2.1,,,,,57
dalma,2.1,,54.28,4.36,13.89,52.09
asparagus,2.1,,24,,5.6,0
"girl scouts,tagalongs cookies",2.1,,,,,63
"fireweed,young leaves,raw (alaska native)",2.1,,13,,99,
poshtik chilla/cheela,2.1,,18.18,5.64,0.81,16.31
"mother's,taffy sndwch cookies",2.1,,,,,59
"keebler,tstd cocnt cookies",2.1,,,,,59
"beef,aus,imp,grss-fd,bttm rnd stk/rst,bnless,ln,raw",2.11,,4,,0,
"edamame,frz,unprep",2.11,,60,,9.7,303
curried cauliflower soup,2.12,,37.25,0.52,14.91,15.26
"pastry,pastelitos de guava (guava pastries)",2.12,,14,,,
chocolate burfi,2.12,,466.48,0.09,0,73.38
"pillsbury golden layer bttrmlk biscuits,art flavor,refr",2.12,,,,,
ginger bread man,2.12,,37.92,3.1100000000000003,0.29,15.66
"mcdonald's,bacon egg & chs biscuit",2.13,,109,,2.1,
cold summer garden soup,2.13,,43.93,0.28,5.31,14.09
"candies,spl dk choc bar",2.13,,30,,0,0
"campbell's red & white,lentil soup,cond",2.14,,32,,0,
khakhra,2.14,,21.27,5.83,0.73,13.87
"beef,aus,imp,wgu,sml end rib stk/rst,bnless,mrb scr 9,raw",2.14,,4,,0,
"broccoli raab or broccoli rabe, raw",2.14,,108,,20.2,0
brinjal pickle (baingan ka achaar),2.16,,37.28,2.31,1.54,28.93
chickpea flour cookies (sweet besan rounds/cookies),2.16,,54.95,0.5,1.55,40
green pea soup (matar ka soup),2.18,,46.63,2.46,7.4,11.77
gram flour chilla/cheela (besan chilla/cheela),2.19,,28.38,1.15,3.32,66.61
mutton seekh kebab,2.19,,117.44,0.94,8.82,11.78
"murray,sugar free,lemon creme sndwch cookies",2.2,,,,,70
"murray,sugar free,vanilla creme sndwch cookies",2.2,,,,,71
"blueberries,wild,cnd,hvy syrup,drnd",2.2,,19,,0.3,8
"keebler,100 cal right bites,white fudge dipped pretzels",2.2,,112,,,76
"murray,vanilla creme sndwch cookies",2.2,,,,,73
"bread,pound cake type,pan de torta salvadoran",2.2,,46,,,
"worthington foods,morningstar farms garden vege patties,frz",2.2,,59,,1,
"rowal,raw",2.2,,15,,25.8,
"beef,au,imp,wgu,tdln stk/rst,bnles,ln & fat, mrb scr 4/5,raw",2.2,,4,,0,
"keebler,fudge shoppe,merry mint patties,holiday",2.2,,,,,44
"murray,lemon creme sndwch cookies",2.2,,,,,70
ginger biscuit (adarak ke biscuit),2.2,,25.97,2.8699999999999997,0,11.8
lobia curry,2.21,,36.8,5.58,12.62,72.37
"beef,aus,imp,grss-fed,tnderln stk/rst,bnless,ln&fat,raw",2.21,,4,,0,
sunflower cookies,2.21,,70.45,1.79,0,28.18
"pepperidge farm,hamburger buns w/sesame",2.21,,151,,1,
"interstate brands corp,wonder hamburger rolls",2.22,,87,,,
moong dal stuffed cheela/chilla (moong dal ka cheela/chilla),2.22,,39.34,2.49,15.31,35.17
talaumein soup,2.23,,42.33,1.27,3.42,13.16
"mcdonald's,double cheeseburger",2.24,,178,,0.4,
"beef,aus,imp,wgu,tenln stk/rst,bnless,ln,mrb scr 4/5,raw",2.24,,4,,0,
khoa ladoo,2.25,,358.61,0.26,0.04,60.69
"beef,aus,imp,grss-fed,loin,tenderln stk/rst,bnless,raw",2.25,,4,,0,
"chard, swiss, cooked",2.26,,58,,18,0
lentil soup,2.26,,40.57,1.93,4.6,8.97
"pillsbury,crusty french loaf,refr dough",2.27,,19,,0,
"pepperidge farm,hamburger bun",2.27,,153,,1,
"beef,aus,imp,grss-fd,tp rndcap-off stk/rst,bnless,ln&fat,raw",2.28,,5,,0,
chapati/roti,2.28,,17.22,7.46,0,16.23
"mcdonald's,egg mcmuffin",2.3,,192,,1.2,79
"famous amos,vanilla sndwch creme cookies",2.3,,,,,73
"beef,aus,imp,grss-fd,rd,tp rnd cap-off stk/rst,bnless,ln,raw",2.3,,5,,0,
"keebler,ready crust,shortbread pie crust",2.3,,,,,75
"girl scouts,caramel dulce de leche cookies",2.3,,,,,72
instant idli (with semolina),2.31,,93.2,7.99,0.4,25.74
jhatpat achar with carrot (jhatpat achaar gajar ke saath),2.32,,54.31,2.84,5.18,24.64
"burger king,double cheeseburger",2.33,,120,,,
"duck,yng duckl,dom,wh pekin,leg,meat,bone in,ckd wo/skn,brsd",2.33,,10,,2.3,
"pillsbury grands,bttrmlk biscuits,refr dough",2.34,,23,,0,
semolina idli (suji/rava idli),2.34,,100.85,3.6,5.43,58.64
bathua bhujia,2.36,,165.84,1.17,33.57,36.12
"beef,au,imp,wgu,tnln, stk/rst,bnless,ln & fat, mrb scr 9,raw",2.37,,4,,0,
mooli bhujia,2.37,,131.88,1.12,40.71,38.24
spinach mutton (palak mutton),2.38,,96.88,1.47,18.13,80.52
"murray,southern kitchen,cocnt cookies",2.4,,,,,66
cheese soup,2.4,,83.65,0.19,1.19,4.56
"keebler,traditions,iced lemonade cookies",2.4,,,,,85
"sorrel or spinach dock, raw",2.4,,44,,48,0
"mother's,iced lemonade cookies",2.4,,,,,85
"murray,sugar free,vanilla wafer",2.4,,,,,77
"beef,aus,imp,wgu,loin,tenln stk/rst,bnless,ln, mrb scr 9,raw",2.41,,4,,0,
paneer stuffed cheela/chilla,2.41,,151.3,2.64,9.31,54.88
methi parantha/paratha,2.42,,65.85,4.68,13.85,31.2
black channa curry/bengal gram curry (kale chane ki curry),2.43,,53.87,5.83,12.62,72.87
sprouted moong poha,2.43,,28.39,2.33,10.05,24.46
sarson ka saag,2.43,,134.41,4.37,42.12,90.78
dal parantha/paratha,2.45,,23.89,5.05,2.35,37.84
brown sauce,2.46,,40.44,0.49,0,1.18
"krusteaz almond poppyseed muffin mix,artificially flav,dry",2.47,,82,,,
"keebler,chips deluxe,cocnt cookies",2.5,,,,,56
"candies,hershey's golden almond solitaires",2.5,,203,,0,
"keebler,swt cremes cookies",2.5,,,,,83
"famous amos,choc chip pecan cookies",2.5,,,,,60
"burger king, chsbrgr",2.5,,93,,0.2,
"murray,sugar free,pecan shortbread cookies",2.5,,,,,77
"mother's,vanilla sndwch cookies",2.5,,,,,84
"keebler,chips deluxe,choc malt chunk cookies",2.5,,,,,58
"mother's,eng tea sndwch cookies",2.5,,,,,83
"beef,aus,imp,grss-fd,tp sirln cp-offstk/rst,bnles,ln&fat,raw",2.51,,5,,0,
"pan dulce,la ricura,salpora de arroz,cookie-like",2.52,,52,,,
semolina dhokla (suji/rava dhokla),2.52,,31.17,4.31,3.65,15.23
"pepperidge farm,farmhouse hearty white bread",2.53,,74,,1,
"beef,aus,imp,grss-fd,top sirln cp-off stk/rst,bnless,ln,raw",2.53,,5,,0,
"keikitos (muffins),latino bakery item",2.53,,63,,,
finger millet biscuit (ragi biscuit),2.54,,207.04,22.07,0,18.41
"beet greens, raw",2.57,,117,,30,0
"keebler,sandies,simply shortbread cookies",2.6,,,0.2,,82
"keebler,fudge shoppe,cheesecake middles,original graham cook",2.6,,,,,35
"barbara dee,wntr mints cookies",2.6,,,,,52
"murray,jacks vanilla wafers",2.6,,,,,92
"keebler,e.l. fudge,double stuffed cookies",2.6,,,,,61
"game meat,bison,ln,raw",2.6,,6,,0,
"jackson's,old fashioned lemon jumble cookies",2.6,,,,,83
"cereals rte,kashi simply maize",2.6,,,,,16
"keebler,ready crust,graham pie crust (10""),red fat",2.6,,,,0,66
"pillsbury,bttrmlk biscuits,art flavor,refr dough",2.6,,23,,0,
"willow,young leaves,chopd (alaska native)",2.6,,130,,190,
"cereals rte,kashi indigo morning",2.6,,,,4,23
"fish,salmon,king,chinook,liver (alaska native)",2.6,,28,,0,
"jackson's,old fashioned vanilla wafers",2.6,,,,,92
paushtik roti,2.62,,52.74,3.45,15.48,98.04
"archway home style cookies, chocolate chip ice box",2.63,,14,,0,60
mulligatawny soup,2.65,,43.89,0.35,2.4,7.99
spinach soup (palak ka soup),2.68,,56.23,0.22,6.16,30.02
besan bathua chilla/cheela,2.68,,64.75,4.63,6.81,80.83
"keebler,sandies,cashew shortbread cookies",2.7,,,,,76
amaranth,2.7,,215,,70,0
"cereals,kashi go ln hot crl,creamy truly vanilla,dry",2.7,,95,,0,15
"fish,herring eggs,pacific,pln (alaska native)",2.7,,19,,0.6,
hormel pillow pak sliced turkey pepperoni,2.7,,26,,0,4
spinach,2.7,,99,,47.9,0
"murray,duplex creme sndwch cookies",2.7,,,,,67
"keebler,chips deluxe,rainbow choc chip cookies,bite size",2.7,,,0,,71
"mother's,choc chip cookies",2.7,,,,,77
"spinach, raw",2.71,,99,,28.1,0
saunth/sonth chutney with tamarind/imli,2.71,,54.74,3.79,0.54,5.61
carrot and fenugreek leaves (gajar methi),2.72,,128.83,1.8,27.17,42.81
millet soup,2.74,,65.21,1.05,1.83,11.4
"wendy's,double stack,w/ chs",2.75,,73,,,
sprouts upma,2.76,,36.78,7.34,0.51,27.93
"game meat,elk,raw",2.76,,4,,0,
prune puree,2.8,,31,,4.3,
"keebler,sandies,pecan shortbread cookies,red fat",2.8,,,,0,88
"morningstar farms grillers prime,frz,unprep",2.8,,58,,0,
"mother's,cocnt cocadas cookies",2.8,,,,,84
"burger king,double whopper,no chs",2.8,,35,,0.2,60
"cereals rte,kashi organic promise,cinn harvest",2.8,,25,,0,
"cereals rte,kashi organic promise,island vanilla",2.8,,37,,0,
"keebler,chips deluxe,dk choc chunk cookies",2.8,,,0.3,,65
"caribou,tongue,raw (alaska native)",2.8,,6,,,
"whale,beluga,flipper,raw (alaska native)",2.8,,11,,0,
"pepperidge farm,seeded jewish rye bread",2.8,,71,,0,
"keebler,almond crescents cookies,holiday",2.8,,,,,77
"pillsbury,traditional fudge brownie mix,dry",2.81,,,,,
"glutino,gluten free cookies,choc vanilla creme",2.81,,19,,,0
almond soup (badam ka soup),2.83,,114.95,0.35000000000000003,1.61,8.11
"pepperidge farm,farmhouse sourdough bread",2.84,,51,,1,
"kfc,biscuit",2.86,,55,,,81
"burger king,hamburger",2.87,,76,,0.2,89
"chickpeas, cooked",2.89,,49,,1.3,0
"deer (venison),sitka,raw (alaska native)",2.9,,7,,0,
"keebler,sandies,choc chip & pecan shortbread cookies",2.9,,,0.2,,66
"worthington foods,morningstar farms better'n burgers,frz",2.9,,37,,0,
"keebler,holiday jingles cookies",2.9,,,,,83
"keebler,100 cal right bites,sandies shortbread cookies",2.9,,,0.1,,96
"bak choc,mars snackfood us,m&m's semiswt choc mini bak bits",2.91,,34,,0,
"keebler,ready crust,choc pie crust",2.92,,,,,70
"veal,australian,shank,hind,bone-in,ln & fat",2.95,,16,,0,
namkeen daliya,2.99,,35.98,2.57,5.86,5.39
"girl scouts,trefoils cookies",3,,,,0,86
"keebler,town house,toppers,garlic herb crackers",3,,,,,119
"murray,sugar free,choc chip & pecan cookies",3,,,0.2,,67
"girl scouts,thin mints cookies",3,,,,,58
"keebler,chips deluxe,rainbow choc chip cookies",3,,,,,64
"murray,sugar free,shortbread bites",3,,,,,95
"bread,chapati or roti,pln,commly prep",3.01,,93,,,61
poha,3.01,,37.67,3.73,12.13,21.91
"archway home style cookies, old fashioned windmill cookies",3.06,,36,,0,82
"veal,australian,shank,hind,bone-in,ln,raw",3.08,,17,,0,
"austin,pb & j crackers,sandwich-type",3.1,,,,,107
"murray,sugar free,fudge dipped grahams",3.1,,,,,57
"keebler,gripz,chips deluxe,rainbow choc chip cookies,bite-si",3.1,,,,,83
"keebler,100 cal right bites,sandies shortbread cookies,fudge",3.1,,,,,69
"dandelion greens, raw",3.1,,187,,35,0
"pepperidge farm,deli swirl bread",3.1,,106,,0,
"keebler,animals,iced cookies",3.1,,,,,110
"murray,sugar free,shortbread cookies",3.1,,,,,100
"keebler,sandies,dk choc almond shortbread cookies",3.1,,,,,65
"mary's gone crackers,original crackers,organic gluten free",3.17,,223,,,
"candies,mars snackfood us,dove dk choc",3.18,,37,,0,
"game meat,antelope,raw",3.19,,3,,0,
"murray,sugar free,choc chip cookies",3.2,,,0.3,,70
"murray,choc creme sndwch cookies",3.2,,,,,61
"keebler,fudge shoppe,triple fudge filled cookies",3.2,,,,,28
"austin,grilled chs on wafer crackers,sandwich-type",3.2,,129,,,111
"pepperidge farm,cinn swirl bread",3.2,,75,,1.1,
"murray,old fashioned gingersnaps cookies",3.2,,,,,97
"keebler,club & cheddar sndwch crackers",3.2,,155,,,110
"keebler,chs & cheddar sndwch crackers",3.2,,159,,,108
"keebler,e.l. fudge,butter flav cookies",3.2,,,,0,79
"austin,cheddar chs on chs crackers,sandwich-type",3.2,,160,,,106
"austin,cheddar chs on wafer crackers,sandwich-type",3.2,,156,,,110
"girl scouts,samoas cookies",3.2,,,,,28
"keebler,sugar cones",3.2,,,,,0
"game meat,rabbit,wild,raw",3.2,,12,,0,
"pepperidge farm,raisin cinn swirl bread",3.2,,68,,1.1,
"keebler,100 cal right bites,chips deluxe,choc chip cookies",3.2,,,,,78
"game meat,moose,raw",3.21,,5,,4,
"bread,naan,pln,commly prep,refr",3.25,,84,,,102
"duck,yng duckling,dom,wh pekin,brst,meat&skn,bnless,ckd,rstd",3.26,,8,,2.8,
garlic chutney/poondu chutney (lahasun ki chutney),3.26,,63.51,9.49,7.18,21.19
"moose,meat,raw (alaska native)",3.28,,5,,4,
"murray,southern kitchen,choc chip cookies",3.3,,,,,71
"keebler,100 cal right bites,fudge shoppe,mini brownies",3.3,,,,,60
"keebler,animals,crackers",3.3,,345,,,98
"murray,cookie jar classics,cocnt bars cookies",3.3,,,,,105
"girl scouts,chalet cookies",3.3,,,,,80
olive,3.3,,88,,1.6,0
"keebler,baker's treasures,choc chip cookie,soft",3.3,,,,,66
"murray,chocolatey chip thins cookies",3.3,,,0.1,,103
"keebler,animals,cookies",3.3,,375,,,98
murmura chikki,3.3,,63.3,0.27,0,8.23
"murray,cookie jar classics,butter cookies",3.3,,,,0,107
"lentils, cooked",3.33,,19,,1.5,0
consomme au julienne,3.34,,85.89,0.55,1.53,7.18
"keebler,vienna fingers w/ creme filling",3.35,,,,,71
"archway home style cookies, dutch cocoa",3.36,,13,,,63
"girl scouts,do-si-dos cookies",3.4,,,,,46
"fish,herring eggs on giant kelp,pacific (alaska native)",3.4,,161,,0,
tamarind,3.4,,74,,3.5,0
"keebler,sandies,pecan shortbread cookies",3.4,,,,,81
"famous amos,choc sndwch creme cookies",3.4,,,,,63
"tennis bread,pln (apache)",3.4,,67,,,252
"austin,cheddar chs on chs crackers,sandwich-type,red fat",3.4,,144,,0,116
"keebler,cinn toast grahams",3.4,,300,,,70
"keebler,vienna fingers w/ creme filling,red fat",3.4,,,,0,72
lemon coriander soup,3.47,,102.57,0.97,17.69,25.66
"mushrooms,chanterelle,raw",3.47,,15,5.3,,2
"pepperidge farm,white hoagie roll",3.5,,98,,0,
"keebler,grahams,cinn crisp",3.5,,381,,,81
"keebler,fudge shoppe,cheesecake middles,dk choc",3.5,,,,,32
"keebler,gingerbread men cookies,holiday",3.5,,,,,79
"murray,sugar free,choc creme sndwch cookies",3.5,,,,,58
"kellogg's,all-bran,garlic & herb crackers",3.5,,67,,,49
"toaster pastries,kellogg,kellogg's pop tarts,frstd choc fudg",3.5,,192,,,77
french onion soup,3.52,,106.22,0.2,1.52,7.06
"spinach, cooked",3.57,,136,,9.8,0
"schar,gluten-free,classic white rolls",3.57,,180,,,8
"keebler,chips deluxe,mini choc chip cookies",3.6,,,,,78
"keebler,chips deluxe,choc lovers cookies",3.6,,,0.2,,55
"pepperidge farm,white bread",3.6,,301,,1.1,
"murray,sugar free,fudge dipped mint cookies",3.6,,,,,50
"tstr pstrs,kellogg,kellogg's lf pop trts,frstd brwn sgr cinn",3.6,,200,,,80
"keebler,chips deluxe,original choc chip cookies",3.6,,,,,62
"kellogg's,pop-tarts,ice crm shoppe frstd hot fudge sundae to",3.6,,200,0,,80
"game meat,elk,ckd,rstd",3.63,,5,,0,9
"cookies,gluten-free,choc wafer",3.67,,109,,,
"glutino,gluten free wafers,milk choc",3.67,,109,,,
"keebler,gripz,choc chip grahams,bite-size",3.7,,400,,,63
"keebler,town house,flipsides,pretzel crackers,chs",3.7,,,0,,119
"sunshine,cheez-it,snack mix,white cheddar",3.7,,,,,108
"keebler,gripz,chips deluxe,choc chip cookies,bite-size",3.7,,,,,85
"cereals,kashi go ln hot crl,hearty honey & cinn,dry",3.7,,66,,1,11
"bear naked,double choc cookies",3.7,,,0.2,,2
"murray,honey graham",3.8,,379,,,88
"keebler,gripz,cinn grahams,bite-size",3.8,,400,,,69
"keebler,town house,toppers,original crackers",3.8,,,,,120
"mother's,double fudge creme sndwch cookies",3.8,,,,,72
"kellogg's,pop-tarts,ice crm shoppe frstd ice creme sndwch to",3.8,,208,0,,83
"tortilla,incl pln & from mutton sndwch (navajo)",3.81,,70,,0,159
"sunshine,cheez-it,snack mix",3.84,,84,,,48
soya roti,3.85,,53.42,8.07,8.02,71.35
"fish,whitefish,head,eyes,cheeks & soft bones (alaska native)",3.9,,,,0,
"seasoning mix,dry,chili,original",3.9,,0,,5.9,
"sunshine,cheez-it,original crackers",3.9,,147,,,125
"sunshine,cheez-it,big crackers",3.9,,147,,,125
"sunshine,cheez-it,cheddar jack crackers",3.9,,103,,,124
"keebler,town house,flipsides,pretzel crackers,original",3.9,,,,,127
egg drop soup,3.93,,100.14,0.15000000000000002,2.68,8.87
"soup,ramen noodle,bf flavor,dry",3.93,,21,,0.6,111
millet flr,3.94,,14,,0,42
dry mango chutney (sookhe aam ki chutney),3.98,,72.05,2.26,0.91,18.66
consomme au vermicelli,3.98,,97.34,0.39,0.39,3.21
"sunshine,cheez-it,duoz sharp cheddar parmesan crackers",4,,89,,,130
"keebler,zesta,saltines,original",4,,,,,150
"sunshine,cheez-it,parmesan garlic crackers",4,,,,,134
"sunshine,cheez-it,duoz smoked cheddar monterey jack crackers",4,,75,,,131
"cereals,crm of wht,2 1/2 min ck,ckd w/h2o,stove-top,wo/salt",4.09,,104,,0,40
"sunshine,cheez-it,pepper jack crackers",4.1,,,,,132
"sunshine,cheez-it,baby swiss crackers",4.1,,,,,135
"archway home style cookies, iced molasses",4.1,,24,,,61
"pepperidge farm,pumpernickel bread",4.1,,110,,0,
"usda cmdty,bakery,flr mix",4.11,,187,,0,291
"usda cmdty,bakery,flr mix low-fat",4.11,,181,,0,291
"nabisco,nabisco grahams crackers",4.13,,79,,0,46
mustard seeds baghar (mustard seed tadka),4.14,,182.93,30.67,1.28,37.88
"game meat,antelope,ckd,rstd",4.2,,4,,0,9
"sunshine,gripz,cheez-it crackers",4.2,,113,,,136
"soup,ramen noodle,chick flavor,dry",4.21,,22,,0,118
meat consomme (with mutton),4.22,,115.88,0.17,0.39,2.5
"sunshine,cheez-it,hot & spicy crackers",4.26,,,,,128
"pepperidge farm,goldfish,bkd snack crackers,cheddar",4.26,,114,,0,
"keebler,town house,flipsides,pretzel crackers,red fat",4.3,,,,0,138
"sunshine,gripz,cheez-it mixx & cheesy pizza crackers",4.3,,,,,141
"keebler,zesta,export sodas crackers",4.3,,,,,145
"kraft,stove top stuffing mix chicken flavor",4.32,,63,,3.3,80
sweet split chickpea roti (sweet channa dal roti/puranpoli),4.36,,53.3,6.75,0,51.83
"burger king,whopper,no chs",4.37,,39,,0.2,70
"sunshine,cheez-it,100 cal right bites,red fat",4.4,,137,,0,165
"sunshine,cheez-it,red fat crackers",4.4,,137,,0,165
"pepperidge farm,goldfish,bkd snack crackers,explosive pizza",4.43,,47,,0,
"pepperidge farm,goldfish,bkd snack crackers,parmesan",4.45,,101,,0,
soya chikki,4.47,,81.25,0.48,0,48.12
"nabisco,nabisco ritz crackers",4.47,,154,,,111
"game meat,deer,ckd,rstd",4.47,,7,,0,
"duck,yng duckl,dom,wh pekin,brst,meat,bnless,ckd wo/skn,brld",4.49,,9,,3.2,
"caribou,bone marrow,raw (alaska native)",4.5,,,,,
"fish,salmon,king,chinook,smoked,brined (alaska native)",4.5,,23,,0,
methi thepla,4.52,,73.51,5.16,2.92,41.88
channa murmura premix,4.58,,21.36,0,0,0
"crackers,flav,fish-shaped",4.58,,83,,0,153
green chutney,4.58,,112.74,2.8,30.13,63.65
"cereals rte,kashi golean crisp cinn crumble",4.59,,135,,1,
"sunshine,cheez-it,scrabble jr. crackers",4.6,,,,,149
"fish,blackfish,whl (alaska native)",4.6,,236,,0,
"pizza hut,breadstick,parmesan garlic",4.65,,87,,,147
"archway home style cookies, molasses",4.68,,29,,0,69
"keebler,club,minis original crackers",4.7,,,,,114
"sunshine,cheez-it,white cheddar,red fat crackers",4.7,,,,0,157
"caribou,eye,raw (alaska native)",4.7,,19,,,
"squirrel,ground,meat (alaska native)",4.7,,,,0,
"game meat,squirrel,raw",4.7,,2,,0,
pearl millet ladoo (bajra ladoo),4.72,,118.74,5.9,0,40.21
"pepperidge farm,goldfish,bkd snack crackers,original",4.73,,74,,0,153
mint and coriander chutney (pudinay aur dhaniye ki chutney),4.76,,107.45,6.8,13.75,41.42
"keebler,fudge shoppe,fudge grahams,1/2 dipped,red fat",4.8,,,,0,71
"owl,horned,flesh,raw (alaska native)",4.8,,16,,,
sesame chickpeas brittle (til aur channe ki chikki),4.8,,150.73,5.18,0,67.53
"pepperidge farm,goldfish,bkd snack crackers,pizza",4.87,,93,,0,
octopus (alaska native),4.9,,35,,0,
"sunshine,krispy,soup & oyster crackers (large)",4.9,,,,,161
"cereals,crm of wht,2 1/2 min cook time,ckd w/h2o,mw,wo/ salt",4.98,,131,,0,46
cumin seeds baghar (jeera baghar/tadka),5.09,,177.77,1.86,1.27,5.35
gun powder chutney,5.14,,68.87,10.35,0.11,102.54
"cereals rte,kashi golean vanilla graham clusters",5.3,,105,,0,92
"burger king,double whopper,w/ chs",5.3,,78,,0.2,42
sajina,5.39,,54.4,3.38,0,40.8
"keebler,100 cal right bites,fudge shoppe,fudge covered pretz",5.5,,106,,,76
"toaster pastries,brown-sugar-cinnamon",5.62,,293,,,137
"crackers,snack,goya crackers",5.66,,16,,,
pearl millet infant food (bajra shishu aahaar),5.67,,118.52,6.3,0,48.28
sesame biscuit (til ke biscuit),5.73,,298.06,15.57,0,37.52
maa chaane ki dal,5.97,,68.65,5.79,1.76,126.32
"bear,polar,meat,raw (alaska native)",6.1,,17,,2,
amaranth ladoo (rajgira ladoo),6.47,,144.58,31.25,0.08,21.69
"game meat,bear,raw",6.65,,3,,0,
cashew,6.68,,37,,0.5,0
"sea lion,steller,heart (alaska native)",6.7,,5,,,
"pace,dry taco seas mix",6.75,,,,45,
"goji berries,dried",6.8,,190,,48.4,
"game meat,beaver,raw",6.9,,15,,2,
"sea lion,steller,kidney (alaska native)",7,,9,,0,
"seasoning mix,dry,taco,original",7.2,,0,,0,0
"bear,black,meat (alaska native)",7.2,,,,0,
"teff,unckd",7.63,,180,,,
"kellogg's,pop-tarts mini crisps,frstd choc bkd bites",7.8,,,,,174
"seeds,hemp sd,hulled",7.95,,70,,0.5,110
"pepperidge farm,jewish rye bread (seedless)",8.4,,82,,0,
"fish,whitefish,broad,liver (alaska native)",8.6,,53,,0,
sesame ladoo (til ke ladoo),8.94,,631.82,28.73,0,66.09
"sea lion,steller,liver (alaska native)",9,,6,,,
"walrus,meat,raw (alaska native)",9.4,,18,,0,
"walrus,meat & subcutaneous fat raw (alaska native)",9.4,,,,0,
"sea lion,steller,meat w/ fat (alaska native)",9.55,,6,0,0,
"sea lion,steller,meat (alaska native)",11.48,,6,0,0,
"mushrooms,morel,raw",12.18,,43,5.1,,9
"archway home style cookies, reduced fat ginger snaps",12.57,,62,,0,76
sambar powder (sambar masala),12.63,,439.95,7.41,10.29,48.87
pav bhaji masala,12.84,,588.91,14.08,5.49,18.84
"seal,bearded (oogruk),meat,raw (alaska native)",12.9,,10,,0,
chat masala,13.27,,519.5,4.97,6.5,13.32
bengal 5 spice blend (panch phoran),13.37,,523,9.17,1.6,34.76
"seal,ringed,liver (alaska native)",13.5,,13,,,
"walrus,liver,raw (alaska native)",14.4,,,,,
garam masala,14.51,,609.77,19.02,9,20.68
kashmiri masala,14.72,,303.49,6.26,2.02,16.74
rasam powder (rasam masala),14.72,,562.15,8.95,11.65,33.09
"caribou,liver,raw (alaska native)",15.7,,4,,,
"chiton,leathery,gumboots (alaska native)",16,,121,,0,
"cockles,raw (alaska native)",16.2,,30,,,
"seal,bearded (oogruk),meat,lo quadrant,raw (alaska native)",17,,4,,0,
"seal,ringed,meat (alaska native)",19.6,,5,,0,
lotus stem pickle (kamal kakdi ka achar),20.57,,137.73,0.07,3.14,0.49
"oopah (tunicate),whl animal (alaska native)",20.7,,53,,,
"seal,bearded (oogruk),meat,part dried (alaska native)",33,,9,,0,0
"cocoa,dry pdr,unswtnd,hershey's european style cocoa",36,,0,,0,
"walrus,meat,dried (alaska native)",43,,,,0,
"seal,bearded (oogruk),meat,dried (alaska native)",49.6,,,,0,
"keebler,town house,red fat crackers",,0,,0,0,144
"mouse nuts,seedlings (alaska native)",,0,17,0,8,
"kashi,tlc,happy trail mix cookies",,0,,0,,9
"keebler,club crackers,snack stks,honey wheat",,0,,0,,74
"soup,chick corn chowder,chunky,rts,single brand",,0,,0,,
"supper bakes meal kits,lemon chick w/ herb rice",,0,,0,,
"kashi,tlc,oatmeal raisin flax cookies",,0,,0,,12
"beverages,v8 splash juc drinks,berry blend",,0,,0,24.7,
"beverages,v8 splash juc drinks,orange pnappl",,0,,0,24.7,
"artificial blueberry muffin mix,dry",,0,,0,,
"snacks,farley candy,farley fruit snacks,w/vitamins a,c,&e",,0,,0,90.3,
"snacks,sunkist,sunkist fruit roll,strawberry,w/vitmns a,c,&e",,0,,0,81.6,
"keebler,club,multigrain crackers",,0,,0,,103
"oil,cupu assu",,0,0,,0,0
"beverages,v8 splash juc drinks,strawberry banana",,0,,0,24.7,
"keebler,town house,wheat crackers",,0,,0,,113
"beverages,v8 splash juc drinks,strawberry kiwi",,0,,0,24.7,
"beverages,v8 splash juc drinks,guava passion fruit",,0,,0,24.7,
"mouse nuts,roots (alaska native)",,0,22,0,16,
"supper bakes meal kits,herb chick w/ rice",,0,,0,0,
"keebler,town house,flatbread crisps,sea salt & olive oil cra",,0,,0,0,5
"mckee baking,littl debbi nut bar,wafer w/pnut bute,choc cove",,0,,0,2,
"keebler,toasteds,party pk cracker assortment",,0,,0,,115
"beverages,v8 splash juc drinks,diet berry blend",,0,,0,24.7,
"kashi,tlc,oatmeal dk choc cookies",,0,,0,,
"beverages,v8 splash juc drinks,diet fruit medley",,0,,0,25.2,
"kraft foods,shake 'n' bake orig recipe,coating for pork,dry",,0,,0,0,
"beverages,v8 splash juc drinks,fruit medley",,0,,0,24.7,
"supper bakes meal kits,southwestern-style chick w/rice",,0,,0,,
"margarine-like spread, smart balance omega plus spread (with plant sterols & fish oil)",0,0,0,,0,0
black beans (1/2 cup),0,0,0,0,0,0
"beverages,tea,black,ready to drk",0,0,0,0,0,0
"oil,teaseed",0,0,0,,0,0
"beverages,h2o,btld,perrier",0,0,14,,0,0
"oil, spotted seal (alaska native)",0,0,0,,0,0
"game meat, boar, wild, raw",0,0,12,,0,0
"fish oil,sardine",0,0,0,8.3,0,0
"beverages,tea,grn,rtd,swtnd",0,0,1,0,0,0
"oil,almond",0,0,0,0,0,0
"v8 splash juice drinks, strawberry kiwi",0,0,0,0,24.7,0
coffee beans (3 garnish),0,0,0,0,0,0
"candies,fruit snacks,w/ hi vit c",0,0,0,0,136.4,1
"syrups,sugar free",0,0,0,0,0,0
"campbell's red and white, french onion soup, condensed",0,0,16,,0,0
grapefruit (1/2 medium),0,0,0,0,0,0
"alcoholic bev,distilled,gin,90 proof",0,0,0,0,0,0
"candies,mars snackfood us,skittles original bite size cand",0,0,0,0,66.8,0
"campbell's chunky soups,chick broccoli chs & potato soup",0,0,8,0,0,
green beans (1 cup),0,0,0,0,0,0
"oil,soybn lecithin",0,0,0,0,0,0
lard,0,0,0,2.5,0,0
"shortening,household,lard&veg oil",0,0,0,0,0,0
samosa (1 piece vegetable),0,0,0,0,0,0
"shortening cake mix,soybn (hydr)&cttnsd (hydr)",0,0,0,0,0,0
"fish, herring eggs, pacific, dry (alaska native)",0,0,29,,0,0
"beverages,tropical punch,rtd",0,0,0,0,0,0
coconut (shredded 1/4 cup),0,0,0,0,0,0
"oil, soybean lecithin",0,0,0,0,0,0
"beverages,tea,grn,ready to drk,unswtnd",0,0,1,0,0,0
corn nuts (1 oz),0,0,0,0,0,0
"beverages,orange juc,lt,no pulp",0,0,0,0,30,10
"pace, triple pepper salsa",0,0,0,,7.5,0
"shortening bread,soybn (hydr)&cttnsd",0,0,0,,0,0
orange juice (1 cup),0,0,0,0,0,0
"candies,tamarind",0,0,0,0,0,7
mashed potatoes (side),0,0,0,0,0,0
"salad dressing, home recipe, vinegar and oil",0,0,0,,0,0
"bev,fruit flav drk containing , 3% fruit juc,w/ hi vit c",0,0,3,0,25,0
kiwifruit (1 medium),0,0,0,0,0,0
"pace, green taco sauce",0,0,0,,0,0
"campbell's low sodium soups, chicken broth",0,0,0,,0,0
"beverages,tea,black,ready to drk,decaffeinated,diet",0,0,11,0,0,0
orange slice (garnish),0,0,0,0,0,0
mixed nuts (1/4 cup),0,0,0,0,0,0
"jams,preserves,marmalade,red sugar",0,0,0,0,15,18
"syrups,corn,lt",0,0,13,0,0,0
"oil,sesame,salad or cooking",0,0,0,0,0,0
"sweeteners,tabletop,sucralose,splenda packets",0,0,0,0,0,0
"oil,cttnsd,salad or cooking",0,0,0,0,0,0
"oil,mustard",0,0,0,,0,0
pine nuts (1 tbsp in pesto),0,0,0,0,0,0
wild rice (1 cup cooked),0,0,0,0,0,0
"alcoholic bev,beer,lt,lo carb",0,0,4,0,0,0
peanut butter & jelly sandwich,0,0,0,0,0,0
green beans (1/2 cup w/ pasta),0,0,0,0,0,0
"margarine-like,veg oil sprd,20% fat,w/ salt",0,0,0,0,0,0
rice krispies (1.5 cups),0,0,0,0,0,0
"oil,industrial,soy (part hydr),for popcorn & flavoring veg",0,0,0,0,0,0
"fish oil,salmon",0,0,0,,0,0
"beverages,tea,rtd,lemon,diet",0,0,0,0,0,0
"babyfood,plums,bananas&rice,str",0,0,3,0,12.3,6
"alcoholic beverage, wine, table, white, muscat",0,0,0,,0,0
peanut butter (2 tbsp),0,0,0,0,0,0
"salad drsng,mayo,imitn,soybn",0,0,0,0,0,0
"general mills, betty crocker supermoist yellow cake mix, dry",0,0,161,,0,0
"shortening frying hvy duty,soybn hydr,linoleic (less than 1%",0,0,0,,0,0
"pace, organic picante sauce",0,0,0,,0,0
"kashi, tlc, happy trail mix cookies",0,0,0,,0,0
"beverages,snapple,tea,black & grn,ready to drk,lemon,diet",0,0,0,0,0,
"alcoholic beverage, beer, light, michelob ultra",0,0,4,,0,0
"margarine-like shortening,indus,soy(part  hydr),cttnsd,& soy",0,0,0,,0,0
"beverages,icelandic,glacial nat spring h2o",0,0,1,0,0,0
"beve,lemonade fruit juc drk lt,fort w/ vit e & c",0,0,2,0,25,1
"salad drsng,home recipe,vinegar&oil",0,0,0,0,0,0
"campbell's chunky soups, savory chicken with white & wild rice soup",0,0,8,0,0,0
coconut water (1 cup),0,0,0,0,0,0
"soup, beef with vegetables and barley, canned, condensed, single brand",0,0,0,0,0,0
"campbell's chunky soups,savory chick white wild rice soup",0,0,8,0,0,
"oil,cocoa butter",0,0,0,,0,0
"babyfood,h2o,btld,gerber,wo/ added fluoride.",0,0,0,0,0,0
brown rice (1 cup cooked),0,0,0,0,0,0
"oil,industrial,soy (part hydr ) & soy,pourable fry",0,0,0,,0,0
"beverage,chocolate-flavor bev mix for milk,pdr,w/ added nutr",0,0,455,0,27.3,4
"campbell's chunky microwavable bowls, chicken and dumplings soup, ready-to-serve",0,0,8,,0,0
"mayonnaise,red-cal or diet,chol-free",0,0,0,0,0,0
"oil,corn and canola",0,0,0,0,0,0
"alcoholic beverage, wine, table, white, pinot gris (grigio)",0,0,0,,0,0
"shortening,spl purpose for baking,soybn (hydr) palm&cttnsd",0,0,0,,0,0
white rice (1 cup cooked),0,0,0,0,0,0
"margarine-like, vegetable oil spread, 20% fat, with salt",0,0,0,0,0,0
"campbell's, 25% less sodium cream of mushroom soup, condensed",0,0,0,,0,0
potato chips (1 oz),0,0,0,0,0,0
nutella (1 tbsp),0,0,0,0,0,0
"beverages,zevia,cola,caffeine free",0,0,0,0,0,0
"oil,sunflower,linoleic,(partially hydrogenated)",0,0,0,,0,0
"keebler, town house, original crackers",0,0,0,,0,0
"beverages,energy drk,citrus",0,0,8,0,25,0
chocolate donut (1 medium),0,0,0,0,0,0
"alcoholic beverage, wine, table, red, sangiovese",0,0,0,,0,0
walnuts (1 tbsp chopped),0,0,0,0,0,0
"beverages,tea,black,rtd,lemon,diet",0,0,0,0,0,0
"oil,indus,canola (part hydrog) oil for deep fat frying",0,0,0,,0,0
"oil,corn,industrial & rtl,allpurp salad or cooking",0,0,0,0,0,0
"oil,grapeseed",0,0,0,,0,0
"shortening frying (hvy duty),bf tallow&cttnsd",0,0,0,,0,0
english muffin (whole wheat),0,0,0,0,0,0
"v8 splash juice drinks, guava passion fruit",0,0,0,0,24.7,0
"fish, herring, pacific, flesh, air-dried, packed in oil (alaska native)",0,0,0,,0,0
pine nuts (1/2 tbsp filling),0,0,0,0,0,0
"animal fat,bacon grease",0,0,0,2.5,0,0
vegetable broth (1 cup),0,0,0,0,0,0
"beverages,the coca-cola company,minute maid,lemonade",0,0,2,0,3.1,1
"pace, cilantro chunky salsa",0,0,0,,0,0
"oil, industrial, canola with antifoaming agent, principal uses salads, woks and light frying",0,0,0,,0,0
crackers (5 whole wheat),0,0,0,0,0,0
"oil,industrial,canola,hi oleic",0,0,0,0,0,0
jasmine rice (1 cup cooked),0,0,0,0,0,0
bean sprouts (1/4 cup garnish),0,0,0,0,0,0
vegetable soup (1 can),0,0,0,0,0,0
corn on the cob (1 large),0,0,0,0,0,0
sage (in beans),0,0,0,0,0,0
"syrups,choc,hershey's genuine choc flav lite syrup",0,0,11,0,0,2
"candies,hard,dietetic or lo cal (sorbitol)",0,0,0,0,0,0
"oil,sunflower,hi oleic (70% & over)",0,0,0,0,0,0
"oil,spotted seal (alaska native)",0,0,0,0.7,0,0
shortening household soybn (hydr)&palm,0,0,0,,0,0
"babyfood,juice,pear",0,0,12,0,33.8,4
"fish oil,cod liver",0,0,0,250,0,0
"shortening confectionery,cocnt (hydr)&or palm kernel (hydr)",0,0,0,0,0,0
campbell's country style cream gravy,0,0,0,,0,0
"beverages,snapple,tea,black & grn,ready to drk,peach,diet",0,0,0,0,0,
"oil,wheat germ",0,0,0,0,0,0
"oil,industrial,cttnsd,fully hydr",0,0,0,0,0,0
potato leek soup (1 cup),0,0,0,0,0,0
"oil,flaxseed,cold pressed",0,0,1,0,0,0
"keebler, vanilla wafers minis, rainbow",0,0,0,,0,0
"fish oil,herring",0,0,0,,0,0
"fish oil,menhaden,fully hydr",0,0,0,,0,0
"fat,chicken",0,0,0,4.8,0,0
"water,non-carbonated,fruit flavors,swtnd w/ lo cal swtnr",0,0,1,0,0,0
banana,0,0,0,0,0,0
"beverages,coffee,inst,vanila,swtnd,decaff,w/ non dairy cream",0,0,0,0,0,0
"oil,poppyseed",0,0,0,,0,0
"fruit flavored drink, reduced sugar, greater than 3% fruit juice, high vitamin c, added calcium",0,0,42,0,25,2
mashed potatoes (1 cup),0,0,0,0,0,0
berry coulis (1 tbsp),0,0,0,0,0,0
baked potato (medium),0,0,0,0,0,0
"healthy request, tomato soup, condensed",0,0,0,,4.8,0
"oil,oat",0,0,0,0,0,0
"beverages,tea,grn,brewed,decaffeinated",0,0,0,0,0,0
refried beans (1/2 cup),0,0,0,0,0,0
"shortening,multipurpose,soybn (hydr)&palm (hydr)",0,0,0,,0,0
popcorn (3 cups air-popped),0,0,0,0,0,0
"syrup,nestle,choc",0,0,0,0,0,3
"shortening, industrial, soy (partially hydrogenated ) for baking and confections",0,0,0,,0,0
"water,btld,generic",0,0,10,0,0,0
apple cider (1 cup),0,0,0,0,0,0
corn flakes (1 cup),0,0,0,0,0,0
"margarine-like, vegetable oil spread, 20% fat, without salt",0,0,0,0,0,0
"oil,tomatoseed",0,0,0,,0,0
"oil,industrial,soy (part hydr),for non-dairy butter flavor",0,0,0,0,0,0
avocado (1/2 fruit),0,0,0,0,0,0
"oil,soybn,salad or cooking,(partially hydrogenated) & cttnsd",0,0,0,0,0,0
smoothie (fruit & yogurt),0,0,0,0,0,0
"gums,sd gums (incl locust bean,guar)",0,0,294,0,0,0
sweet potato (1 medium baked),0,0,0,0,0,0
"fat,mutton tallow",0,0,0,0.7,0,0
whole wheat toast (1 slice),0,0,0,0,0,0
"beverages,tea,oolong,brewed",0,0,1,0,0,0
"oil,ucuhuba butter",0,0,0,,0,0
"alcoholic beverage, wine, table, white, chenin blanc",0,0,0,,0,0
breadcrumbs (coating),0,0,0,0,0,0
"candies,gum drops,no sugar or lo cal (sorbitol)",0,0,0,0,0,0
"oil,pam cooking spray,original",0,0,0,0,0,0
pine nuts (1/2 tbsp),0,0,0,0,0,0
"alcoholic beverage, beer, regular, budweiser",0,0,4,,0,0
orange,0,0,0,0,0,0
"beverages,tea,black,rtd,peach,diet",0,0,1,0,5.2,0
"shortening,household,partially hydrog soybn -cottonseed",0,0,0,0,0,0
coconut shrimp (5 pcs),0,0,0,0,0,0
"tea, ready-to-drink, lipton brisk iced tea, with lemon flavor",0,0,1,,0,0
"margarine-like,veg oil sprd,20% fat,wo/ salt",0,0,0,0,0,0
orange sauce (1/4 cup for duck),0,0,0,0,0,0
pita bread (1 whole wheat),0,0,0,0,0,0
goat cheese (1 oz),0,0,0,0,0,0
"beverages,tea,grn,rtd,diet",0,0,1,0,9.5,0
corn tortilla (1 medium),0,0,0,0,0,0
"oil,indus,soy (part hydrog) & cttnsd,tortilla shortening",0,0,0,0,0,0
"shortening,indus,soy (part hydrog),pourable liq fry",0,0,0,,0,0
"oil,industrial,canola for salads,woks & lt frying",0,0,0,,0,0
"fluid replcmnt,electrolyte soln (include pedialyte)",0,0,10,0,0,0
peanut sauce (2 tbsp),0,0,0,0,0,0
"chewing gum,sugarless",0,0,20,0,0,0
"pears,asian,raw",0,0,4,0,3.8,8
coconut (shredded garnish),0,0,0,0,0,0
potato (1/2 w/ pasta),0,0,0,0,0,0
"shortening,industrial,soy (partially hydr )&corn for frying",0,0,0,0,0,0
"oil,safflower,salad or cooking,hi oleic",0,0,0,0,0,0
orange peel (garnish),0,0,0,0,0,0
"babyfood,baby mum mum rice biscuits",0,0,0,0,0,14
"oil, cottonseed, salad or cooking",0,0,0,,0,0
"oil,beluga,whale (alaska native)",0,0,0,5.7,0,
"oil,avocado",0,0,0,,0,0
oatmeal (1 cup cooked),0,0,0,0,0,0
"shortening bread, soybean (hydrogenated) and cottonseed",0,0,0,0,0,0
"babyfood,tropical fruit medley",0,0,0,0,15.9,2
"pears, asian, raw",0,0,4,,3.8,8
"oil,sunflower,linoleic,(approx. 65%)",0,0,0,0,0,0
"margarine-like,veg oil sprd,stk or tub,swtnd",0,0,0,0,0,0
macadamia nuts (1 oz),0,0,0,0,0,0
"shortening,confectionery,fractionated palm",0,0,0,,0,0
"margarine-like spread, benecol light spread",0,0,4,,0,0
white beans (tuscan style 1/2 cup),0,0,0,0,0,0
"shortening, confectionery, fractionated palm",0,0,0,,0,0
"oil,apricot kernel",0,0,0,,0,0
"bev,fruit flav drk,red sugar, > 3% fruit juc,hi vit c,add ca",0,0,42,0.3,25,2
"keebler, toasteds, party pack cracker assortment",0,0,0,,0,0
muffin (blueberry 1 large),0,0,0,0,0,0
"oil,safflower,salad or cooking,linoleic,(over 70%)",0,0,0,,0,0
"campbell's red and white, cream of asparagus soup, condensed",0,0,0,,0,0
"oil, avocado",0,0,0,,0,0
apple,0,0,0,0,0,0
"oil,industrial,soy ( part hydrogenated),allpurp",0,0,0,0,0,0
corn (1 cup),0,0,0,0,0,0
"water, tap, well",0,0,3,,0,0
"oil,walnut",0,0,0,0,0,0
"campbell's, 98% fat free cream of broccoli soup, condensed",0,0,16,,0,0
"keebler, fudge shoppe, deluxe grahams cookies",0,0,0,,0,0
"sweetener,herbal extract pdr from stevia leaf",0,0,0,0,0,0
apple pie (1 slice),0,0,0,0,0,0
"v8 splash juice drinks, tropical blend",0,0,0,,24.7,0
"beverages,tea,grn,rtd,citrus,diet,fort w/ vit c",0,0,1,0,39.3,0
"shortening frying (hvy duty),palm (hydr)",0,0,0,,0,0
"snacks, general mills, betty crocker fruit roll ups, berry flavored, with vitamin c",0,0,0,0,120,0
"oil,hazelnut",0,0,0,0,0,0
pine nuts (1 tbsp),0,0,0,0,0,0
"leavening agents,baking soda",0,0,0,0,0,0
coconut milk (1/4 cup canned),0,0,0,0,0,0
"alcoholic beverage, wine, table, red, mouvedre",0,0,0,,0,0
"meat drippings (lard,bf tallow,mutton tallow)",0,0,0,2.5,0,0
passion fruit (1 fruit),0,0,0,0,0,0
"oil,industrial,soy (parthydr ),palm, icings & fillings",0,0,0,,0,0
"beverages,zevia,cola",0,0,0,0,0,0
"alcoholic beverage, beer, light, budweiser select",0,0,4,,0,0
"oil, cooking and salad, enova, 80% diglycerides",0,0,0,,0,0
chewing gum,0,0,0,0,0,0
"oil,nutmeg butter",0,0,0,0,0,0
rice (1/4 cup filling),0,0,0,0,0,0
"alcoholic beverage, wine, table, red, burgundy",0,0,0,,0,0
"beverages, water, bottled, naturally sparkling (carbonated), mineral",0,0,33,,0,0
"oil,babassu",0,0,0,,0,0
"beverages,tea,black,ready to drk,decaffeinated",0,0,11,0,0,0
"frostings,vanilla,creamy,dry mix",0,0,3,,0,0
"alcoholic beverage, wine, table, red, syrah",0,0,0,,0,0
garlic (1 clove in beans),0,0,0,0,0,0
"limeade,frz conc,prep w/h2o",0,0,2,,3.1,1
oat milk (1 cup),0,0,0,0,0,0
"pectin,liquid",0,0,0,0,0,0
"campbell's red and white, chicken gumbo soup, condensed",0,0,16,,0,0
"oil, almond",0,0,0,,0,0
"vegetable oil,palm kernel",0,0,0,0,0,0
"beverages,h2o,tap,drinking",0,0,3,0,0,0
"oil,canola",0,0,0,0,0,0
chicken & rice soup (1 can),0,0,0,0,0,0
supplì (1 piece fried rice ball),0,0,0,0,0,0
"beverage,gmbh & co. kg,gerolsteiner naturally spark min h2o,",0,0,33,0,0,0
"campbell's red and white, golden mushroom soup, condensed",0,0,0,,0,0
"fish oil,menhaden",0,0,0,,0,0
"oil,bearded seal (oogruk) (alaska native)",0,0,0,0.7,0,2
candied fruit (1 tbsp),0,0,0,0,0,0
"candies, mars snackfood us, skittles wild berry bite size candies",0,0,0,0,67.1,0
"beverages,fruit flav drk,less than 3% juc,not fort w/ vit c",0,0,3,0,0,0
"bev,gerolsteiner brunnen,naturally sparkling,min btld h2o",0,0,33,0,0,0
"campbell's red and white, cream of onion soup, condensed",0,0,0,,0,0
"keebler, keebler chocolate graham selects",0,0,0,,0,0
"beverages, icelandic, glacial natural spring water",0,0,1,,0,0
"pace, red taco sauce",0,0,0,,0,0
"fat,beef tallow",0,0,0,0.7,0,0
"babyfoo,ban wi mix berr,st",0,0,0,0,18.2,20
"beverages,orange-flavor drk,brkfst type,pdr,prep w/ h2o",0,0,52,0,29.5,0
"shortening industrial,lard&veg oil",0,0,0,,0,0
"fat,duck",0,0,0,4.8,0,0
"fish oil, herring",0,0,0,,0,0
"beverages,tea,black,rtd,lemon,swtnd",0,0,4,0,0,0
"whale, beluga, liver, raw (alaska native)",0,0,11,,0,0
nutritional yeast (1 tbsp),0,0,0,0,0,0
"shortening frying (heavy duty), palm (hydrogenated)",0,0,0,,0,0
"fat,turkey",0,0,0,4.8,0,0
"beverages,minute maid,lemonada,limeade",0,0,2,0,3.1,1
"alcoholic beverage, wine, table, white, gewurztraminer",0,0,0,,0,0
"beverages, orange juice, light, no pulp",0,0,0,0,30,10
"alcoholic beverage, wine, table, red, gamay",0,0,0,,0,0
turkey sandwich (on wheat),0,0,0,0,0,0
yellow rice (1 cup),0,0,0,0,0,0
"babyfood, beverage, gerber graduate fruit splashers",0,0,71,0,35.3,1
"crackers,h2o biscuits",0,0,0,0,0,24
cereal bar (fruit),0,0,0,0,0,0
"alcoholic beverage, wine, table, white, riesling",0,0,0,,0,0
rice crackers,0,0,0,0,0,22
"keebler, club, buttery garlic crackers",0,0,0,,0,0
coconut flakes (1 tbsp topping),0,0,0,0,0,0
"campbell's, cream of chicken with herbs soup, condensed",0,0,0,,0,0
"candies,mars snackfood us,skittles wild berry bite size",0,0,0,0,67.1,
"shortening,indus,soy (part hydr ) for baking & confections",0,0,0,,0,0
silk hazelnut creamer,0,0,0,0,200,
cannellini beans (1/2 cup in soup),0,0,0,0,0,0
"fat,goose",0,0,0,,0,0
"shortening industrial, lard and vegetable oil",0,0,0,0,0,0
"beverages,the coca-cola company,hi-c flashin' fruit punch",0,0,0,0,30,0
"oil,industrial,canola w/ antifoaming agent",0,0,0,,0,0
"shortening industrial,soybn (hydr)&cttnsd",0,0,0,0,0,0
"pace, picante sauce",0,0,0,,0,0
cranberry juice (1 cup),0,0,0,0,0,0
"oil,soybn,salad or cooking,(partially hydrogenated)",0,0,0,0,0,0
"margarine-like spread, smart balance regular buttery spread with flax oil",0,0,0,,0,0
fruit cocktail (canned 1 cup),0,0,0,0,0,0
mandarin orange (1 medium),0,0,0,0,0,0
"oil, industrial, soy (partially hydrogenated ), palm, principal uses icings and fillings",0,0,0,,0,0
"oil,sheanut",0,0,0,0,0,0
"beverages,h2o,tap,municipal",0,0,3,0,0,0
potato salad (1/2 cup),0,0,0,0,0,0
"shortening,spl purpose for cakes&frostings,soybn (hydr)",0,0,0,,0,0
"alcoholic beverage, whiskey sour, canned",0.01,0,0,,1.6,0
"candies,mars snackfood us,starburst fruit chews,orig fruit",0.01,0,0,0,58.7,1
"salad drsng,mayo,imitn,soybn wo/chol",0.01,0,0,0,0,0
"beverages,tea,black,brewed,prep w/ distilled h2o",0.01,0,0,,0,5
"lemonade, powder, prepared with water",0.01,0,4,,1.5,0
"candies,mars snackfood us,starburst sour fruit chews",0.01,0,0,0,56.6,
"beverages,coffee,brewed,prep w/ tap h2o",0.01,0,2,0,0,2
"candies,mars snackfood us,starburst fruit chews,trop",0.01,0,0,0,59.4,
"alcoholic bev,whiskey sour,cnd",0.01,0,0,,1.6,0
"coffee, brewed from grounds, prepared with tap water",0.01,0,2,,0,2
"gelatin dssrt,dry mix,red cal,w/ asprt,prep w/ h2o",0.01,0,3,0,0,0
"candies,fondant,prepared-from-recipe",0.01,0,3,0,0,0
"candies,mars snack us,starburst fruit chews,frt&crem",0.01,0,0,0,58.3,
"beverages,cranberry-grape juc drk,btld",0.01,0,8,0,32,1
"lemonade,pdr,prep w/h2o",0.01,0,4,0,1.5,0
"whipped crm sub,dietetic,made from pdr mix",0.01,0,3,0,0,0
"beverages,carb,club soda",0.01,0,5,0,0,0
"alcoholic bev,daiquiri,cnd",0.01,0,0,,1.3,1
"gelatin desserts, dry mix, reduced calorie, with aspartame, prepared with water",0.01,0,3,,0,0
"beverages,tea,inst,unswtnd,prep w/ h2o",0.01,0,3,0,0,0
"beverages,h2o,btld,poland spring",0.01,0,1,,0,0
"beverage, horchata, as served in restaurant",0.01,0,18,,0,0
"beverages,lemonade-flavor drk,pdr,prep w/ h2o",0.01,0,4,0,2.9,0
"alcoholic bev,distilled,vodka,80 proof",0.01,0,0,,0,0
"beverages,carb,tonic h2o",0.01,0,1,0,0,0
"candies,butterscotch",0.01,0,4,0,0,0
"oil,palm",0.01,0,0,,0,0
"beverages,coffee,brewed,brkfst blend",0.02,0,2,0,0,0
"gelatin desserts, dry mix, prepared with water",0.02,0,3,,0,1
"carbonated beverage, cola, without caffeine",0.02,0,2,,0,0
"gelatin dssrt,dry mix,red cal,w/ asprt,added p,k,na,vit c",0.02,0,2,,490,14
"beverages,carb,cola,wo/ caffeine",0.02,0,2,0,0,0
"bev,carb,lo cal,cola or peper-type,w/ na saccharin, caffeine",0.02,0,4,,0,0
"beverages,lemonade,frz conc,pink,prep w/ h2o",0.02,0,4,0,3.1,2
"beverages,tea,black,brewed,prep w/ tap h2o",0.02,0,0,0,0,5
"beverages,tea,grn,brewed,reg",0.02,0,0,0,0.3,0
"beverages,orange-flavor drk,brkfst type,pdr",0.02,0,385,0,230.8,0
"alcoholic bev,tequila sunrise,cnd",0.02,0,0,,19.3,11
"gelatin dssrt,dry mix,red cal,w/ asprt,no added na",0.02,0,2,,0,14
"beverages,carb,cola,reg",0.02,0,1,0,0,0
"beverages,tea,grn,ready to drk,ginseng & honey,swtnd",0.02,0,3,0,7.7,0
"beverages,carb,lemon-lime soda,no caffeine",0.02,0,2,0,0,0
"beverages,tea,black,brewed,prep w/ tap h2o,decaffeinated",0.02,0,0,0,0,5
"beverages,yel grn colored citrus soft drk w/ caffeine",0.02,0,13,0,0,0
"beverages,energy drk,vault zero,sugar-free,citrus flavor",0.02,0,2,0,0,0
"tea, black, brewed, prepared with tap water, decaffeinated",0.02,0,0,,0,5
"lemonade, frozen concentrate, pink, prepared with water",0.02,0,4,,3.1,2
"beverages,energy drk,vault,citrus flavor",0.02,0,2,0,0,0
"usda cmdty fd,oil,veg,lo saturated fat",0.02,0,0,,0,0
"oil,industrial,soy,refined,for woks & lt frying",0.02,0,0,,0,0
"beverages,carb,lo cal,cola or pepper-type,w/ asprt,wo/ caf",0.02,0,3,0,0,0
"beverages,tea,inst,lemon,swtnd,prep w/ h2o",0.02,0,2,,0,0
"beverages,carb,red sugar,cola,contains caffeine & sweeteners",0.02,0,2,0,0,0
"usda cmdty fd,oil,veg,soybn,refined",0.02,0,0,,0,0
"soup,chick broth or bouillon,dry,prep w/ h2o",0.02,0,6,0,0,1
"gelatin dssrt,dry mix,prep w/ h2o",0.02,0,3,0,0,1
"dessert topping,pressurized",0.02,0,5,0,0,0
"alcoholic bev,distilled,whiskey,86 proof",0.02,0,0,,0,0
"syrups, table blends, pancake",0.03,0,3,,0,0
"cream sub,liq,w/lauric acid oil&na caseinate",0.03,0,9,,0,0
"dessert topping,powdered",0.03,0,17,0,0,0
"syrups,table blends,pancake",0.03,0,3,0,0,0
"oil,industrial,mid-oleic,sunflower",0.03,0,0,,0,0
"beverages,cocnt h2o,rtd,unswtnd",0.03,0,7,0,9.9,0
"vinegar, distilled",0.03,0,6,,0,0
"syrups,corn,high-fructose",0.03,0,0,0,0,0
"oil,pnut,salad or cooking",0.03,0,0,0,0,0
"beverages,carb,limeade,hi caffeine",0.03,0,2,0,0,0
"tea, herbal, brewed, hohoysi (hopi)",0.03,0,5,,0,0
"cream substitute, powdered, light",0.03,0,1,,0,1
"beverages,malt liquor bev",0.03,0,3,0,0,4
"alcoholic bev,pina colada,cnd",0.03,0,1,,1.5,6
"oil,sunflower,linoleic (less than 60%)",0.03,0,0,,0,0
"cream sub,pdr,lt",0.03,0,1,0,0,1
"syrups,table blends,pancake,red-cal",0.03,0,10,0,0,0
"cream sub,liq,w/hydr veg oil&soy prot",0.03,0,9,0,0,0
"beverages,ocean spray,cran lemonade",0.03,0,2,0,32.6,0
"syrup,fruit flav",0.03,0,0,0,0,0
"oil, peanut, salad or cooking",0.03,0,0,0,0,0
"dessert topping, powdered",0.03,0,17,,0,0
"beverages,propel zero,fruit-flavored,non-carbonated",0.03,0,1,0,8.8,0
"vinegar,distilled",0.03,0,6,0,0,0
"beverages, ocean spray, cranberry-apple juice drink, bottled",0.04,0,2,0,29.6,8
"salad drsng,swt&sour",0.04,0,4,0,8.1,2
"oil, industrial, coconut, principal uses candy coatings, oil sprays, roasting nuts",0.04,0,0,0,0,0
"beverages, ocean spray, cran raspberry juice drink",0.04,0,2,0,27.2,4
fruit syrup,0.04,0,8,0,1.6,0
"beverages,mxd veg & fruit juc drk,w/ added nutr",0.04,0,3,0,32.5,0
"cranberry juc cocktail,btld,lo cal,w/ca,saccharin&corn swtnr",0.04,0,9,0,32.2,0
"beverages,ocean spray,diet cranberry juc",0.04,0,3,0,39.1,8
"beverages,carb,lo cal,other than cola or pepper,wo/ caffeine",0.04,0,4,0,0,0
"bev,carb,lo cal,other than cola or pepper,w/ asprt, caffeine",0.04,0,4,0,0,0
"sweeteners, tabletop, aspartame, equal, packets",0.04,0,0,,0,0
"carbonated bev,local,othr than cola or pep,w/ na sac,wo/ caf",0.04,0,4,,0,0
"beverages,cocktail mix,non-alcoholic,concd,frz",0.04,0,2,0,4.2,5
"beverages,coffee,inst,reg,prep w/ h2o",0.04,0,4,,0,0
"beverages,fruit juc drk,red sugar,w/ vitamin e added",0.04,0,5,0,0,1
"bev, ocean spray, cran cherry diet",0.04,0,1,0,32.8,8
"beverages,ocean spray,cran grape",0.04,0,3,0,28.1,8
"alcoholic bev,distilled,all (gin,rum,vodka,whiskey) 80 proof",0.04,0,0,0,0,0
"soup,swanson,bf broth,lower na",0.04,0,2,,,
"vegetable oil-butter sprd,red cal",0.04,0,6,0,0,1
"oil,industrial,cocnt",0.04,0,0,,0,0
"beverages,ocean spraywhite cranberry strawberry flav juc drk",0.04,0,4,0,26.7,8
"soup,bf broth,less/reduced na,ready to serve",0.04,0,3,0,0,2
"margarine-like,margarine-butter blend,soybn oil & butter",0.04,0,10,0,0.1,2
"beverages,coffee,inst,decaffeinated,prep w/ h2o",0.04,0,4,,0,0
"carbonated beverage, pepper-type, contains caffeine",0.04,0,3,,0,0
"salad dressing, sweet and sour",0.04,0,4,,8.1,2
"sweeteners,tabletop,saccharin (sodium saccharin)",0.04,0,0,0,0,0
"beverages,orange drk,cnd,w/ added vit c",0.04,0,5,0,57.3,2
"sweeteners,tabletop,asprt,eq,packets",0.04,0,0,0,0,0
"carbonated beverage, low calorie, other than cola or pepper,  without caffeine",0.04,0,4,,0,0
"alcoholic bev,distilled,all (gin,rum,vodka,whiskey) 90 proof",0.04,0,0,0,0,0
"alcoholic bev,distilled,all (gin,rum,vodka,whiskey) 94 proof",0.04,0,0,,0,0
"alcoholic bev,distilled,all (gin,rum,vodka,whiskey) 86 proof",0.04,0,0,0,0,0
"beverages,carb,pepper-type,contains caffeine",0.04,0,3,,0,0
"alcoholic bev distilled,all (gin,rum,vodka,whiskey) 100proof",0.04,0,0,,0,0
"beverages,ocean spray,lt cranberry & raspberry flav juc",0.04,0,4,0,32.9,
"beverages,cranberry juc cocktail",0.04,0,3,0,33.5,
"beverages,ocean spray,ruby red cranberry",0.04,0,5,0,27.1,8
"oil,soybn,salad or cooking",0.05,0,0,0,0,0
"beverages,coffee,brewed,prep w/ tap h2o,decaffeinated",0.05,0,2,0,0,0
"beverages,orange brkfst drk,rtd,w/ added nutr",0.05,0,100,0,24,5
"soup, onion, dry, mix, prepared with water",0.05,0,9,,0.1,0
"grapefruit,raw,white,florida",0.05,0,15,0,37,9
"oil,industrial,soy,lo linolenic",0.05,0,0,0,0,0
"beverages,tea,inst,lemon,diet",0.05,0,3,0,0,0
"oil,industrial,soy,fully hydr",0.05,0,0,0,0,0
"oil,industrial,soy,ultra lo linolenic",0.05,0,0,0,0,0
"oil,cocnt",0.05,0,1,0,0,0
"beverages,coffee,inst,chicory",0.05,0,4,,0,0
"puddings,vanilla,dry mix,reg,w/ added oil",0.05,0,15,,0,0
"oil, industrial, soy, fully hydrogenated",0.05,0,0,,0,0
"puddings,banana,dry mix,reg",0.05,0,20,0,0,0
"beverages, ocean spray, white cranberry peach",0.05,0,3,0,27.1,8
"vanilla extract,imitn,no alcohol",0.05,0,3,0,0,0
"beverages,pepsico quaker,gatorade,g performance o 2,rtd.",0.05,0,1,0,0.4,0
"puddings,banana,dry mix,reg,w/ added oil",0.05,0,20,0,0,0
"beverage,fruit punch-flavor drk,pdr,wo/ added na,prep w/ h2o",0.05,0,17,0,11.8,0
"sugars,granulated",0.05,0,1,0,0,0
"syrups,grenadine",0.05,0,6,0,0,0
"syrups, grenadine",0.05,0,6,,0,0
"coffee, instant, with chicory, prepared with water",0.05,0,4,,0,0
"vanilla extract, imitation, no alcohol",0.05,0,3,,0,0
"soup,onion,dry,mix,prep w/ h2o",0.05,0,9,0,0.1,0
"carbonated bev,crm soda",0.05,0,5,0,0,0
"beverages,carb,root beer",0.05,0,5,0,0,0
"puddings,all flavors xcpt choc,lo cal,reg,dry mix",0.05,0,49,0,0,0
"lemon juc from conc,cnd or btld",0.06,0,10,0,14.3,9
"waterchestnuts,chinese,(matai),raw",0.06,0,11,0,4,16
"alcoholic bev,liqueur,coffee,63 proof",0.06,0,1,,0,0
"alcoholic bev,liqueur,coffee,53 proof",0.06,0,1,0,0,0
"beverages,coffee,inst,w/ whtnr,red cal",0.06,0,18,0,0,1
"beverages,amber,hard cider",0.06,0,4,0,2.3,1
"ice creams, breyers, all natural light vanilla",0.06,0,169,,1.1,0
"sugars,powdered",0.06,0,1,0,0,0
fruit punch (with squashes),0.06,0,3.3,0,15.08,9.13
"beverages,cranberry-apple juc drk,lo cal,w/ vit c added",0.06,0,10,0,32,0
"gelatin dssrt,dry mix,red cal,w/ asprt",0.06,0,8,0,0,0
"soup,veg broth,ready to serve",0.06,0,3,0,0.4,0
"beverages,ocean spray,lt cranberry,concord grape",0.06,0,4,0,34.1,
"gelatin desserts, dry mix, reduced calorie, with aspartame",0.06,0,8,,0,0
"grapefruit,raw,white,all areas",0.06,0,12,0,33.3,10
"beverages,carb,orange",0.06,0,5,0,0,0
"grapefruit, white",0.06,0,12,0,33.3,0
kraft breakstone's reduced fat sour cream,0.06,0,161,,1.1,0
"oil,rice bran",0.07,0,0,0,0,0
"cranberry juc cocktail,frz conc,prep w/ h2o",0.07,0,5,0,10.5,0
"beverages,orange-flavor drk,brkfst type,lo cal,pdr",0.07,0,1378,0,2400,0
"rose-apples,raw",0.07,0,29,0,22.3,
"syrups, table blends, pancake, with 2% maple",0.07,0,5,,0,0
"syrups, table blends, pancake, with 2% maple, with added potassium",0.07,0,5,,0,0
"shortening, vegetable, household, composite",0.07,0,1,0,0,0
"beverages,ocean spray,lt cranberry",0.07,0,3,0,0.8,
"beverages, orange-flavor drink, breakfast type, low calorie, powder",0.07,0,1378,0,2400,0
"beverages,grape drk,cnd",0.07,0,52,0,31.4,0
"alcoholic bev,creme de menthe,72 proof",0.07,0,0,0,0,0
"apples,raw,without skin",0.07,0,5,0,4,0
"desserts,rennin,vanilla,dry mix",0.07,0,117,,0,0
"gravy,heinz home style,classic chick",0.07,0,10,,,
"shortening,veg,household,comp",0.07,0,1,0,0,0
"beverages,cranberry-apple juc drk,btld",0.07,0,3,0,39.5,0
"syrups,table blends,pancake,w/2% maple,w/ k",0.07,0,5,,0,0
"syrups,table blends,pancake,w/2% maple",0.07,0,5,0,0,0
"tea,tundra,herb & laborador combination (alaska native)",0.08,0,2,,0.3,1
"alcoholic bev,whiskey sour,prep from item 14028",0.08,0,1,,1.6,0
"alcoholic beverage, whiskey sour, prepared from item 14028",0.08,0,1,,1.6,0
"beverages,coffee sub,crl grain bev,prep w/ h2o",0.08,0,4,0,0,1
"beverages,tea,herb,other than chamomile,brewed",0.08,0,2,0,0,1
"beverages,tea,herb,brewed,chamomile",0.08,0,2,0,0,1
"puddings,vanilla,dry mix,reg",0.08,0,5,0,0,0
"bever,fruit-flav drk,pdr,w/ hi vit c w/ other add vit,lo cal",0.08,0,800,0,2400,5
"flan,caramel custard,dry mix",0.08,0,24,,0,0
"grapefruit,raw,pink&red,all areas",0.08,0,22,0,31.2,13
"beverages,carb,grape soda",0.08,0,3,,0,0
"lemon juice,raw",0.08,0,6,0,38.7,20
"grapefruit,raw,pink&red,california&arizona",0.08,0,11,0,38.1,12
"bev,orange drk,brkfst type,w/ juc & pulp,frz conc,pre w/ h2o",0.08,0,118,0,55.1,0
"alcoholic bev,whiskey sour,prep w/ h2o,whiskey & pdr mix",0.08,0,46,,0.4,0
"cranberry juc blend,100% juc,btld,w/ added vit c & ca",0.08,0,19,0,31.5,18
"orange juc,frz conc,unswtnd,dil w/ 3 volume h2o,w/ added ca",0.08,0,147,0,36.2,19
"grapefruit, pink and red",0.08,0,22,0,31.2,0
"grapefruit,raw,white,california",0.08,0,12,0,33.3,12
carambola or starfruit,0.08,0,3,0,34.4,0
"beverages,ocean spray,cran cherry",0.08,0,3,0,24.4,37
"beverages,tea,hibiscus,brewed",0.08,0,8,0,0,1
"beve,orange-flav drk,brkfst type,w/ pulp,frz conc,pre w/ h2o",0.08,0,39,0,69.2,9
"carambola,(starfruit),raw",0.08,0,3,0,34.4,12
"margarine-like,veg oil sprd,fat-free,tub",0.08,0,8,0,0,0
"lemonade,frz conc,pink",0.08,0,8,,14.1,11
"beverages,fruit-flavored drk,dry pdr mix,lo cal,w/ asprt",0.08,0,1047,0,560,0
"orange juc,frz conc,unswtnd,dil w/3 volume h2o",0.08,0,12,0,36.2,19
"alcoholic bev,whiskey sour",0.08,0,1,,1.6,0
"sweetener, syrup, agave",0.09,0,1,0,17,30
"lime juice,raw",0.09,0,14,0,30,10
"oheloberries,raw",0.09,0,7,,6,
"oranges,raw,california,valencias",0.09,0,40,0,48.5,39
"oranges,raw,florida",0.09,0,43,0,45,17
"grapefruit,raw,pink&red&white,all areas",0.09,0,12,0,34.4,10
"fruit punch drink, with added nutrients, canned",0.09,0,8,0,29.6,1
"lemonade,frz conc,white",0.09,0,7,0,13.1,7
"beverages,fruit punch drk,w/ added nutr,cnd",0.09,0,8,0,29.6,1
"soup,healthy choic chick & rice soup,cnd",0.09,0,15,0,1,
"syrups,table blends,pancake,w/butter",0.09,0,2,0,0,0
"frozen novelties,ice type,italian,rest-prep",0.09,0,1,,0.5,5
"alcoholic bev,daiquiri,prepared-from-recipe",0.09,0,3,,1.6,2
"beverages,fruit punch drk,frz conc,prep w/ h2o",0.09,0,4,0,43.8,1
"soup,crm of mushroom,cnd,prep w/ eq volume h2o",0.09,0,7,0.1,0,1
"grvy, chckn, cnnd bttld, rts",0.09,0,10,0,0,2
"fruit punch drink, without added nutrients, canned",0.09,0,8,0,0.4,4
"beverages,coffee,ready to drk,iced,mocha,milk bsd",0.09,0,52,0,0,0
"beverages,fruit punch drk,wo/ added nutr,cnd",0.09,0,8,0,0.4,4
"pomegranate juc,btld",0.1,0,11,0,0.1,24
"milk,imitation,non-soy",0.1,0,82,1.1,0,0
"butterbur,ckd,bld,drnd,w/salt",0.1,0,59,0,18.9,4
"salad drsng,kraft mayo fat free mayo drsng",0.1,0,6,0,0,4
"oranges,raw,all comm var",0.1,0,40,0,53.2,30
"butterbur,ckd,bld,drnd,wo/salt",0.1,0,59,0,18.9,4
"babyfood,fruit,applsauc&pnappl,jr",0.1,0,4,0,26.8,2
"milk, imitation, non-soy",0.1,0,82,,0,0
"babyfood,cherry cobbler,jr",0.1,0,5,0,9.3,2
"orange juc,cnd,unswtnd",0.1,0,10,0,30.1,24
"butterbur, cooked, boiled, drained, with salt",0.1,0,59,,18.9,4
"beverages, fortified low calorie fruit juice beverage",0.1,0,9,0,25.4,44
"babyfood,dssrt,peach cobbler,str",0.1,0,4,0,20.5,2
"alcoholic bev,rice (sake)",0.1,0,5,0,0,0
oranges,0.1,0,40,0,53.2,0
"butterbur,(fuki),raw",0.1,0,103,0,31.5,10
"alcoholic beverage, rice (sake)",0.1,0,5,0,0,0
"apples,raw,fuji,w/ skn",0.1,0,7,0,,3
"cranberry juc cocktail,btld",0.1,0,3,0,42.3,0
"babyfood,fruit,applsauc&pnappl,str",0.1,0,4,0,28.1,2
"carbonated bev,chocolate-flavored soda",0.1,0,4,0,0,0
"beverages,orange & apricot juc drk,cnd",0.1,0,5,0,20,7
"babyfood,banana appl dssrt,str",0.1,0,3,0,12.3,4
"sweeteners,tabletop,fructose,dry,pdr",0.1,0,0,0,0,0
"babyfood,dssrt,peach cobbler,jr",0.1,0,4,0,20.5,4
"beverages,fuze,orange mango,fort w/ vitamins a,c,e,b6",0.1,0,9,0,24,44
fruit punch (with fresh juices),0.1,0,5.07,0,41.44,24.57
"sweeteners,tabletop,fructose,liq",0.11,0,1,0,0,0
"carbonated beverage, low calorie, cola or pepper-type, with aspartame, contains caffeine",0.11,0,3,,0,0
"sweeteners, tabletop, fructose, liquid",0.11,0,1,,0,0
"beverages,orange juc drk",0.11,0,2,0,15,4
"juice,appl & grape blend,w/ added vit c",0.11,0,11,0,28.2,0
"babyfood,dssrt,dutch appl,jr",0.11,0,3,0,18,0
"grapefruit juc,white,cnd or btld,unswtnd",0.11,0,14,0,28.3,10
"grapefruit juc,white,btld,unswtnd,ocean spray",0.11,0,14,0,28.3,
"beverages,whiskey sour mix,btld",0.11,0,2,0,2.7,0
orange milkshake (narangi milkshake),0.11,0,67.42,0,10.82,16.85
"beverages,carb,cola,fast-food cola",0.11,0,2,0,0,0
"beverages,carb,lo cal,cola or pepper-type,w/ asprt, caffeine",0.11,0,3,0,0,0
"whiskey sour mix, bottled, with added potassium and sodium",0.11,0,2,,2.7,0
"beverages,carb,sprite,lemon-lime,wo/ caffeine",0.11,0,2,0,0,0
pineapple milkshake (ananas milkshake),0.11,0,59.92,0,10.22,17.45
"whiskey sour mix,btld,w/ k&na",0.11,0,2,,2.7,0
"syrup,maple,canadian",0.11,0,109,,0,
"babyfood,juc,orange&banana",0.11,0,17,0,34,24
"sisymbrium sp. seeds,whl,dried",0.11,0,1633,,30.7,95
"syrups,maple",0.11,0,102,0,0,0
"pummelo,raw",0.11,0,4,,61,
"apples,raw,red delicious,w/ skn",0.11,0,6,0,,3
"puddings,tapioca,dry mix,w/ no added salt",0.12,0,4,,0,0
"applesauce,cnd,swtnd,wo/ salt (includes usda commodity)",0.12,0,3,0,1.7,1
woodapple juice (bel ka sharbat),0.12,0,11.85,0,18.36,5.65
"toppings,pineapple",0.12,0,6,0,3.1,2
"grapefruit,raw,pink & red,florida",0.12,0,15,0,37,9
vanilla extract,0.12,0,11,0,0,0
"margarine,80% fat,stk,incl reg & hydr corn & soybn oils",0.12,0,3,0,0,1
"gravy,campbell's,chick",0.12,0,12,,,
"salad drsng,mayonnaise-like,fat-free",0.12,0,6,0,0,0
vegetable stock,0.12,0,5.08,0,7.58,13.92
"toppings, pineapple",0.12,0,6,0,3.1,2
"campbell's soup on the go, healthy request chicken with mini noodles soup",0.12,0,7,,0,0
"apple juc,cnd or btld,unswtnd,w/ added vit c",0.12,0,8,0,38.5,0
"campbell's soup on the go, creamy broccoli soup",0.12,0,13,,0,0
"dessert topping,semi solid,frz",0.12,0,6,0,0,0
pineapple milkshake with ice cream (ananas milkshake ice cream ke saath),0.12,0,68.78,0.02,5.39,6.13
"puddings,tapioca,dry mix",0.12,0,4,0,0,0
"campbell's soup on the go,cheesy potato w/ bacon flavor soup",0.12,0,7,0,0,
"apples, raw, gala, with skin",0.12,0,7,0,0,0
"dip, old el paso, cheese 'n salsa, medium",0.12,0,81,,0.8,0
"lemon juc,frz,unswtnd,single strength",0.12,0,8,0,31.5,10
"apples,raw,with skin",0.12,0,6,0,4.6,3
"beverages,ocean spray,cran pomegranate",0.12,0,2,0,27.1,8
"alcoholic bev,distilled,rum,80 proof",0.12,0,0,0,0,0
"puddings, tapioca, dry mix, with no added salt",0.12,0,4,,0,0
pineapple milkshake with ice cream (ananas milkshake ice creamâ keâ saath),0.12,0,68.78,0,18.32,20.84
"apple juc,cnd or btld,unswtnd,wo/ added vit c",0.12,0,8,0,0.9,0
"salad dressing, kraft miracle whip free nonfat dressing",0.12,0,6,,0,0
"apples,raw,gala,w/ skn",0.12,0,7,0,,3
"beverages,coffee,brewed,espresso,rest-prep,decaffeinated",0.13,0,2,0,0.2,1
"gelatin dssrt,dry mix",0.13,0,3,0,0,3
"apple juice, canned or bottled, unsweetened, with added ascorbic acid, calcium, and potassium",0.13,0,70,0,30.3,0
"beverages,coffee,brewed,espresso,rest-prep",0.13,0,2,0,0.2,1
"oil,corn,peanut,and olive",0.13,0,0,0,0,0
"orange juc,chilled,incl from conc,w/ added ca & vitamin d",0.13,0,140,1,33.6,19
"nuts,cocnt crm,cnd,swtnd",0.13,0,4,0,0,14
"apples,raw,golden delicious,w/ skn",0.13,0,6,0,,3
"orange juc,chilled,incl from conc,w/ added ca",0.13,0,140,0,33.6,19
"onions,cnd,sol&liquids",0.13,0,45,0,4.3,10
"oranges,raw,navels",0.13,0,43,0,59.1,34
"frozen novelties,ice type,fruit,no sugar added",0.13,0,2,0,0,0
"candies, jellybeans",0.13,0,3,0,0,0
"nuts, coconut cream, canned, sweetened",0.13,0,4,0,0,14
banana milkshake (kele milkshake),0.13,0,62.64,0,6.84,19.83
"candies,jellybeans",0.13,0,3,0,0,0
"apple juc,cnd or btld,unswtnd,w/ added vit c,ca,& k",0.13,0,70,0,30.3,0
"babyfood,fruit,bananas&pnappl w/tapioca,jr",0.13,0,7,0,21.2,6
"beverages,grape juc drk,cnd",0.13,0,7,0,26.5,1
"orange juc,chilled,incl from conc,w/ add ca & vitamins a,d,e",0.13,0,146,1,33.6,19
"orange juc,chilled,incl from conc",0.13,0,11,0,33.6,19
"vanilla extract,imitn,alcohol",0.13,0,0,0,0,0
"orange juice, chilled, includes from concentrate, with added calcium",0.13,0,140,0,33.6,19
"gelatin desserts, dry mix",0.13,0,3,,0,3
"longans,raw",0.13,0,1,,84,
"fast foods,strwby banana smth made w/ ice & low-fat yogurt",0.14,0,20,0,5.2,8
"feijoa,raw",0.14,0,17,,32.9,23
"juice,appl,grape & pear blend,w/ added vit c & ca",0.14,0,72,0,50.7,0
"babyfd,fru,ban and straw, ju",0.14,0,0,0,12.9,22
"grapefruit juc,white,frz conc,unswtnd,dil w/ 3 volume h2o",0.14,0,8,0,33.7,4
"rice noodles,ckd",0.14,0,4,0,0,1
banana milkshake with ice cream (kele ka milkshake ice cream ke saath),0.14,0,68.3,0,6.99,20.73
"salad dressing, mayonnaise, light",0.14,0,6,,0,4
"salad drsng,mayo,lt",0.14,0,6,0,0,4
"rice,white,glutinous,unenr,ckd",0.14,0,2,0,0,1
"fruit juc smoothie,naked juc,mighty mango",0.15,0,8,0,2.5,
"oil,industrial,palm kernel (hydrogenated),confection fat",0.15,0,1,,0,0
"jellies,no sugar (with na saccharin),any flavors",0.15,0,31,0,0,3
"oil,industrial,cocnt (hydrogenated),for toppings & whiteners",0.15,0,1,,0,0
"campbell's chunky microwavable bowls, grilled chicken and sausage gumbo, ready-to-serve",0.15,0,16,,0,0
"oil, industrial, coconut (hydrogenated), used for whipped toppings and coffee whiteners",0.15,0,1,0,0,0
campbell's homestyle butternut squash bisque,0.15,0,8,0,0,
"radishes, oriental, cooked, boiled, drained, with salt",0.15,0,17,,15.1,17
"oil,industrial,cocnt,confection fat,ice crm coatings",0.15,0,2,0,0,0
campbell's homestyle chick w/ white & wild rice soup,0.15,0,8,0,0,
"radishes,oriental,ckd,bld,drnd,w/salt",0.15,0,17,0,15.1,17
fruit delight,0.15,0,71.69,0,7.74,19.39
"oil,industrial,palm kernel (hydrogenated),filling fat",0.15,0,2,,0,0
"persimmons,japanese,raw",0.15,0,8,0,7.5,8
"beverages,aloe vera juc drk,fort w/ vit c",0.15,0,8,0,3.8,0
"cranberry-apricot juice drink, bottled",0.15,0,9,0,0,1
"beverages,kiwi strawberry juc drk",0.15,0,0,0,24.7,0
"campbell's chunky soups, old fashioned potato ham chowder",0.15,0,8,0,1,0
"gelatin dssrt,dry mix,w/ added vit c,sodium-citrate & salt",0.15,0,3,,62.8,3
campbell's homestyle mexican style chicken tortilla soup,0.15,0,8,,0,0
"oil,industrial,palm kernel (hydrog) for whipped toppings",0.15,0,1,,0,0
"babyfood,gerber,2nd foods,appl,carrot & squash,organic",0.15,0,6,0,2732,2
"radishes,oriental,ckd,bld,drnd,wo/salt",0.15,0,17,0,15.1,17
"v8 veg juc,lo na spicy hot",0.15,0,8,0,24.7,0
"tangerines,(mandarin oranges),raw",0.15,0,37,0,26.7,16
"campbell's chunky soups, grilled chicken with vegetables & pasta soup",0.15,0,8,0,0,0
apple jelly (seb ki jelly),0.15,0,7.89,0,0,0
"soup, cheese, canned, condensed",0.15,0,36,,0.2,3
"beverages,cranberry-apricot juc drk,btld",0.15,0,9,0,0,1
"oil,industrial,palm & palm kernel,filling fat (non-hydrog)",0.15,0,1,,0,0
"soup,chs,cnd,cond",0.15,0,36,0,0.2,3
"campbell's chunky soups,old fashioned potato ham chowder",0.15,0,8,0,1,
"apples,raw,granny smith,w/ skn",0.15,0,5,0,,3
"juice smoothie, naked juice, mighty mango",0.15,0,8,,2.5,0
"beverages,v8 v-fusion juices,strawberry banana",0.15,0,8,0,24.4,3
"marmalade,orange",0.15,0,38,0,4.8,9
"pineapple juc,frz conc,unswtnd,dil w/3 volume h2o",0.16,0,13,0,12,11
"tree fern,ckd,wo/salt",0.16,0,8,0,30,15
"plums,cnd,purple,h2o pk,sol&liquids",0.16,0,7,0,2.7,3
"frostings,vanilla,creamy,rte",0.16,0,3,0,0,8
"mcdonald's,lofat caramel sau",0.16,0,71,,0,0
"tree fern, cooked, without salt",0.16,0,8,,30,15
"mangos,raw",0.16,0,11,0,36.4,43
"beverages,tea,inst,lemon,w/ added vit c",0.16,0,3,,100,43
vanilla ice cream with apples in hot cherry sauce,0.16,0,56.34,0,4.23,10.77
"tree fern,ckd,w/salt",0.16,0,8,0,30,15
"frostings,crm cheese-flavor,rte",0.16,0,3,,0,0
"frozen novelties,ice type,lime",0.16,0,2,0,1,0
"lemonade,frz conc,white,prep w/h2o",0.16,0,4,,3.9,1
"cabbage, common, cooked, boiled, drained, with salt",0.17,0,48,,37.5,30
"melons,honeydew,raw",0.17,0,6,0,18,19
"squash, indian, raw (navajo)",0.17,0,9,,4.5,0
"puddings,lemon,dry mix,reg,w/ added oil,k,na",0.17,0,,,0,0
candied fruit,0.17,0,18,0,0,0
"babyfood, fruit supreme dessert",0.17,0,6,0,12.7,6
"apples,raw,wo/ skn,ckd,microwave",0.17,0,5,0,0.3,1
"fish, cod, pacific, untreated, raw",0.17,0,23,,0,0
"cabbage,common,ckd,bld,drnd,w/salt",0.17,0,48,0,37.5,30
"babyfood,gerber,3rd foods,appl,mango & kiwi",0.17,0,9,0,23.3,14
rice kheer (chawal ki kheer),0.17,0,75.57,0,5.06,19.54
"puddings,lemon,dry mix,reg",0.17,0,5,,0,0
"plums,raw",0.17,0,6,0,9.5,5
"cabbage,ckd,bld,drnd,wo/salt",0.17,0,48,0,37.5,30
"babyfood,juice,orange",0.17,0,12,0,62.5,26
"avocados,raw,florida",0.17,0,10,0,17.4,35
"babyfood,fruit supreme dssrt",0.17,0,6,0,12.7,6
"beverages,lemonade-flavor drk,pdr",0.17,0,11,0,40.6,0
"apples,frz,unswtnd,unhtd",0.18,0,4,0,0.1,1
apple snowballs,0.18,0,9.43,0,4.46,4.64
pineapple squash (ananas ka squash),0.18,0,7.96,0,0,0
"jellies,red sugar,home preserved",0.18,0,5,0,0,1
"turnips, cooked, boiled, drained, without salt",0.18,0,33,,11.6,9
apple kheer (seb ki kheer),0.18,0,75.67,0,5.82,16.4
apple and honey sorbet (seb aur shehad ka sharbat),0.18,0,9.11,0,5.08,2.68
"soup,crm of mushroom,cnd,cond",0.18,0,12,0.2,0,2
"turnips,ckd,bld,drnd,wo/salt",0.18,0,33,0,11.6,9
stewed apple,0.18,0,9.25,0,0,0
"guava sauce,cooked",0.18,0,7,0,146.4,5
stewed apple with custard,0.18,0,49.24,0,5.6,10.2
"rutabagas,ckd,bld,drnd,wo/salt",0.18,0,18,0,18.8,15
"rutabagas,ckd,bld,drnd,w/salt",0.18,0,18,0,18.8,15
"pears, raw",0.18,0,9,,4.3,7
"beverages,carb,ginger ale",0.18,0,3,0,0,0
"pears,raw",0.18,0,9,0,4.3,7
orange pineapple juice blend,0.18,0,8,0,40.7,10
"blueberries,frz,unswtnd",0.18,0,8,0,2.5,7
orange pnappl juc blend,0.18,0,8,0,40.7,10
"java-plum,(jambolan),raw",0.19,0,19,,14.3,
"peach nectar,cnd,w/ vit c",0.19,0,5,0,17.6,1
"frozen novelties,fruit & juc bars",0.19,0,5,0,9.5,7
orange milkshake with ice cream (narangi milkshake ice cream ke saath),0.19,0,69.8,0.04,6.13,6.28
"peach nectar,cnd,wo/ vit c",0.19,0,5,0,5.3,1
orange milkshake with ice cream (narangi milkshake ice creamâ keâ saath),0.19,0,69.8,0,20.86,21.34
"apples,raw,wo/skn,ckd,bld",0.19,0,5,0,0.2,1
"potatoes,mshd,prep from granules,wo/milk,whl milk&margarine",0.19,0,35,0,6,7
jellies,0.19,0,7,0,0.9,2
"syrups,table blends,cane&15% maple",0.19,0,12,0,0,0
"apples,frz,unswtnd,htd",0.19,0,5,0,0.4,1
"beverages,lemonade,pdr",0.19,0,20,0,39.9,6
"potatoes,mshd,dehyd,prep fr grnls wo/milk,whl milk&butter",0.19,0,35,0,6,8
banana chips (kele ke chips),0.19,0,2.01,0,4.03,8.97
"frozen novelties, fruit and juice bars",0.19,0,5,0,9.5,7
"cranberry-orange relish,cnd",0.2,0,11,0,18,
"babyfood, apple-banana juice",0.2,0,7,0,27.9,1
"salad dressing, french, cottonseed, oil, home recipe",0.2,0,6,,0,0
"babyfood,pears,dices,todd",0.2,0,10,0,31.3,1
"tangerine juice,raw",0.2,0,18,0,31,5
"fruit juc smoothie,odwalla,strawberry banana",0.2,0,10,0,38.4,30
"babyfood,mxd fruit yogurt,str",0.2,0,28,0,11.7,2
"acerola,(west indian cherry),raw",0.2,0,12,,1677.6,14
"babyfood,juc,orange&appl",0.2,0,10,0,76.9,12
"babyfood,fruit & veg,appl & swt potato",0.2,0,8,0,6.4,2
"rice,white,medium-grain,ckd,unenr",0.2,0,3,0,0,2
"grapefruit juice,pink,raw",0.2,0,9,0,38,10
"babyfood,fruit dssrt,mango w/ tapioca",0.2,0,8,0,15.8,8
"beverages,appl juc drk,lt,fort w/ vit c",0.2,0,3,0,24,0
"babyfood, potatoes, toddler",0.2,0,4,0,10.5,6
"babyfood,appls,dices,todd",0.2,0,10,0,31.3,1
"gourd,white-flowered (calabash),raw",0.2,0,26,0,10.1,6
"babyfood,potatoes,toddler",0.2,0,4,0,10.5,6
"rice,white,long-grain,reg,unenr,ckd wo/ salt",0.2,0,10,0,0,3
"fruit juc smoothie,naked juc,strawberry banana",0.2,0,10,0,8.4,35
"grapefruit juc,pink or red,w/ added ca",0.2,0,146,0,25,11
"pears,cnd,ex lt syrup pk,sol&liquids",0.2,0,7,0,2,1
"beverages,fruit punch juc drk,frz conc,prep w/ h2o",0.2,0,7,0,4.8,2
"orange juice,raw",0.2,0,11,0,50,30
"babyfood,fruit,appl&blueberry,str",0.2,0,4,0,27.8,4
"rice,white,short-grain,ckd,unenr",0.2,0,1,0,0,2
starfruit preserves,0.2,0,5.24,0,17.65,4.32
"salad drsng,french,home recipe",0.2,0,6,,0.6,0
"babyfood,carrots,toddler",0.2,0,19,0,0.7,7
"babyfood,dssrt,dutch appl,str",0.2,0,5,0,21.4,1
"agutuk, fish with shortening (alaskan ice cream) (alaska native)",0.2,0,0,,0,0
"rice,white,long-grain,reg,ckd,unenr,w/salt",0.2,0,10,0,0,3
"celery,raw",0.2,0,40,0,3.1,36
"prickly pears, raw (northern plains indians)",0.2,0,180,,11,0
"cranberry sau,whl,cnd,ocean spray",0.2,0,3,0,1,
"babyfood,peaches,dices,todd",0.2,0,6,0,31.3,5
"babyfood, juice, apple, with calcium",0.2,0,127,0,21.2,0
"babyfood,apple-banana juc",0.2,0,7,0,27.9,1
"pitanga,(surinam-cherry),raw",0.2,0,9,,26.3,
"watercress,raw",0.2,0,120,0,43,9
"babyfood,fruit,guava&papaya w/tapioca,str",0.2,0,7,0,80.9,2
"babyfood,juc,orange-carrot",0.2,0,16,0,34.1,39
"babyfood,juc,appl,w/ca",0.2,0,127,0,21.2,0
"vinegar,cider",0.2,0,7,0,0,0
"babyfood,fruit,plums w/tapioca,wo/vit c,str",0.2,0,6,0,1.1,2
"babyfood,fruit,bananas w/tapioca,str",0.2,0,5,0,16.7,6
"tangerine juc,cnd,swtnd",0.2,0,18,0,22,5
"grapefruit juc,white,raw",0.2,0,9,0,38,10
"grapefruit, sections, canned, juice pack, solids and liquids",0.21,0,15,0,33.9,9
"babyfood,dssrt,fruit dssrt,wo/vit c,jr",0.21,0,9,0,3,4
"melons,cantaloupe,raw",0.21,0,9,0,36.7,21
"babyfood,fruit,pears&pnappl,jr",0.21,0,10,0,16.8,3
"fruit cocktail,cnd,juc pk,sol&liquids",0.21,0,8,0,2.7,3
"blackberries,wild,raw (alaska native)",0.21,0,5,,4.7,11
"pears,cnd,h2o pk,sol&liquids",0.21,0,4,0,1,1
"soup,mushroom barley,cnd,prep w/ eq volume h2o",0.21,0,5,,0,2
"alcoholic bev,pina colada,prepared-from-recipe",0.21,0,8,,4.9,12
"beverages,tea,grn,inst,decaffei,lemon,unswtnd,fort w/ vit c",0.21,0,2,0,1342.3,1
"soup, mushroom barley, canned, prepared with equal volume water",0.21,0,5,,0,2
"beverages,tea,inst,decaffeinated,lemon,swtnd",0.21,0,2,,0,1
"tea, instant, sweetened with sugar, lemon-flavored, without added ascorbic acid, powder",0.21,0,2,,0,1
stewed fruit (with pear),0.21,0,5.94,0,2.48,4.33
"rhubarb,frz,ckd,w/sugar",0.21,0,145,0,3.3,5
apple jam (seb ka murabba),0.21,0,10.84,0,0,0
"soup,stock,chick,home-prepared",0.21,0,3,0,0.2,5
"onions,raw",0.21,0,23,0,7.4,19
"sauce,swt & sour,rts",0.21,0,10,0,8.7,8
"beverages,tea,inst,lemon,swtnd,pdr",0.21,0,2,0,0,1
"melon,banana (navajo)",0.21,0,13,0,8.1,20
"grapefruit,sections,cnd,juc pk,sol&liquids",0.21,0,15,0,33.9,9
"toppings,marshmllw crm",0.22,0,3,0,0,1
"babyfood,fruit,applsauc,jr",0.22,0,5,0,37.8,2
"chayote,fruit,ckd,bld,drnd,wo/salt",0.22,0,13,0,8,18
"pears, canned, extra heavy syrup pack, solids and liquids",0.22,0,5,,1.1,1
"babyfood,fruit,applsauc,str",0.22,0,4,0,38.3,2
"soup,bf broth,bouillon,consomme,prep w/ eq volume h2o",0.22,0,4,,0.4,1
"potatoes,mshd,dehyd,prep frm flks wo/ milk,whl milk&marg add",0.22,0,49,0,9.7,7
"chayote,fruit,ckd,bld,drnd,w/salt",0.22,0,13,0,8,18
"babyfood,dssrt,fruit dssrt,wo/vit c,str",0.22,0,9,0,2.5,3
"rhubarb,raw",0.22,0,86,0,8,7
"babyfood, fruit, apple and raspberry, junior",0.22,0,5,0,28.9,1
"babyfood,fruit,plums w/tapioca,wo/vit c,jr",0.22,0,6,0,0.8,1
"turnips,ckd,bld,drnd,w/salt",0.22,0,22,0,11.6,9
"babyfood,fruit,appl & raspberry,jr",0.22,0,5,0,28.9,1
"pears,cnd,ex hvy syrup pk,sol&liquids",0.22,0,5,0,1.1,1
"corn,swt,yel,cnd,drnd sol,rinsed w/ tap h2o",0.22,0,2,0,1.7,29
potato canjee (aloo canjee),0.22,0,5.21,0,7.72,6.77
"pasta,gluten-free,corn & rice flr,ckd",0.22,0,2,0,0,4
"chayote, fruit, cooked, boiled, drained, with salt",0.22,0,13,0,8,18
"cucumber,peeled,raw",0.22,0,14,0,3.2,14
"babyfood,apple-cranberry juc",0.22,0,6,0,27.9,0
"guavas,strawberry,raw",0.22,0,21,0,37,
"pears,cnd,hvy syrup pk,sol&liquids",0.22,0,5,0,1.1,1
"pears,cnd,hvy syrup,drnd",0.22,0,6,0,1.1,1
"turnips, cooked, boiled, drained, with salt",0.22,0,22,,11.6,9
"babyfood,fruit,appl & raspberry,str",0.22,0,5,0,26.8,1
"babyfood, fruit, peaches, junior",0.23,0,4,0,46.1,21
"popeyes,coleslaw",0.23,0,31,,14.7,
"applesauce,cnd,unswtnd,w/ vit c",0.23,0,4,0,21.2,3
"mango,dried,swtnd",0.23,0,0,0,42.3,68
"jackfruit,raw",0.23,0,24,0,13.7,24
"jackfruit, raw",0.23,0,24,0,13.7,24
"lime juc,cnd or btld,unswtnd",0.23,0,12,0,6.4,8
"popeyes, coleslaw",0.23,0,31,,14.7,0
"mayonnaise drsng,no chol",0.23,0,7,0,0,0
"cranberries,raw",0.23,0,8,0,14,1
"radishes,hawaiian style,pickled",0.23,0,28,0,0,9
"babyfood,fruit,bananas&pnappl w/tapioca,str",0.23,0,7,0,19.2,18
"babyfood,fruit,peaches,jr",0.23,0,4,0,46.1,21
"eggplant,raw",0.23,0,9,0,2.2,22
"babyfood,gerber,banana w/ orange medley",0.23,0,0,0,24.5,31
"candies,marshmallows",0.23,0,3,0,0,1
"apples,cnd,swtnd,sliced,drnd,unhtd",0.23,0,4,0,0.4,0
mashed banana with milk,0.23,0,78.64,0,0,0
"applesauce,cnd,unswtnd,wo/added vit c (includes usda commod)",0.23,0,4,0,1,3
"babyfood,fruit,peaches,str",0.23,0,4,0,46.1,21
honey banana cream,0.23,0,43.52,0,16.68,28.45
"watermelon,raw",0.24,0,7,0,8.1,3
"babyfood,juc treats,fruit medley,todd",0.24,0,12,0,8,1
"passion-fruit juc,purple,raw",0.24,0,4,0,29.8,7
pineapple jam,0.24,0,10.47,0,0,0
"babyfood,fruit,applsauc w/banana,jr",0.24,0,5,0,17.3,3
"bamboo shoots,ckd,bld,drnd,w/salt",0.24,0,12,0,0,2
"bamboo shoots,ckd,bld,drnd,wo/salt",0.24,0,12,0,0,2
"apples,cnd,swtnd,sliced,drnd,htd",0.24,0,4,0,0.2,0
"chicory, witloof, raw",0.24,0,19,,2.8,37
vegetable yakhni,0.24,0,43.67,0,5.43,60.84
"onions,ckd,bld,drnd,wo/salt",0.24,0,22,0,5.2,15
"bamboo shoots, cooked, boiled, drained, with salt",0.24,0,12,,0,2
"alcoholic bev,wine,dssrt,swt",0.24,0,8,0,0,0
"babyfood, fruit, applesauce with banana, junior",0.24,0,5,0,17.3,3
jackfruit kofta curry (kathal ka kofta curry),0.24,0,11.36,0,27.49,63.24
"pie fillings,cnd,cherry",0.24,0,11,0,3.6,4
"pears, raw, green anjou",0.24,0,11,,4.4,0
"chicory,witloof,raw",0.24,0,19,0,2.8,37
boiled rice (uble chawal),0.24,0,2.7,0,0,9.75
"alcoholic bev,wine,dssrt,dry",0.24,0,8,,0,0
"babyfood,fruit,pears,str",0.24,0,8,0,24.5,4
"rice,white,long-grain,parbld,unenr,ckd",0.24,0,19,0,0,3
"onions,ckd,bld,drnd,w/salt",0.24,0,22,0,5.2,15
"vegetable smoothie,naked juc,kale blazer",0.25,0,33,0,3.9,33
"babyfood,fruit,pears&pnappl,str",0.25,0,10,0,27.5,3
"mcdonald's,newman's own ranch drsng",0.25,0,77,,0.8,1
"bev,fruit juc drk, more  3% fruit juc,hi vit c & add thiamin",0.25,0,3,0,25.4,0
"salad drsng,italian drsng,comm,red fat",0.25,0,15,0,0,3
"gourd,white-flowered (calabash),ckd,bld,drnd,wo/salt",0.25,0,24,0,8.5,4
"eggplant,ckd,bld,drnd,w/salt",0.25,0,6,0,1.3,14
"beverages,fruit juc drk,greater than 3% juc,hi vit c",0.25,0,3,0,25,0
"pasta,gluten-free,corn,ckd",0.25,0,1,0,0,6
"babyfood,fruit,applsauc&apricots,str",0.25,0,6,0,18.9,2
"mushrooms,white,stir-fried",0.25,0,4,0.2,0,20
"creamy dressing, made with sour cream and/or buttermilk and oil, reduced calorie, fat-free",0.25,0,36,,0,6
"gourd, white-flowered (calabash), cooked, boiled, drained, without salt",0.25,0,24,,8.5,4
"peaches,yel,raw",0.25,0,6,0,6.6,4
"babyfood,fruit,pears,jr",0.25,0,8,0,22,4
"cranberry juc,unswtnd",0.25,0,8,0,9.3,1
"pineapple,raw,traditional var",0.25,0,13,0,16.9,11
"peppers,jalapeno,raw",0.25,0,12,0,118.6,27
"eggplant,ckd,bld,drnd,wo/salt",0.25,0,6,0,1.3,14
"gourd,white-flowered (calabash),ckd,bld,drnd,w/salt",0.25,0,24,0,8.5,4
"grape juc,cnd or btld,unswtnd,w/ added vit c",0.25,0,11,0,25,0
"campbell's,chick w/ rice soup,cond",0.25,0,41,0,0,
"grape juice, canned or bottled, unsweetened, without added ascorbic acid",0.25,0,11,,0.1,0
"papayas, raw",0.25,0,20,,60.9,37
"crmy drsg,mde w/ sour crm and/or btrmlk & oil,red cal,ftfree",0.25,0,36,0,0,6
"grape juc,cnd or btld,unswtnd,wo/ added vit c",0.25,0,11,0,0.1,0
"papayas,raw",0.25,0,20,0,60.9,37
"salad dressing, italian dressing, commercial, reduced fat",0.25,0,15,,0,3
"grape juc,cnd or btld,unswtnd,w/ added vit c & ca",0.25,0,42,0,25,0
"fruit cocktail,cnd,h2o pk,sol&liquids",0.25,0,5,0,2.1,3
"pickles,cucumber,swt (includes bread & butter pickles)",0.25,0,61,0,0.7,1
"fruit juice drink, greater than 3% juice, high vitamin c",0.25,0,3,0,25,0
"fruit salad,cnd,juc pk,sol&liquids",0.25,0,11,0,3.3,3
"babyfood, dessert, tropical fruit, junior",0.26,0,10,0,18.8,3
"guavas,common,raw",0.26,0,18,0,228.3,49
"pineapple juc,cnd,not from conc,unswtnd,w/ add vit a,c & e",0.26,0,14,0,31.3,12
"babyfood,fruit,applsauc&apricots,jr",0.26,0,6,0,17.9,1
"tomatoes,red,ripe,cnd,w/grn chilies",0.26,0,20,0,6.2,9
"beverages,orange drk,brkfst type,w/ juc & pulp,frz conc",0.26,0,399,0,189.7,0
"bananas,raw",0.26,0,5,0,8.7,20
"apple juc,frz conc,unswtnd,dil w/3 volume h2o,w/ vit c",0.26,0,6,0,25,0
"pear nectar,cnd,wo/ vit c",0.26,0,5,0,1.1,1
"bev,orange-flavo drk,brkfst type,w/ pulp,frz con. not manuf.",0.26,0,130,0,243.1,30
"salad drsng,italian drsng,comm,reg",0.26,0,13,0,0.4,0
potato kofta curry (aloo kofta curry),0.26,0,7.77,0,46.64,48.57
"pear nectar,cnd,w/ vit c",0.26,0,5,0,27,1
"apple juc,frz conc,unswtnd,dil w/3 volume h2o wo/ vit c",0.26,0,6,0,0.6,0
"pickles,cucumber,dill,red na",0.26,0,57,0,2.3,8
"applebee's,coleslaw",0.26,0,36,0,13.7,
"pickles,cucumber,dill or kosher dill",0.26,0,57,0,2.3,8
"babyfood,dssrt,tropical fruit,jr",0.26,0,10,0,18.8,3
"cream substitute,powdered",0.26,0,2,0,0,0
"peaches,cnd,hvy syrup,drnd",0.27,0,3,0,0.7,9
"peaches,cnd,juc pk,sol&liquids",0.27,0,6,0,3.6,3
"cherimoya,raw",0.27,0,10,,12.6,23
"mayonnaise,made with tofu",0.27,0,53,0,0,8
"ice creams,breyers,no sugar added,vanilla choc strawberry",0.27,0,132,0,0.8,
"peaches,cnd,hvy syrup pk,sol&liquids",0.27,0,3,0,2.8,3
"babyfood,fruit,apricot w/tapioca,jr",0.27,0,8,0,17.9,2
"corn,swt,yel,cnd,whl kernel,drnd sol",0.27,0,3,0,1.8,36
jackfruit sabzi (kathal ki sabzi),0.27,0,9.85,0,14.11,32.14
"cassava,raw",0.27,0,16,0,20.6,27
"beverages,pnappl & orange juc drk,cnd",0.27,0,5,0,22.5,9
"alcoholic bev,wine,table,white",0.27,0,9,0,0,1
"tangerines, (mandarin oranges), canned, juice pack, drained",0.27,0,12,0,33.9,5
"tangerines,(mandarin oranges),cnd,juc pk",0.27,0,11,0,34.2,5
"soup, stock, beef, home-prepared",0.27,0,8,,0,2
"ice creams, breyers, no sugar added, vanilla chocolate strawberry",0.27,0,132,0,0.8,0
pineapple raita (ananas ka raita),0.27,0,134.53,0,19.89,27.72
"tangerines,(mandarin oranges),cnd,juc pk,drnd",0.27,0,12,0,33.9,5
"alcoholic beverage, wine, table, white",0.27,0,9,,0,1
baked potato soup,0.27,0,106.56,0,18.93,42.67
"onions, yellow, sauteed",0.27,0,20,,1.8,0
"soup,stock,beef,home-prepared",0.27,0,8,0,0,2
"tomatoes,red,ripe,raw,year rnd average",0.27,0,10,0,13.7,15
cherimoya fruit,0.27,0,10,0,12.6,0
"alcoholic bev,wine,table,white,chardonnay",0.27,0,9,,0,1
"loquats,raw",0.28,0,16,,1,14
"okra,ckd,bld,drnd,w/salt",0.28,0,77,0,16.3,46
"peaches,spiced,cnd,hvy syrup pk,sol&liquids",0.28,0,6,0,5.3,3
"pineapple,raw,ex swt var",0.28,0,13,0,56.4,19
"pears,cnd,lt syrup pk,sol&liquids",0.28,0,5,0,0.7,1
"fruit salad,cnd,hvy syrup,sol&liquids",0.28,0,6,0,2.4,3
"pineapple,cnd,juc pk,sol&liquids",0.28,0,14,0,9.5,5
"mcdonald's,newman's own lofat balsamic vinaigrette",0.28,0,8,0,4,0
"cucumber,with peel,raw",0.28,0,16,0,2.8,7
"figs,cnd,ex hvy syrup pk,sol&liquids",0.28,0,26,0,1,
"squash,wntr,hubbard,ckd,bld,mshd,w/salt",0.28,0,10,0,6.5,10
"loquats, raw",0.28,0,16,,1,14
"figs,cnd,hvy syrup pk,sol&liquids",0.28,0,27,0,1,2
"squash,wntr,hubbard,ckd,bld,mshd,wo/salt",0.28,0,10,0,6.5,10
"nectarines,raw",0.28,0,6,0,5.4,5
"toppings,strawberry",0.28,0,6,0,13.7,6
"pineapple,cnd,juc pk,drnd",0.28,0,16,0,9.4,5
"cucumber, with peel, raw",0.28,0,16,,2.8,7
"fruit salad,cnd,ex hvy syrup,sol&liquids",0.28,0,6,0,2.1,3
"ginger root,pickled,cnd,w/ art swtnr",0.28,0,74,0,0,1
raw banana kofta curry (kela kofta curry),0.28,0,9.23,0,23.63,46.68
"prego pasta, zesty mushroom italian sauce, ready-to-serve",0.28,0,15,,0,0
oatmeal porridge,0.28,0,76.83,0,5.03,23.98
"okra, cooked, boiled, drained, with salt",0.28,0,77,,16.3,46
"fruit salad, (peach and pear and apricot and pineapple and cherry), canned, extra heavy syrup, solids and liquids",0.28,0,6,0,2.1,3
"corn,swt,white,cnd,whl kernel,drnd sol",0.28,0,3,0,2.1,36
"fruit cocktail,cnd,ex hvy syrup,sol&liquids",0.28,0,6,0,1.9,3
"salad drsng,1000 island drsng,fat-free",0.28,0,11,0,0,12
blueberry,0.28,0,6,0,9.7,0
"blueberries,raw",0.28,0,6,0,9.7,6
"vegetable juc cocktail,cnd",0.28,0,14,0,54.3,21
mayonnaise vegetable dip,0.28,0,91.42,0,4.58,7.03
"okra,ckd,bld,drnd,wo/salt",0.28,0,77,0,16.3,46
cauliflower potato canjee,0.28,0,6.78,0,15.57,14.43
"jackfruit,cnd,syrup pk",0.29,0,44,0,0.5,14
"rhubarb, frozen, uncooked",0.29,0,194,,4.8,8
"fish, pollock, alaska, untreated, cooked",0.29,0,13,,0,0
"fruit cocktail,cnd,hvy syrup,sol&liquids",0.29,0,6,0,1.9,3
"pineapple,raw,all var",0.29,0,13,0,47.8,18
"restaurant,latino,arroz con grandules (rice & pigeonpeas)",0.29,0,8,0,,
"campbell's chunky soups,bf rib rst potatoes herbs soup",0.29,0,8,0,0.5,
"spaghettios, spaghetti in tomato & cheese sauce",0.29,0,8,,0,0
"campbell's chunky soups,bkd potato cheddar bacon bits soup",0.29,0,16,0,0,
"campbell's red & white - microwaveable bowls,chick rice soup",0.29,0,8,0,0,
"fruit salad,cnd,lt syrup,sol&liquids",0.29,0,7,0,2.5,3
"campbell's red and white, chicken alphabet soup, condensed",0.29,0,0,,1,0
"melon balls,frozen",0.29,0,10,0,6.2,26
"ginkgo nuts,canned",0.29,0,4,0,9.1,33
"figs,cnd,lt syrup pk,sol&liquids",0.29,0,27,0,1,2
"usda cmdty,mxd fruit (peach,pear,grape),cnd,lt syr,sol & liq",0.29,0,5,0,3.1,2
"fruit cocktail,cnd,lt syrup,sol&liquids",0.29,0,6,0,1.9,3
"fruit cocktail,cnd,hvy syrup,drnd",0.29,0,7,0,1.9,3
"pears,cnd,juc pk,sol&liquids",0.29,0,9,0,1.6,1
"campbell's chunky soups, healthy request new england clam chowder",0.29,0,41,,0,0
"soup,tomato,cnd,prep w/eq volume h2o,comm",0.29,0,8,0,6.3,0
"figs,cnd,h2o pk,sol&liquids",0.29,0,28,0,1,2
pineapple,0.29,0,13,0,47.8,0
"kiwifruit, gold, raw",0.29,0,20,0,105.4,0
"jackfruit, canned, syrup pack",0.29,0,44,0,0.5,14
"kiwi nutriion: kiwifruit, gold",0.29,0,20,0,105.4,0
"campbell's red & white,old fashioned tomato rice soup,cond",0.29,0,0,0,1.9,
"campbell's chunky soups,chick corn chowder",0.29,0,8,0,0,
"beans,bkd,cnd,no salt added",0.29,0,50,0,3.1,24
"grapes,american type (slip skn),raw",0.29,0,14,0,4,4
campbell's homestyle harvest tomato with basil soup,0.29,0,8,,7.3,0
coconut h2o (liq from coconuts),0.29,0,24,0,2.4,3
campbell's homestyle potato broccoli chs soup,0.29,0,16,0,1,
"vegetable juc cocktail,lo na,cnd",0.29,0,15,0,54.3,21
"vegetable juice cocktail, low sodium, canned",0.29,0,15,0,54.3,0
"campbell's red and white, creamy chicken noodle soup, condensed",0.29,0,16,,0,0
"pie fillings,appl,cnd",0.29,0,4,0,1.7,0
"peaches,cnd,ex hvy syrup pk,sol&liquids",0.29,0,3,0,1.2,3
"campbell's chunky soups, healthy request microwavable bowls, grilled chicken & sausage gumbo soup",0.29,0,16,,2.4,0
"rhubarb,frozen,uncooked",0.29,0,194,0,4.8,8
"oil,industrial,palm kernel,confection fat",0.29,0,1,,0,0
"candies,hard",0.3,0,3,0,0,0
"peppers,swt,grn,sauteed",0.3,0,8,0,177,2
"babyfood, grape juice, no sugar, canned",0.3,0,12,,33.8,0
"carrots,raw",0.3,0,33,0,5.9,19
"babyfood,fruit,apricot w/tapioca,str",0.3,0,9,0,21.6,2
"onions,frz,chopd,ckd,bld,drnd,w/salt",0.3,0,16,0,2.6,13
"babyfood,banana no tapioca,str",0.3,0,4,0,21.9,17
"peaches,cnd,ex lt syrup,sol&liquids",0.3,0,5,0,3,3
"babyfood,juc,apple-sweet potato",0.3,0,15,0,34.1,3
"mangosteen,cnd,syrup pk",0.3,0,12,0,2.9,31
"restaurant,family style,coleslaw",0.3,0,34,0,13.7,25
"babyfood,fruit,applsauc&cherries,str",0.3,0,1,0,42.8,0
"babyfood,fruit,applsauc & cherries,jr",0.3,0,1,0,42.8,0
"apricots,cnd,ex lt syrup pk,w/skn,sol&liquids",0.3,0,10,0,4,2
"babyfood,grape juc,no sugar,cnd",0.3,0,12,0,33.8,4
"silk nog,soymilk",0.3,0,16,0,0,0
"agutuk, fish/berry with seal oil (alaskan ice cream) (alaska native)",0.3,0,8,0,2.9,0
"babyfood, fruit, applesauce and cherries, junior",0.3,0,1,0,42.8,0
"soup,chs,cnd,prep w/ eq volume h2o",0.3,0,57,,0,2
"prickly pears,raw",0.3,0,56,,14,6
"agutuk,fish/berry w/ seal oil (ice cream) (alaska native)",0.3,0,8,0,2.9,3
"fruit salad,cnd,h2o pk,sol&liquids",0.3,0,7,0,1.9,3
"babyfood,juc,fruit punch,w/ca",0.3,0,64,0,21.2,1
"onions,frz,chopd,ckd,bld,drnd,wo/salt",0.3,0,16,0,2.6,13
"beverages,fruit punch drk,frz conc",0.3,0,8,0,155.6,3
"apricots,cnd,juc pk,w/skn,sol&liquids",0.3,0,12,0,4.9,2
"cranberry juice cocktail, frozen concentrate",0.3,0,11,0,45.8,0
"apricots,cnd,hvy syrup pk,w/skn,sol&liquids",0.3,0,9,0,3.1,2
"babyfood,fruit,bananas w/appls&pears,str",0.3,0,5,0,13.9,5
"silk nog, soymilk",0.3,0,16,,0,0
"fruit cocktail,cnd,ex lt syrup,sol&liquids",0.3,0,8,0,3,3
"apricots,cnd,hvy syrup,drnd",0.3,0,10,0,3.1,2
"babyfood,fruit,bananas w/tapioca,jr",0.3,0,8,0,25.7,6
"cabbage,chinese (pe-tsai),ckd,bld,drnd,w/salt",0.3,0,32,0,15.8,53
"cranberry juc cocktail,frz conc",0.3,0,11,0,45.8,0
"mushrooms,maitake,raw",0.3,0,1,28.1,0,21
"babyfood,dssrt,peach melba,jr",0.3,0,11,,26,2
"carrots, raw",0.3,0,33,,5.9,19
"cabbage,chinese (pe-tsai),ckd,bld,drnd,wo/salt",0.3,0,32,0,15.8,53
"bever,veg & fruit juc drk,red cal,w/ low-cal swtnr,add vit c",0.3,0,8,0,25.1,0
"turnips,raw",0.3,0,30,0,21,15
"beverages,v8 splash juc drinks,diet strawberry kiwi",0.3,0,8,0,25.2,
"huckleberries, raw (alaska native)",0.3,0,15,,2.8,0
"pomegranates,raw",0.3,0,10,0,10.2,38
"pomegranates, raw",0.3,0,10,,10.2,38
gooseberry,0.3,0,25,0,27.7,0
"potatoes, yellow fleshed, hash brown, shredded, salt added in processing, frozen, unprepared",0.31,0,9,0,7.8,0
"potato\,yel flsh,hash brn,shrd,salt added in proc,frz,unprep",0.31,0,9,0,7.8,
"beverages,veg & fruit juc blend,w/ added vitamins a,c,e",0.31,0,8,0,28.5,3
"potatoes,bld,ckd in skn,flesh,w/salt",0.31,0,5,0,13,10
"kiwifruit,grn,raw",0.31,0,34,0,92.7,25
raspberry bavarian cream,0.31,0,26.4,0,21.41,20.79
"squash,wntr,spaghetti,raw",0.31,0,23,0,2.1,12
"potatoes,bld,ckd in skn,flesh,wo/salt",0.31,0,5,0,13,10
"beverages,pnappl & grapefruit juc drk,cnd",0.31,0,7,0,46,9
"pineapple juice, canned or bottled, unsweetened, without added ascorbic acid",0.31,0,13,0,10,18
"usda cmdty,mxd fruit (peach,pears,grapes),cnd,lt syrup,drnd",0.31,0,5,0,2.2,2
"fruit butters,apple",0.31,0,14,0,0.6,1
"cabbage, chinese (pe-tsai), raw",0.31,0,77,,27,79
banana raita (kele ka raita),0.31,0,133.23,0,5.73,27.58
"ice creams,breyers,all nat lt vanilla choc strawberry",0.31,0,158,0,1.7,
"litchis,raw",0.31,0,5,0,71.5,14
campbell's homestyle hr chick w/ whl grain pasta soup,0.31,0,11,0,0,
"apples,dried,sulfured,stwd,w/ sugar",0.31,0,3,0,0.9,0
apple sago payasam (seb aur sabudana ki kheer),0.31,0,102.11,0,5.88,21.45
"kiwifruit, green, raw",0.31,0,34,0,92.7,25
"corn,swt,white,cnd,crm style,reg pk",0.31,0,4,0,4.6,45
"potatoes,bld,ckd wo/ skn,flesh,w/ salt",0.31,0,8,0,7.4,9
"babyfood,dinner,mxd veg,jr",0.31,0,17,0,3.3,11
"soup,tomato rice,cnd,prep w/ eq volume h2o",0.31,0,11,0,5.8,6
"gooseberries,raw",0.31,0,25,,27.7,6
"fruit butters, apple",0.31,0,14,0,0.6,1
"pineapple juc,cnd or btld,unswtnd,w/ added vit c",0.31,0,13,0,43.8,18
"kiwi nutriion: kiwifruit, green",0.31,0,34,0,92.7,0
"corn, sweet, white, canned, cream style, regular pack",0.31,0,4,0,4.6,45
"potatoes, cooked without skin",0.31,0,8,0,7.4,0
"apples, dried, sulfured, stewed, with added sugar",0.31,0,3,0,0.9,0
"potatoes,bld,ckd wo/ skn,flesh,wo/ salt",0.31,0,8,0,7.4,9
"pineapple juc,cnd or btld,unswtnd,wo/ added vit c",0.31,0,13,0,10,18
"cabbage,chinese (pe-tsai),raw",0.31,0,77,0,27,79
"potatoes, boiled, cooked in skin, flesh, with salt",0.31,0,5,0,13,10
"cauliflower, cooked, boiled, drained, without salt",0.32,0,16,,44.3,44
"cauliflower,ckd,bld,drnd,wo/salt",0.32,0,16,0,44.3,44
"peppers,hot pickled,cnd",0.32,0,61,0,12.3,13
"babyfood,veg,beets,str",0.32,0,14,0,2.4,31
cracked wheat porridge (meetha daliya),0.32,0,75.88,0,5.03,17.58
"cauliflower,ckd,bld,drnd,w/salt",0.32,0,16,0,44.3,44
"cherries,sour,red,raw",0.32,0,16,0,10,8
"babyfood,veg,squash,jr",0.32,0,24,0,0.3,8
"potatoes,au gratin,dry mix,prep w/h2o,whl milk&butter",0.32,0,83,0,3.1,7
"bamboo shoots,cnd,drnd sol",0.32,0,8,0,1.1,3
"babyfood,veg,squash,str",0.32,0,24,0,0.3,8
"peaches,cnd,h2o pk,sol&liquids",0.32,0,2,0,2.9,3
"apricots,cnd,h2o pk,w/skn,sol&liquids",0.32,0,8,0,3.4,2
"peaches, canned, water pack, solids and liquids",0.32,0,2,,2.9,3
"babyfood,veg,mix veg str",0.32,0,13,0,1.7,4
"babyfood, vegetables, squash, strained",0.32,0,24,0,0.3,8
"fruit juc smoothie,bolthouse farms,strawberry banana",0.32,0,11,0,47.3,24
"onions,frz,chopd,unprep",0.33,0,17,0,3.3,17
"soup,veg soup,cond,lo na,prep w/ eq volume h2o",0.33,0,12,0,0.4,6
arrowroot flour,0.33,0,40,0,0,7
"babyfood, dinner, mixed vegetable, strained",0.33,0,22,0,2.8,8
"gooseberries,cnd,lt syrup pk,sol&liquids",0.33,0,16,,10,3
"orange juc,frz conc,unswtnd,undil,w/ added ca",0.33,0,578,0,144.8,77
"babyfood,dinner,mxd veg,str",0.33,0,22,,2.8,8
"squash,smmr,scallop,ckd,bld,drnd,wo/salt",0.33,0,15,0,10.8,21
"babyfood,fruit,prunes w/tapioca,wo/vit c,jr",0.33,0,15,0,0.8,1
"blueberries,cnd,hvy syrup,sol&liquids",0.33,0,5,0,1.1,2
jackfruit/kathal (dry),0.33,0,12.79,0,21.72,55.34
"squash, summer, scallop, cooked, boiled, drained, without salt",0.33,0,15,,10.8,21
"babyfood,dssrt,peach melba,str",0.33,0,10,,31.4,2
"squash,smmr,scallop,ckd,bld,drnd,w/salt",0.33,0,15,0,10.8,21
peach blueberry preserves,0.33,0,9.03,0,16.56,16.68
"babyfood, fruit, prunes with tapioca, without ascorbic acid, junior",0.33,0,15,0,0.8,1
"pie fillings,cherry,lo cal",0.33,0,11,0,2.8,4
"soup,tomato bisque,cnd,prep w/ eq volume h2o",0.33,0,16,,2.4,6
soy sau made from hydrolyzed veg prot,0.33,0,17,0,0,13
"orange juc,frz conc,unswtnd,undil",0.33,0,38,0,144.8,77
"salt,table",0.33,0,24,0,0,0
"apples,dried,sulfured,stwd,wo/ sugar",0.33,0,3,0,1,0
"mushrooms,white,microwaved",0.33,0,6,0.3,0,16
potato raita (aloo ka raita),0.34,0,132.31,0,15.33,27.03
"carrots,ckd,bld,drnd,w/salt",0.34,0,30,0,3.6,2
"denny's, coleslaw",0.34,0,32,,13.2,0
strawberry ice cream,0.34,0,77.08,0,2.13,22
"soup,mushroom w/ bf stock,cnd,prep w/ eq volume h2o",0.34,0,4,,0.4,4
"onions,frz,whl,ckd,bld,drnd,w/salt",0.34,0,27,0,5.1,13
vegetables stir fry,0.34,0,13.3,0,38.17,61.93
"squash, winter, spaghetti, cooked, boiled, drained, or baked, with salt",0.34,0,21,,3.5,8
"melons,casaba,raw",0.34,0,11,0,21.8,8
"squash,wntr,spaghetti,ckd,bld,drnd,or bkd,wo/salt",0.34,0,21,0,3.5,8
"radishes,raw",0.34,0,25,0,14.8,25
"carrots,ckd,bld,drnd,wo/salt",0.34,0,30,0,3.6,14
"chayote,fruit,raw",0.34,0,17,0,7.7,93
"onions,frz,whl,ckd,bld,drnd,wo/salt",0.34,0,27,0,5.1,13
"jams,preserves,marmalades,swtnd w/ fruit juc",0.34,0,11,0,18.1,7
orange squash (santre ka squash),0.34,0,10.62,0,0,0
"beverages,drk mix,quaker oats,gatorade,orange flavor,pdr",0.34,0,40,0,0.4,
"papaya nectar, canned",0.34,0,10,,3,2
"babyfood,juc,mxd fruit",0.34,0,8,0,63.6,7
"squash,wntr,spaghetti,ckd,bld,drnd,or bkd,w/salt",0.34,0,21,0,3.5,8
"candies, mars snackfood us, milky way caramels, milk chocolate covered",0.34,0,141,,0.7,0
sweet rice (meethe chawal),0.34,0,11.38,0,0.21,10.65
"peppers,swt,grn,raw",0.34,0,10,0,80.4,10
"plums,cnd,purple,juc pk,sol&liquids",0.34,0,10,0,2.8,3
"campbell's,crm of potato soup,cond",0.34,0,17,0,0.2,
"melons, casaba, raw",0.34,0,11,,21.8,8
"papaya nectar,canned",0.34,0,10,0,3,2
"cherries,swt,frz,swtnd",0.35,0,12,0,1,4
"applesauce,cnd,swtnd,w/salt",0.35,0,4,0,1.7,1
"beverages,almond milk,unswtnd,shelf stable",0.35,0,197,1,0,1
"cherries,swt,cnd,pitted,hvy syrup,drnd",0.35,0,10,0,3.6,5
"corn,swt,white,frz,krnls cut off cob,bld,drnd,wo/salt",0.35,0,4,0,3.1,31
"squash, summer, all varieties, raw",0.35,0,15,,17,29
"babyfood,juc,orange&appl&banana",0.35,0,5,0,32.1,10
"potatoes,bkd,flesh,w/salt",0.35,0,5,0,12.8,9
"babyfood,juc,appl - cherry",0.35,0,7,0,32.1,0
"mcdonald's,spicy buffalo sau",0.35,0,9,,0,0
"babyfood,fruit,prunes w/tapioca,wo/vit c,str",0.35,0,15,0,0.8,1
"rambutan,cnd,syrup pk",0.35,0,22,,4.9,8
"catsup,low sodium",0.35,0,15,0,4.1,9
"cherries, sweet, canned, extra heavy syrup pack, solids and liquids",0.35,0,9,,3.6,4
"catsup, low sodium",0.35,0,15,,4.1,9
catsup,0.35,0,15,0,4.1,9
"corn,swt,white,frz,krnls cut off cob,bld,drnd,w/salt",0.35,0,4,0,3.1,31
"rice flr,white,unenr",0.35,0,10,0,0,4
"squash,smmr,all var,raw",0.35,0,15,0,17,29
"campbell's low sodium soups, chicken with noodles soup",0.35,0,7,,0,0
"rambutan, canned, syrup pack",0.35,0,22,,4.9,8
"cherries,swt,cnd,ex hvy syrup pk,sol&liquids",0.35,0,9,0,3.6,4
"potatoes,bkd,flesh,wo/salt",0.35,0,5,0,12.8,9
"cherries,swt,cnd,pitted,hvy syrup pk,sol & liquids",0.35,0,9,0,3.6,4
"gourd,dishcloth (towelgourd),ckd,bld,drnd,w/salt",0.36,0,9,0,5.7,12
"cherries,swt,cnd,lt syrup pk,sol&liquids",0.36,0,9,0,3.7,4
vegetable seekh kebab,0.36,0,32.66,0,6.86,13.84
"grapes,red or grn (euro type,such as thompson seedless),raw",0.36,0,10,0,3.2,2
"guanabana nectar,cnd",0.36,0,7,0,11.1,6
"guanabana nectar, canned",0.36,0,7,,11.1,6
"cherries,sweet,raw",0.36,0,13,0,7,4
"crabapples,raw",0.36,0,18,0,8,
"grapefruit juc,white,cnd,swtnd",0.36,0,8,0,26.9,10
"peaches,cnd,lt syrup pk,sol&liquids",0.36,0,3,0,2.4,3
fruit ice cream (phalon ka ice cream),0.36,0,93.35,0,4.02,15.6
"passion-fruit juc,yel,raw",0.36,0,4,0,18.2,8
"gourd,dishcloth (towelgourd),raw",0.36,0,20,0,12,7
"grape nutrition: grapes, red or green",0.36,0,10,0,10.8,0
"cherries, sweet, canned, light syrup pack, solids and liquids",0.36,0,9,,3.7,4
"corn,swt,yel,cnd,brine pk,reg pk,sol&liquids",0.36,0,4,0,2.6,38
cherry fruit,0.36,0,13,0,7,0
"corn, sweet, yellow, canned, brine pack, regular pack, solids and liquids",0.36,0,4,0,2.6,38
"squash,smmr,all var,ckd,bld,drnd,wo/salt",0.36,0,27,0,5.5,20
"squash,smmr,all var,ckd,bld,drnd,w/salt",0.36,0,27,0,5.5,20
"grapefruit juice, white, canned, sweetened",0.36,0,8,0,26.9,10
"cherries,swt,cnd,h2o pk,sol&liquids",0.36,0,11,0,2.2,4
"corn,swt,yel,cnd,no salt,sol&liquids",0.36,0,4,0,2.6,38
"drumstick pods,raw",0.36,0,30,0,141,44
"beets,harvard,cnd,sol&liquids",0.36,0,11,0,2.4,29
"mango nectar,cnd",0.36,0,17,0,15.2,7
"gourd, dishcloth (towelgourd), raw",0.36,0,20,,12,7
"gourd,dishcloth (towelgourd),ckd,bld,drnd,wo/salt",0.36,0,9,0,5.7,12
"tangerines,(mandarin oranges),cnd,lt syrup pk",0.37,0,7,0,19.8,5
"syrups,corn,dk",0.37,0,18,0,0,0
curd vegetable dip,0.37,0,129.58,0,4.53,5.78
"blueberries,wild,raw (alaska native)",0.37,0,13,0,18.3,33
"squash,smmr,zucchini,incl skn,ckd,bld,drnd,w/salt",0.37,0,18,0,12.9,28
"squash,smmr,crookneck & straightneck,ckd,bld,drnd,wo/ salt",0.37,0,22,0,11.6,23
"figs,raw",0.37,0,35,0,2,6
"fig nutrition: figs, raw",0.37,0,35,0,2,0
"stew,pinto bean & hominy,badufsuki (hopi)",0.37,0,7,0,,
meringue and rice pudding,0.37,0,85.43,0,3.02,24.69
"babyfood,veg,swt potatoes,str",0.37,0,16,0,9.9,10
"squash, summer, zucchini, includes skin, cooked, boiled, drained, without salt",0.37,0,18,,12.9,28
"peaches,frz,sliced,swtnd",0.37,0,3,0,94.2,3
"babyfood,veg,carrots,str",0.37,0,22,0,5.7,15
"squash,smmr,zucchini,incl skn,raw",0.37,0,16,0,17.9,24
"squash,smmr,crookneck&straightneck,ckd,bld,drnd,w/salt",0.37,0,22,0,11.6,23
"squash,smmr,zucchini,incl skn,ckd,bld,drnd,wo/salt",0.37,0,18,0,12.9,28
potato bonda (aloo bonda),0.37,0,6.79,0,8.96,16.02
"alcoholic bev,wine,table,all",0.37,0,8,0,0,1
"waxgourd,(chinese preserving melon),ckd,bld,drnd,w/salt",0.38,0,18,0,10.5,4
gooseberry marmalade (amla murabba),0.38,0,16.4,0,0,0
"corn,swt,white,cnd,crm style,no salt",0.38,0,3,0,4.6,45
"corn,swt,yel,cnd,crm style,no salt",0.38,0,3,0,4.6,45
"apricot nectar,cnd,w/ vit c",0.38,0,7,0,17.6,1
potato pakora/pakoda (aloo pakoda),0.38,0,6.59,0,18.53,109.12
"potatoes,scallpd,dry mix,prep w/h2o,whl milk&butter",0.38,0,36,0,3.3,10
"cabbage,savoy,ckd,bld,drnd,w/salt",0.38,0,30,0,17,46
"balsam-pear (bitter gourd),pods,ckd,bld,drnd,wo/salt",0.38,0,9,0,33,51
"balsam-pear (bitter gourd),pods,ckd,bld,drnd,w/salt",0.38,0,9,0,33,51
"babyfood,juc,orange&apricot",0.38,0,6,0,85.9,20
"soup,minestrone,cnd,prep w/ eq volume h2o",0.38,0,14,,0.5,21
"cabbage,savoy,ckd,bld,drnd,wo/salt",0.38,0,30,0,17,46
"apricot nectar,cnd,wo/ vit c",0.38,0,7,0,0.6,1
"corn, sweet, yellow, canned, cream style, regular pack",0.38,0,3,0,4.6,45
paneer potato cutlet (paneer aloo cutlet),0.38,0,45.36,0,11.61,41.52
"sauce,pnut,made from cocnt,h2o,sugar,pnuts",0.38,0,9,0,0,4
"balsam-pear (bitter gourd), pods, cooked, boiled, drained, with salt",0.38,0,9,,33,51
peanut sago vada (sabudana mungfali vada),0.38,0,5.03,0,9.74,15.66
"couscous,cooked",0.38,0,8,0,0,15
"waxgourd,(chinese preserving melon),ckd,bld,drnd,wo/salt",0.38,0,18,0,10.5,4
"pineapple, canned, extra heavy syrup pack, solids and liquids",0.38,0,14,0,7.3,5
potato with curd,0.38,0,85.41,0,0,0
"corn,swt,yel,cnd,crm style,reg pk",0.38,0,3,0,4.6,45
"couscous, cooked",0.38,0,8,,0,15
"pineapple,cnd,ex hvy syrup pk,sol&liquids",0.38,0,14,0,7.3,5
"pineapple, canned, heavy syrup pack, solids and liquids",0.38,0,14,0,7.4,5
"pineapple,cnd,hvy syrup pk,sol&liquids",0.38,0,14,0,7.4,5
"apricots,raw",0.39,0,13,0,10,9
"babyfood,veg,swt potatoes,jr",0.39,0,16,0,9.6,10
"tomato juc,cnd,wo/ salt added",0.39,0,10,0,70.1,20
"corn,yel,whl kernel,frz,microwaved",0.39,0,5,0,,38
"apricots,cnd,lt syrup pk,w/skn,sol&liquids",0.39,0,11,0,2.7,2
"babyfood,veg,carrots,jr",0.39,0,23,0,5.5,17
"milk substitutes,fluid,w/lauric acid oil",0.39,0,33,,0,0
"apricots, raw",0.39,0,13,,10,9
"sour crm,imitn,cultured",0.39,0,3,0,0,0
"tomato juc,cnd,w/salt",0.39,0,10,0,70.1,20
"sauce, duck, ready-to-serve",0.39,0,11,,0.9,2
"rice,white,stmd,chinese restaurant",0.39,0,5,0,,5
"babyfood,juc,appl&grape",0.39,0,6,0,31.5,1
"fruit juc smoothie,odwalla,original superfood",0.39,0,7,0,31.3,14
"babyfood, vegetables, sweet potatoes, junior",0.39,0,16,0,9.6,10
"pineapple,cnd,lt syrup pk,sol&liquids",0.39,0,14,0,7.5,5
"sauce,duck,rts",0.39,0,11,0,0.9,2
"cranberries,dried,swtnd",0.39,0,9,0,0.2,0
"blueberries,frz,swtnd",0.39,0,6,0,1,7
"corn, yellow, whole kernel, frozen, microwaved",0.39,0,5,0,0,0
"blueberries, frozen, sweetened",0.39,0,6,,1,7
"kohlrabi,raw",0.4,0,24,0,62,16
"soup, chunky vegetable, reduced sodium, canned, ready-to-serve",0.4,0,25,0,0.7,0
"cabbage,savoy,raw",0.4,0,35,0,31,80
"radishes,oriental,raw",0.4,0,27,0,22,28
"soybeans, mature seeds, sprouted, cooked, stir-fried, with salt",0.4,0,82,0,12,127
"cereals ready-to-eat, bear naked nut cluster crunch, maple pecan walnut",0.4,0,20,0,0,2
"fish, devilfish, meat (alaska native)",0.4,0,12,,3,0
"kohlrabi,ckd,bld,drnd,w/salt",0.4,0,25,0,54,12
"soybeans,mature seeds,sprouted,ckd,stir-fried",0.4,0,82,0,12,127
"mushrooms,portabella,grilled",0.4,0,3,0.3,0,19
"pickles,cucumber,sour",0.4,0,0,0,1,1
"soup,veg w/ bf broth,cnd,prep w/ eq volume h2o",0.4,0,9,0,1,4
"babyfood,veg,butternut squash&corn",0.4,0,32,0,4.9,23
"jams & preserves,no sugar (with na saccharin),any flavor",0.4,0,9,0,0,9
"squash,winter,hubbard,raw",0.4,0,14,0,11,16
"alcoholic bev,wine,cooking",0.4,0,9,0,0,1
"soybeans,mature seeds,sprouted,ckd,stir-fried,w/salt",0.4,0,82,0,12,127
"alcoholic bev,wine,lt",0.4,0,9,0,0,1
"sauce,chili,peppers,hot,immat grn,cnd",0.4,0,5,0,68,12
"babyfood,veg&brown rice,str",0.4,0,14,0,0.3,16
"pickles,cucumber,sour,lo na",0.4,0,0,0,1,1
"salmonberries, raw (alaska native)",0.4,0,13,,9.2,17
"kohlrabi,ckd,bld,drnd,wo/salt",0.4,0,25,0,54,12
"babyfood,grn bns,dices,todd",0.4,0,27,0,1.7,32
"babyfood,prunes,wo/vit c,str",0.4,0,21,0,1.3,1
"beverages,wine,non-alcoholic",0.4,0,9,0,0,1
"salad dressing, french dressing, reduced calorie",0.4,0,11,,0,2
"grapefruit,sections,cnd,lt syrup pk,sol&liquids",0.4,0,14,0,21.3,9
"babyfood,fruit,appl&blueberry,jr",0.4,0,5,0,13.9,3
"waxgourd,(chinese preserving melon),raw",0.4,0,19,0,13,5
"squash,summer,scallop,raw",0.4,0,19,0,18,30
"soup,mushroom barley,cnd,cond",0.4,0,10,,0,5
"salad drsng,french drsng,red cal",0.4,0,11,0,0,2
cranberry,0.4,0,8,0,13.3,0
"candies,gumdrops,starch jelly pieces",0.4,0,3,0,0,0
"babyfood, vegetable, butternut squash and corn",0.4,0,32,0,4.9,23
"pineapple, frozen, chunks, sweetened",0.4,0,9,0,8,11
"pineapple,frz,chunks,swtnd",0.4,0,9,0,8,11
"chokecherries,raw,pitted (shoshone bannock)",0.4,0,40,0,0.7,10
"sweet potato puffs,frz,unprep",0.4,0,57,0,2.2,
"cranberry,lo bush or lingenberry,raw (alaska native)",0.4,0,26,0,21,
"mushrooms, portabella, grilled",0.4,0,3,,0,19
"sauce, salsa, ready-to-serve",0.4,0,30,,1.9,4
vegetable cutlet,0.4,0,13.55,0,16.89,30.52
"pineapple,cnd,h2o pk,sol&liquids",0.4,0,15,0,7.7,5
"cauliflower, frozen, cooked, boiled, drained, with salt",0.41,0,17,,31.3,41
"taro shoots,ckd,wo/salt",0.41,0,14,0,18.9,3
"beets, pickled, canned, solids and liquids",0.41,0,11,,2.3,27
"prunes,cnd,hvy syrup pk,sol&liquids",0.41,0,17,0,2.8,0
"plums,dried (prunes),stwd,wo/ added sugar",0.41,0,19,0,2.9,0
"corn,swt,white,cnd,whl kernel,reg pk,sol&liquids",0.41,0,4,0,5.5,38
"babyfood,veg,mix veg jr",0.41,0,11,0,2.5,4
"potatoes,microwaved,ckd in skn,flesh,w/salt",0.41,0,5,0,15.1,12
frozen frosty fruit salad (phalon ka salaad),0.41,0,28.61,0,33.45,20.91
sweet corn soup,0.41,0,3.72,0,10.33,50.13
"cauliflower,frz,ckd,bld,drnd,wo/salt",0.41,0,17,0,31.3,41
"cranberry sau,cnd,swtnd",0.41,0,3,0,1,1
"potatoes,microwaved,ckd in skn,flesh,wo/salt",0.41,0,5,0,15.1,12
orange and pineapple cream,0.41,0,35,0,19.89,10.56
"beets,pickled,cnd,sol&liquids",0.41,0,11,0,2.3,27
"corn,swt,white,cnd,whl kernel,no salt,sol&liquids",0.41,0,4,0,5.5,38
"salad drsng,honey mustard drsng,red cal",0.41,0,67,0,0.4,2
strawberry,0.41,0,16,0,58.8,0
"lettuce,iceberg (incl crisphead types),raw",0.41,0,18,0,2.8,29
"strawberries,raw",0.41,0,16,0,58.8,24
"mushrooms, shiitake, raw",0.41,0,2,,0,13
"taro,shoots,ckd,w/salt",0.41,0,14,0,18.9,3
"corn,swt,white,frz,krnls cut off cob,unprep",0.41,0,4,0,6.3,36
"strawberries, raw",0.41,0,16,,58.8,24
"cauliflower,frz,ckd,bld,drnd,w/salt",0.41,0,17,0,31.3,41
"grapefruit,sections,cnd,h2o pk,sol&liquids",0.41,0,15,0,21.8,9
"grapefruit, sections, canned, water pack, solids and liquids",0.41,0,15,0,21.8,9
"celery,ckd,bld,drnd,w/salt",0.42,0,42,0,6.1,22
"celery,ckd,bld,drnd,wo/salt",0.42,0,42,0,6.1,33
"cauliflower,raw",0.42,0,22,0,48.2,57
rice puttu (ari puttu),0.42,0,4.96,0,0,4.85
"raspberries,cnd,red,hvy syrup pk,sol&liquids",0.42,0,11,0,8.7,11
"sauce,salsa,rts",0.42,0,30,0,1.9,4
"tomato&veg juc,lo na",0.42,0,11,0,27.7,21
"corn, sweet, yellow, frozen, kernels cut off cob, unprepared",0.42,0,4,0,6.4,36
honey,0.42,0,6,0,0.5,2
"babyfood,juc,orange&pnappl",0.42,0,8,0,53.4,19
"corn,swt,white,cnd,vacuum pk,reg pk",0.42,0,5,0,8.1,49
"corn,swt,yel,frz,krnls cut off cob,unprep",0.42,0,4,0,6.4,36
"corn,swt,yel,cnd,vacuum pk,reg pk",0.42,0,5,0,8.1,49
"corn,swt,yel,cnd,vacuum pk,no salt",0.42,0,5,0,8.1,49
"restaurant,chinese,veg chow mein,wo/ meat or noodles",0.42,0,25,0,7.2,40
"corn,swt,white,cnd,vacuum pk,no salt",0.42,0,5,0,8.1,49
cornflakes with milk,0.42,0,106.47,0,4.82,43.87
"horseradish,prepared",0.42,0,56,0,24.9,57
"corn, sweet, white, canned, vacuum pack, regular pack",0.42,0,5,0,8.1,49
"maraschino cherries,cnd,drnd",0.43,0,54,0,0,0
"mountain yam,hawaii,ckd,stmd,w/ salt",0.43,0,8,0,0,12
"boysenberries, canned, heavy syrup",0.43,0,18,,6.2,34
"soy sau,red na,made from hydrolyzed veg prot",0.43,0,11,0,0,4
"apricots, canned, heavy syrup pack, without skin, solids and liquids",0.43,0,9,,2.8,2
"durian,raw or frozen",0.43,0,6,,19.7,36
"celeriac,ckd,bld,drnd,wo/salt",0.43,0,26,0,3.6,3
"beans,mung,mature seeds,sprouted,cnd,drnd sol",0.43,0,14,0,0.3,10
"mountain yam,hawaii,ckd,stmd,wo/salt",0.43,0,8,0,0,12
"blueberries,cnd,lt syrup,drnd",0.43,0,6,0,0.5,2
"boysenberries,cnd,hvy syrup",0.43,0,18,0,6.2,34
"mountain yam, hawaii, cooked, steamed, with salt",0.43,0,8,,0,12
"balsam-pear (bitter gourd), pods, raw",0.43,0,19,,84,72
"apples,dehyd (lo moist),sulfured,stwd",0.43,0,4,0,0.6,0
"balsam-pear (bitter gourd),pods,raw",0.43,0,19,0,84,72
"celeriac,ckd,bld,drnd,w/salt",0.43,0,26,0,3.6,3
"apricots,cnd,hvy syrup pk,wo/skn,sol&liquids",0.43,0,9,0,2.8,2
"peppers,swt,red,raw",0.43,0,7,0,127.7,46
"campbell's,spaghettios,spaghettios a to z's w/ meatballs",0.43,0,60,0.4,2.4,40
"campbell's chunky soups, manhattan clam chowder",0.44,0,16,,0,0
"soymilk (all flavors),lowfat,w/ added ca,vitamins a & d",0.44,0,82,1,0,
"mountain yam, hawaii, raw",0.44,0,26,,2.6,14
"campbell's chunky soups,bf w/ white & wild rice soup",0.44,0,8,0,0,
"squash, winter, all varieties, cooked, baked, with salt",0.44,0,22,,1.8,20
"strawberry-flavor bev mix,pdr",0.44,0,4,0,0.3,0
"squash,wntr,all var,ckd,bkd,w/salt",0.44,0,22,0,1.8,20
"campbell's chunky soups, beef with white and wild rice soup",0.44,0,8,0,0,0
"rutabagas,raw",0.44,0,43,0,25,21
"squash,wntr,all var,ckd,bkd,wo/salt",0.44,0,22,0,9.6,20
"mushrooms,shiitake,ckd,w/salt",0.44,0,3,0.7,0.3,21
"squash, summer, crookneck and straightneck, raw",0.44,0,21,,19.3,19
"soup,vegetarian veg,cnd,prep w/ eq volume h2o",0.44,0,10,0,0.6,4
"campbell's chunky microwavable bowls, old fashioned vegetable beef soup, ready-to-serve",0.44,0,16,0,0,0
"carrots,frozen,unprepared",0.44,0,36,0,2.5,10
"babyfood,fruit,papaya&applsauc w/tapioca,str",0.44,0,7,0,113.1,2
"squash,smmr,crookneck&straightneck,raw",0.44,0,21,0,19.3,19
"campbell's chunky soups,fajita chick w/ rice & bns soup",0.44,0,8,0,0,
"sweet potatoes,french fr,crosscut,frz,unprep",0.44,0,39,0,4.2,
"mountain yam,hawaii,raw",0.44,0,26,0,2.6,14
"mushrooms,shiitake,ckd,wo/salt",0.44,0,3,0.7,0.3,21
"campbell's chunky soups,steak 'n' potato soup",0.44,0,0,0,0,
"carrots, frozen, unprepared",0.44,0,36,,2.5,10
"vinegar, red wine",0.45,0,6,,0.5,0
"drumstick pods,ckd,bld,drnd,w/ salt",0.45,0,20,0,97,30
"corn, sweet, yellow, cooked, boiled, drained, with salt",0.45,0,3,0,5.5,23
"corn,swt,yel,ckd,bld,drnd,w/salt",0.45,0,3,0,5.5,23
"sweet corn, cooked",0.45,0,3,0,5.5,0
"drumstick pods,ckd,bld,drnd,wo/ salt",0.45,0,20,0,97,30
"corn,swt,yel,ckd,bld,drnd,wo/salt",0.45,0,3,0,5.5,23
"bev,choc almond milk,unswtnd,shelf-stable,fort w/ vit d2 & e",0.45,0,188,1,0,1
potato aigrettes,0.45,0,9.2,0,1.16,3.35
"potatoes,yel fleshed,rstd,salt added in proc,frz,unprep",0.45,0,11,0,6,
"pepper,banana,raw",0.46,0,14,0,82.7,29
"snacks,pretzels,gluten- free made w/ cornstarch & potato flr",0.46,0,0,0,0.3,2
"orange-grapefruit juc,cnd or btld,unswtnd",0.46,0,8,0,29.1,14
black rice kheer (chak-hao kheer),0.46,0,94.89,0,3.22,11.25
"peppers,swt,grn,ckd,bld,drnd,wo/salt",0.46,0,9,0,74.4,16
"peppers, hungarian, raw",0.46,0,12,,92.9,53
"alcoholic beverage, wine, table, red, merlot",0.46,0,8,,0,0
"peppers,swt,grn,ckd,bld,drnd,w/salt",0.46,0,9,0,74.4,16
"carrot juice,canned",0.46,0,24,0,8.5,4
"peppers,sweet,yellow,raw",0.46,0,11,0,183.5,26
"peppers,swt,red,ckd,bld,drnd,wo/salt",0.46,0,9,0,171,16
"alcoholic bev,wine,table,red,merlot",0.46,0,8,,0,1
mixed vegetable pakora/pakoda,0.46,0,9.55,0,21.46,143.18
"onions,frz,whl,unprep",0.46,0,36,0,8,21
"alcoholic bev,wine,table,red",0.46,0,8,0,0,1
"peppers,swt,red,ckd,bld,drnd,w/salt",0.46,0,9,0,171,16
"peppers,hungarian,raw",0.46,0,12,0,92.9,53
"cabbage, raw",0.47,0,40,,36.6,43
"beans,snap,cnd,all styles,seasoned,sol&liquids",0.47,0,22,0,3.1,18
"squash,wntr,hubbard,bkd,w/ salt",0.47,0,17,0,9.5,16
cornstarch,0.47,0,2,0,0,0
"corn, sweet, yellow, frozen, kernels cut off cob, boiled, drained, without salt",0.47,0,3,0,3.5,35
"cabbage,raw",0.47,0,40,0,36.6,43
"yardlong bean, raw",0.47,0,50,0,18.8,62
"beans, snap, canned, all styles, seasoned, solids and liquids",0.47,0,22,0,3.1,18
"squash,wntr,hubbard,bkd,wo/ salt",0.47,0,17,0,9.5,16
"potato puffs,frz,unprep",0.47,0,13,0,6.9,17
"potatoes,o'brien,home-prepared",0.47,0,36,0,16.7,8
"peppers,swt,red,sauteed",0.47,0,7,0,162.8,2
"collards,raw",0.47,0,232,0,35.3,129
"frozen novelties,juc type,orange",0.47,0,9,0,25.7,18
"peppers, sweet, red, sauteed",0.47,0,7,,162.8,2
"tomatoes,orange,raw",0.47,0,5,0,16,29
"yardlong bean,raw",0.47,0,50,0,18.8,62
"corn,swt,yel,frz,krnls cut off cob,bld,drnd,wo/salt",0.47,0,3,0,3.5,35
curd with potatoes (dahi aloo),0.47,0,36.36,0,42.93,44.72
"strawberries,frz,swtnd,whl",0.47,0,11,0,39.5,4
"corn,swt,yel,frz,krnls,cut off cob,bld,drnd,w/salt",0.47,0,3,0,3.5,35
"sauce,rts,pepper or hot",0.48,0,8,,74.8,6
"squash,smmr,zucchini,incl skn,frz,ckd,bld,drnd,wo/salt",0.48,0,17,0,3.7,8
"squash,smmr,crookneck&straightneck,frz,unprep",0.48,0,18,0,6.4,12
apple mousse,0.48,0,33.76,0,14.48,35.22
"potatoes,hash brown,refr,unprep",0.48,0,6,0,4.9,
"brussels sprouts,frz,ckd,bld,drnd,w/salt",0.48,0,26,0,45.7,101
"blackberry juc,cnd",0.48,0,12,0,11.3,10
"potatoes,yel fleshed,french fr,frz,unprep",0.48,0,9,0,10.9,
silk vanilla soy yogurt (family size),0.48,0,132,,0,0
"noodles,japanese,soba,ckd",0.48,0,4,0,0,7
"jujube,raw",0.48,0,21,,69,
"soup, chicken mushroom chowder, chunky, ready-to-serve, single brand",0.48,0,0,,2,0
"squash,smmr,zucchini,incl skn,frz,ckd,bld,drnd,w/salt",0.48,0,17,0,3.7,8
"brussels sprouts,frz,ckd,bld,drnd,wo/salt",0.48,0,26,0,45.7,101
"olives, pickled, canned or bottled, green",0.49,0,52,,0,3
"cabbage,japanese style,frsh,pickled",0.49,0,48,0,0.7,42
"macaroni,veg,enr,ckd",0.49,0,11,0,0,106
"strawberries,cnd,hvy syrup pk,sol&liquids",0.49,0,13,0,31.7,28
jams and preserves,0.49,0,20,0,8.8,11
"olives,pickled,cnd or btld,grn",0.49,0,52,0,0,3
"tomatoes,yellow,raw",0.49,0,11,0,9,30
"grapefruit juc,white,frz conc,unswtnd,undil",0.49,0,27,0,119.8,13
"jams&preserves,apricot",0.49,0,20,0,8.8,1
"mushroom,white,exposed to uv lt,raw",0.5,0,3,26.2,2.1,17
"pasta,ckd,unenr,w/ added salt",0.5,0,7,0,0,7
"whale, bowhead, subcutaneous fat (blubber) (alaska native)",0.5,0,0,,0,0
apple oats chia seed smoothie,0.5,0,88.89,0,5.39,71.4
"pasta,ckd,unenr,wo/ added salt",0.5,0,7,0,0,7
"macaroni, cooked, unenriched",0.5,0,7,,0,7
"potatoes, roasted, salt added in processing, frozen, unprepared",0.5,0,15,0,1.7,0
"peppers,hot chili,red,cnd,excluding seeds,sol&liquids",0.5,0,7,0,68,10
baked potato with skin,0.5,0,90.06,0,11.88,9.99
"babyfood, dinner, pasta with vegetables",0.5,0,14,0,2.9,9
"peppers,hot chili,grn,cnd,pods,excluding seeds,sol&liquids",0.5,0,7,0,68,10
"potatoes,rstd,salt added in processing,frz,unprep",0.5,0,15,0,1.7,
"nopales,ckd,wo/salt",0.5,0,164,0,5.3,3
"sauce,peppers,hot,chili,mature red,cnd",0.5,0,9,0,30,11
"babyfood,dinner,pasta w/veg",0.5,0,14,0,2.9,9
potato samosa (aloo ka samosa),0.5,0,7.63,0,11.27,12.8
"soup, fish, homemade (alaska native)",0.5,0,35,,0.3,0
"acerola juice,raw",0.5,0,10,,1600,14
"artichokes,(globe or french),frz,unprep",0.5,0,19,0,5.3,126
wasabi,0.5,0,41,0,0,10
"bamboo shoots,raw",0.5,0,13,0,4,7
pineapple tart,0.5,0,12.02,0,6.85,6.84
"pie,peach",0.5,0,8,0,0.9,46
"soup,chunky veg,cnd,rts",0.51,0,18,0,0.7,7
rice moong dal cheela (chawal aur moong dal ka cheela),0.51,0,4.99,0,0,12.8
"squash,smmr,zucchini,incl skn,frz,unprep",0.51,0,18,0,5.3,10
"onions,young grn,tops only",0.51,0,52,0,13.4,30
"candies,twizzlers strawberry twists candy",0.51,0,0,0,0,
"tomatoes,green,raw",0.51,0,13,0,23.4,9
"yam,ckd,bld,drnd,or bkd,w/salt",0.52,0,14,0,12.1,16
"peppers,swt,grn,frz,chopd,ckd,bld,drnd,w/salt",0.52,0,8,0,41.2,10
"carrots,cnd,reg pk,sol&liquids",0.52,0,31,0,2,8
"squash,smmr,crookneck&straightneck,frz,ckd,bld,drnd,w/salt",0.52,0,20,0,6.8,13
"fruit salad,tropical,cnd,hvy syrup,sol&liquids",0.52,0,13,0,17.5,9
"peppers,swt,grn,frz,chopd,bld,drnd,wo/salt",0.52,0,8,0,41.2,10
"crustaceans, shrimp, untreated, raw",0.52,0,64,,0,0
"squash, summer, crookneck and straightneck, frozen, cooked, boiled, drained, without salt",0.52,0,20,,6.8,13
"yam,ckd,bld,drnd,or bkd,wo/salt",0.52,0,14,0,12.1,16
corn,0.52,0,2,0,2.4,0
"okra, frozen, cooked, boiled, drained, without salt",0.52,0,74,,9.6,100
"squash,smmr,crookneck&straightneck,frz,ckd,bld,drnd,wo/salt",0.52,0,20,0,6.8,13
"fruit salad, (pineapple and papaya and banana and guava), tropical, canned, heavy syrup, solids and liquids",0.52,0,13,0,17.5,9
"peppers,swt,red,frz,chopd,bld,drnd,wo/ salt",0.52,0,8,0,41.2,10
jam and fruit pancake,0.52,0,54.06,0,6.48,8.42
"potatoes,white,flesh & skn,raw",0.52,0,9,0,9.1,18
"noodles,japanese,somen,ckd",0.52,0,8,0,0,2
"peppers,swt,red,frz,chopd,bld,drnd,w/ salt",0.52,0,8,0,41.2,10
"carrots,cnd,no salt,sol&liquids",0.52,0,31,0,2,8
lentils and wheat porridge (dal wheat porridge/daliya ),0.52,0,26.28,0,0.6,11.32
"okra,frz,ckd,bld,drnd,w/ salt",0.52,0,74,0,9.6,100
"okra,frz,ckd,bld,drnd,wo/salt",0.52,0,74,0,9.6,100
"carrots, canned, no salt added, solids and liquids",0.52,0,31,,2,8
orange eggless cake,0.52,0,205.84,0,3.47,13.72
"corn,swt,yel,raw",0.52,0,2,0,6.8,42
"corn,sweet,white,raw",0.52,0,2,0,6.8,46
"carrots,frz,ckd,bld,drnd,wo/salt",0.53,0,35,0,2.3,11
"rice,brown,parbld,ckd,uncle bens",0.53,0,3,0,,4
"sweet potato,frz,unprep",0.53,0,37,0,13.3,21
"chestnuts,japanese,bld&stmd",0.53,0,11,0,9.5,17
"succotash,(corn&limas),cnd,w/whl kernel corn,sol&liquids",0.53,0,11,0,4.6,32
grape and orange whip,0.53,0,17.4,0,34.86,16.85
"brd,gluten-free,white,made w/tapioca starch & brwn rice flr",0.53,0,59,0,,19
"pasta,gluten-free,brown rice flr,ckd,tinkyada",0.53,0,5,0,0,4
"rice,brown,medium-grain,ckd",0.53,0,10,0,0,4
"carrots,frz,ckd,bld,drnd,w/salt",0.53,0,35,0,2.3,11
"nuts, chestnuts, japanese, boiled and steamed",0.53,0,11,0,9.5,17
coconut kheer (nariyal ki kheer),0.53,0,89.52,0,12.21,49.34
"cherries,sour,red,frz,unswtnd",0.53,0,13,0,1.7,5
"restaurant,latino,tamale,corn",0.53,0,24,0.4,0.2,1
"mushrooms,shiitake,stir-fried",0.53,0,2,0.5,0,14
"apricots,cnd,h2o pk,wo/skn,sol&liquids",0.54,0,8,0,1.8,2
"sweet potato,frz,ckd,bkd,wo/ salt",0.54,0,35,0,9.1,22
"apricots, canned, water pack, without skin, solids and liquids",0.54,0,8,,1.8,2
"frostings, coconut-nut, ready-to-eat",0.54,0,13,0,0.2,2
"frozen novelties,ice type,pop",0.54,0,0,0,0.7,0
"sweet potato,frz,ckd,bkd,w/ salt",0.54,0,35,0,9.1,22
"cauliflower,frz,unprep",0.54,0,22,0,48.8,64
cold pineapple souffle,0.54,0,57.13,0,1.88,30.3
"breadfruit,raw",0.54,0,17,0,29,14
"soup,tomato,lo na,w/h2o",0.54,0,8,0,6.3,0
"guava nectar,w/ sucralose,cnd",0.54,0,8,0,21.3,4
"yam,raw",0.54,0,17,0,17.1,23
"potatoes,hash brown,frz,pln,prep,pan fried in canola oil",0.54,0,17,0,6.7,16
"frostings,coconut-nut,rte",0.54,0,13,0,0.2,2
"campbell's chunky soups, old fashioned vegetable beef soup",0.54,0,17,0,0,0
"salsify, cooked, boiled, drained, with salt",0.55,0,47,,4.6,15
steamed orange pudding,0.55,0,21.15,0,21.74,15.92
parsley potato,0.55,0,11.43,0,23.82,16.5
"salsify,ckd,bld,drnd,wo/salt",0.55,0,47,0,4.6,15
mexican rice,0.55,0,14.51,0,42.71,53.09
"prego pasta, diced onion and garlic italian sauce, ready-to-serve",0.55,0,31,,0.9,0
"succotash, (corn and limas), canned, with cream style corn",0.55,0,11,0,6.4,44
"corn,swt,white,ckd,bld,drnd,wo/salt",0.55,0,2,0,6.2,20
"soup,onion,cnd,cond",0.55,0,22,0,1,12
"taro,raw",0.55,0,43,0,4.5,22
"corn,swt,white,ckd,bld,drnd,w/salt",0.55,0,2,0,6.2,20
"avocados,raw,all comm var",0.55,0,12,0,10,81
"salsify,ckd,bld,drnd,w/salt",0.55,0,47,0,4.6,15
"potatoes,hash brown,home-prepared",0.55,0,14,0,13,16
"celtuce,raw",0.55,0,39,0,19.5,46
"succotash,(corn&limas),cnd,w/crm style corn",0.55,0,11,0,6.4,44
"squash,wntr,acorn,ckd,bld,mshd,w/salt",0.56,0,26,0,6.5,11
"cereals,wheatena,ckd w/ h2o,w/ salt",0.56,0,80,0,0,9
"oil,olive,salad or cooking",0.56,0,1,0,0,0
"snacks,candy rolls,yogurt-covered,fruit flav w/ hi vit c",0.56,0,430,0,260.8,2
"artichokes,(globe or french),frz,ckd,bld,drnd,wo/salt",0.56,0,21,0,5,119
"babyfood,juc,appl&peach",0.56,0,3,0,58.5,1
"squash,wntr,acorn,ckd,bld,mshd,wo/salt",0.56,0,26,0,6.5,11
"artichokes,(globe or french),frz,ckd,bld,drnd,w/salt",0.56,0,21,0,5,119
"cabbage,common (danish,domestic,&pointed types),stored,raw",0.56,0,47,0,42,57
"sesbania flower,ckd,stmd,w/salt",0.56,0,22,0,37,57
"cereals,wheatena,ckd w/ h2o",0.56,0,80,0,0,7
"cabbage, common (danish, domestic, and pointed types), freshly harvest, raw",0.56,0,47,,51,57
"cereals, wheatena, cooked with water",0.56,0,80,0,0,7
"broccoli, chinese, cooked",0.56,0,100,,28.2,99
"rice,brown,long-grain,ckd",0.56,0,3,0,0,9
"broccoli,chinese,cooked",0.56,0,100,0,28.2,99
peanut cutlet (mungfali ke cutlet),0.56,0,14.38,0,12.63,38.52
"cereals, wheatena, cooked with water, with salt",0.56,0,80,0,0,9
"asparagus,frz,ckd,bld,drnd,w/salt",0.56,0,18,0,24.4,135
"jew's ear,(pepeao),raw",0.56,0,16,0,0.6,19
"cereals,quaker,quaker multigrain oatmeal,prep w/h2o,no salt",0.56,0,8,0,0,8
"babyfood, juice, apple and peach",0.56,0,3,0,58.5,1
"cereals, quaker, quaker multigrain oatmeal, prepared with water, salt",0.56,0,8,0,0,8
"artichokes, (globe or french), frozen, cooked, boiled, drained, with salt",0.56,0,21,,5,119
"asparagus,frz,ckd,bld,drnd,wo/salt",0.56,0,18,0,24.4,135
"restaurant, family style, hash browns",0.56,0,17,,0,0
"crackers,gluten-free,multigrain & veg,made w/ corn starch &",0.56,0,28,0,,7
"squash, winter, acorn, cooked, boiled, mashed, without salt",0.56,0,26,0,6.5,11
"sesbania flower,ckd,stmd,wo/salt",0.56,0,22,0,37,57
"cream sub,liq,lt",0.56,0,1,0,0,0
"cabbage,common,freshly harvest,raw",0.56,0,47,0,51,57
"cereals,quaker,quaker multigrain oatmeal,prep w/h2o,salt",0.56,0,8,0,0,8
"cereals,corn grits,white,reg & quick,enr,ckd w/ h2o,wo/ salt",0.57,0,1,0,0,38
"yambean (jicama),ckd,bld,drnd,w/salt",0.57,0,11,0,14.1,8
"yambean (jicama),ckd,bld,drnd,wo/salt",0.57,0,11,0,14.1,8
"puddings,cocnt crm,dry mix,reg",0.57,0,8,0,0.3,2
"cereals,corn grits,yel,reg & quick,enr,ckd w/ h2o,wo/ salt",0.57,0,1,0,0,37
"pumpkin,ckd,bld,drnd,wo/salt",0.57,0,15,0,4.7,9
"cereals,corn grits,yel,reg,quick,enr,ckd w/ h2o,w/ salt",0.57,0,1,0,0,37
lasagne with vegetables,0.57,0,32.89,0,179.9,286.76
"cereals,corn grits,white,reg & quick,enr,ckd w/ h2o,w/ salt",0.57,0,1,0,0,38
cold orange souffle,0.57,0,55.45,0,10.08,33.8
"pumpkin,ckd,bld,drnd,w/salt",0.57,0,15,0,4.7,9
"okra,frozen,unprepared",0.57,0,81,0,12.4,148
"radicchio,raw",0.57,0,19,0,8,60
roast potatoes,0.57,0,10.38,0,17.36,11.66
"campbell's red and white, manhattan clam chowder, condensed",0.57,0,16,,1,0
"tomatoes,red,ripe,cnd,packed in tomato juc,no salt added",0.57,0,33,0,12.6,8
"potatoes,french fr,all types,salt added in proc,frz,oven htd",0.57,0,12,0,8.6,23
"babyfood,juice,apple",0.57,0,4,0,57.9,0
"tomatoes,red,ripe,cnd,packed in tomato juc",0.57,0,33,0,12.6,8
"potatoes,scallpd,home-prepared w/butter",0.57,0,57,0,10.6,13
"potatoes,scallpd,home-prepared w/margarine",0.57,0,57,0,10.6,13
"parsnips,ckd,bld,drnd,wo/salt",0.58,0,37,0,13,58
"prego pasta, heart smart- ricotta parmesan italian sauce, ready-to-serve",0.58,0,48,,1.9,0
"squash,wntr,butternut,frz,ckd,bld,wo/salt",0.58,0,19,0,3.5,16
"salad drsng,french drsng,fat-free",0.58,0,5,0,0,14
"blueberries,wild,frz",0.58,0,17,0,1.7,
vegetable and cheese pie,0.58,0,99.48,0,55,104.25
"cherries,swt,cnd,juc pk,sol&liquids",0.58,0,14,0,2.5,4
"parsnips,ckd,bld,drnd,w/salt",0.58,0,37,0,13,58
orange cream tart,0.58,0,13.84,0,19.6,13.7
"squash,wntr,butternut,frz,ckd,bld,w/salt",0.58,0,19,0,3.5,16
"squash, winter, all varieties, raw",0.58,0,28,,12.3,24
"plantains,cooked",0.58,0,2,0,10.9,26
"squash,wntr,all var,raw",0.58,0,28,0,12.3,24
"potato puffs,frz,oven-heated",0.58,0,14,0,4,23
"soup,tomato,cnd,cond",0.59,0,13,0,12.9,0
"strawberries,frz,swtnd,sliced",0.59,0,11,0,41.4,15
"cream sub,flav,liq",0.59,0,6,0,0,1
campbell's homestlye light new england clam chowder,0.59,0,8,,0,0
"nopales,raw",0.59,0,164,0,9.3,3
flattened rice cutlet (chirwa cutlet/chivda cutlet/poha cutlet),0.59,0,9.17,0,12.63,23.98
"broccoli,chinese,raw",0.59,0,105,0,29.6,104
"parsnips,raw",0.59,0,36,0,17,67
"campbell's chunky soups, beef with country vegetables soup",0.59,0,8,0,0,0
curd rice (dahi bhaat/dahi chawal/ perugu annam/daddojanam/thayir saadam),0.59,0,101.52,0,5.1,28.24
"pickles,cucumber,swt,lo na (includes bread & butter pickles)",0.59,0,4,0,1.2,1
"campbell's chunky soups,bkd potato w/ steak & chs soup",0.59,0,8,0,0,
vegetable samosa,0.6,0,10.37,0,10.06,12.39
mixed vegetable pulao,0.6,0,19.61,0,26.15,80.63
"squash,wntr,butternut,ckd,bkd,wo/salt",0.6,0,41,0,15.1,19
"kashi,steam meal,chick fettuccine,frz entree",0.6,0,28,0,,6
"wild rice,cooked",0.6,0,3,0,0,26
beans,0.6,0,37,0,16.3,0
jackfruit,0.6,0,34,0,6.7,0
"ginger root,raw",0.6,0,16,0,5,11
"lemons, raw, without peel",0.6,0,26,,53,11
"yambean (jicama),raw",0.6,0,12,0,20.2,12
raspberry shortbread cookies,0.6,0,13.81,0,0.01,1.66
"plantains,raw",0.6,0,3,0,18.4,22
"taro shoots,raw",0.6,0,12,0,21,3
"lemons,raw,without peel",0.6,0,26,0,53,11
"salad drsng,russian drsng",0.6,0,13,0,6,5
"asparagus,cnd,reg pk,sol&liquids",0.6,0,15,0,16.5,85
"sugar-apples,(sweetsop),raw",0.6,0,24,0,36.3,14
"limes,raw",0.6,0,33,0,29.1,8
"squash, winter, butternut, baked",0.6,0,41,0,15.1,0
"soursop,raw",0.6,0,14,0,20.6,14
"salad dressing, sesame seed dressing, regular",0.6,0,19,,0,0
"kashi, steam meal, chicken fettuccine, frozen entree",0.6,0,28,,0,0
"salad drsng,sesame sd drsng,reg",0.6,0,19,0,0,0
zwieback,0.6,0,20,0,5.3,134
"squash,wntr,butternut,ckd,bkd,w/salt",0.6,0,41,0,15.1,19
"asparagus,cnd,no salt,sol&liquids",0.6,0,15,0,16.5,85
"fast foods,potatoes,hash browns,rnd pieces or patty",0.6,0,19,0,5.4,12
"breadfruit seeds,boiled",0.6,0,61,0,6.1,49
soyabean muthias,0.6,0,12.16,0,0.79,22.43
"kashi black bean mango,frz,unprep",0.6,0,29,0,21,
"fast foods, potatoes, hash browns, round pieces or patty",0.6,0,19,0,5.4,12
"broccoli,frz,chopd,ckd,bld,drnd,w/salt",0.61,0,33,0,40.1,56
pineapple souffle,0.61,0,67.23,0,1,29.66
"broccoli,frz,chopd,ckd,bld,drnd,wo/salt",0.61,0,33,0,40.1,56
"corn,swt,white,frz,krnls on cob,ckd,bld,drnd,w/salt",0.61,0,3,0,4.8,31
"corn,swt,yel,frz,krnls on cob,ckd,bld,drnd,w/salt",0.61,0,3,0,4.8,31
"corn, sweet, white, frozen, kernels on cob, cooked, boiled, drained, without salt",0.61,0,3,0,4.8,31
"broccoli,frz,spears,ckd,bld,drnd,wo/salt",0.61,0,51,0,40.1,30
"corn,swt,yel,frz,krnls on cob,ckd,bld,drnd,wo/salt",0.61,0,3,0,4.8,31
"sweet potato,raw,unprep",0.61,0,30,0,2.4,11
"artichokes, (globe or french), cooked, boiled, drained, without salt",0.61,0,21,,7.4,89
"broccoli,frz,spears,ckd,bld,drnd,w/salt",0.61,0,51,0,40.1,30
"avocados,raw,california",0.61,0,13,0,8.8,89
fruit flan,0.61,0,19.28,0,3.3,33.99
"artichokes,(globe or french),ckd,bld,drnd,w/salt",0.61,0,21,0,7.4,89
"artichokes,(globe or french),ckd,bld,drnd,wo/salt",0.61,0,21,0,7.4,89
"corn,swt,white,frz,krnls on cob,ckd,bld,drnd,wo/salt",0.61,0,3,0,4.8,31
"hominy,canned,yellow",0.62,0,10,0,0,1
"soup,tomato rice,cnd,cond",0.62,0,18,0,11.5,11
"cranberry sau,jellied,cnd,ocean spray",0.62,0,3,0,1,
"potatoes,french fr,all types,salt added in proc,frz,unprep",0.62,0,9,0,17.3,35
"pasta,gluten-free,rice flr & rice bran extract,ckd,de boles",0.62,0,21,0,0,
"apricots,cnd,ex hvy syrup pk,wo/skn,sol&liquids",0.62,0,8,0,2.4,2
"hominy,canned,white",0.62,0,10,0,0,1
"tomatillos,raw",0.62,0,7,0,11.7,7
"babyfood,juc,appl&plum",0.62,0,5,0,58.2,0
orange chiffon pie,0.62,0,30.34,0,84.88,91.24
"cereals,whl wheat hot nat crl,ckd w/ h2o,w/ salt",0.62,0,7,0,0,14
"potatoes,fr fr,all types,salt not added in proc,frz,as purch",0.62,0,9,0,17.3,35
baked vegetables,0.62,0,80.2,0,47.05,77.19
"potatoes, french fried, crinkle or regular cut, salt added in processing, frozen, as purchased",0.62,0,13,0,7.7,31
"peppers,swt,grn,frz,chopd,unprep",0.62,0,9,0,58.7,14
"peppers,swt,red,frz,chopd,unprep",0.62,0,9,0,58.7,14
rice flakes (chiwda/aval),0.62,0,103.15,0,4.82,19.41
"blackberries,raw",0.62,0,29,0,21,25
"cereals,whl wheat hot nat crl,ckd w/ h2o,wo/ salt",0.62,0,7,0,0,14
"okra,raw",0.62,0,82,0,23,60
wheat flakes,0.62,0,103.15,0,4.82,19.41
"potatoes,fr fr,crnkl or reg,salt added in proc,frz,as purch",0.62,0,13,0,7.7,31
"beets,cnd,no salt,sol&liquids",0.63,0,13,0,2.8,29
"sweet potato leaves,ckd,stmd,w/ salt",0.63,0,33,0,1.5,49
puffed wheat (murmure/moori),0.63,0,103.79,0,4.82,16.87
potato halwa (aloo ka halwa),0.63,0,14.15,0,28.98,20.72
"cream sub,flav,pdr",0.63,0,5,0,0,1
murmura (puffed rice),0.63,0,103.79,0,4.82,16.87
"salad drsng,italian drsng,comm,reg,wo/ salt",0.63,0,7,,0,0
"butterbur,canned",0.63,0,34,0,11.9,3
vegetable soup,0.63,0,18.1,0,0,0
fruit puree tart,0.63,0,19.64,0,2.6,6.05
"sweet potato leaves,ckd,stmd,wo/ salt",0.63,0,33,0,1.5,49
"millet,cooked",0.63,0,3,0,0,19
orange marmalade (santray ka murabba),0.63,0,17.59,0,0,0
silk blueberry soy yogurt,0.64,0,176,0,17.6,
"potatoes,french fr,stk fries,salt added in proc,frz,oven-htd",0.64,0,10,0,14,31
silk strawberry soy yogurt,0.64,0,176,0,17.6,
"cherries, sour, canned, water pack, drained",0.64,0,11,,0.3,0
soyabean namak paras,0.64,0,12.13,0,0,45.64
"cherries,sour,cnd,h2o pk,drnd",0.64,0,11,,0.3,
silk raspberry soy yogurt,0.64,0,176,0,17.6,
"sauce,barbecue",0.64,0,33,0,0.6,2
"potatoes,au gratin,home-prepared from recipe using butter",0.64,0,119,0,9.9,13
"carrots,cnd,no salt ,drnd sol",0.64,0,25,0,2.7,9
"potatoes,au gratin,home-prepared from recipe using margarine",0.64,0,119,0,9.9,13
"soymilk,original & vanilla,unfortified",0.64,0,25,0,0,18
silk banana-strawberry soy yogurt,0.64,0,176,0,17.6,0
"loganberries,frozen",0.64,0,26,0,15.3,26
"potatoes,white,flesh & skn,bkd",0.64,0,10,0,12.6,38
pineapple cake,0.64,0,49.06,0,27.35,80.64
"carrots,cnd,reg pk,drnd sol",0.64,0,25,0,2.7,9
"soup,tomato bisque,cnd,cond",0.64,0,31,,4.6,12
"salad drsng,italian drsng,red fat,wo/ salt",0.65,0,9,,0,0
"blackberries,cnd,hvy syrup,sol&liquids",0.65,0,21,0,2.8,27
"sauce,salsa,verde,rts",0.65,0,9,0,12.3,8
"mung bns,mature seeds,sprouted,ckd,bld,drnd,wo/salt",0.65,0,12,0,11.4,29
"mcdonald's,side salad",0.65,0,24,,15.7,57
"vegetables, mixed (corn, lima beans, peas, green beans, carrots) canned, no salt added",0.65,0,21,0,3.8,18
"vegetables,mxd (corn,lima bns,peas,grn bns,crrt) cnd,no salt",0.65,0,21,0,3.8,18
"raspberries,frz,red,swtnd",0.65,0,15,0,16.5,26
apple cinnamon pie,0.65,0,16.14,0,2.24,11.58
"beans,snap,grn,ckd,bld,drnd,w/salt",0.65,0,44,0,9.7,33
"mung bns,mature seeds,sprouted,ckd,bld,drnd,w/salt",0.65,0,12,0,11.4,29
"potatoes,french fr,stk fries,salt added in proc,frz,as prch",0.65,0,9,0,18.4,38
orange souffle,0.65,0,59.04,0,19.16,37.93
"potato salad,home-prepared",0.65,0,19,0,10,7
"beans,snap,grn,ckd,bld,drnd,wo/salt",0.65,0,44,0,9.7,33
"vegetables,mxd,cnd,sol&liquids",0.65,0,21,0,3.8,18
"beans,pinto,mature seeds,sprouted,ckd,bld,drnd,w/salt",0.66,0,15,0,6.1,29
"soup,veg,cnd,lo na,cond",0.66,0,20,0,0.8,13
"new zealand spinach, cooked, boiled, drained, with salt",0.66,0,48,,16,8
"beans,pinto,mature seeds,sprouted,ckd,bld,drnd,wo/salt",0.66,0,15,0,6.1,29
"gravy,mushroom,canned",0.66,0,7,,0,12
"new zealand spinach,ckd,bld,drnd,w/salt",0.66,0,48,0,16,8
"beans,snap,grn,frz,ckd,bld,drnd,w/salt",0.66,0,42,0,4.1,23
"beans,snap,grn,frz,ckd,bld,drnd wo/salt",0.66,0,42,0,4.1,23
"restaurant,chinese,fried rice,wo/ meat",0.66,0,12,0,3.8,6
"babyfood,juc,appl&cherry",0.66,0,5,0,58.3,0
"cabbage,red,ckd,bld,drnd,w/salt",0.66,0,42,0,10.8,24
"cabbage,red,ckd,bld,drnd,wo/salt",0.66,0,42,0,34.4,24
"new zealand spinach,ckd,bld,drnd,wo/salt",0.66,0,48,0,16,8
"sauce,swt & sour,prepared-from-recipe",0.67,0,16,,5,10
"applebee's,crunchy onion rings",0.67,0,22,0,,
rice upma,0.67,0,17.57,0,4.64,11.94
"broccoli,ckd,bld,drnd,w/salt",0.67,0,40,0,64.9,108
"sauce, sweet and sour, prepared-from-recipe",0.67,0,16,,5,10
"frozen novelties,ice type,pop,w/ lo cal swtnr",0.67,0,0,0,10.4,0
"babyfood,veg,grn bns,str",0.67,0,39,0,0.3,24
spinach peanut namak paras (palak moongfali namak paras),0.67,0,13.35,0,11.39,64.2
"soup,mushroom w/ bf stock,cnd,cond",0.67,0,8,0,0.8,7
"broccoli,ckd,bld,drnd,wo/salt",0.67,0,40,0,64.9,108
"frozen novelties, ice type, sugar free, orange, cherry, and grape popsicle pops",0.67,0,0,0,10.4,0
"sauce,enchilada,red,mild,ready to serve",0.67,0,7,0,0.3,5
"tomato products,cnd,sau,w/tomato tidbits",0.68,0,10,0,21.5,9
"corn,swt,yel,frz,krnls on cob,unprep",0.68,0,4,0,7.2,40
custard apple,0.68,0,25,0,47.8,0
"tomatoes,red,ripe,ckd",0.68,0,11,0,22.8,13
"tomatoes,red,ripe,ckd,w/ salt",0.68,0,11,0,22.8,13
"squash,smmr,zucchini,italian style,cnd",0.68,0,17,0,2.3,30
"corn,swt,white,frz,krnls on cob,unprep",0.68,0,4,0,7.2,40
vegetable jalfrezi,0.68,0,27.11,0,26.08,28.48
pineapple upside down pudding,0.68,0,26.05,0,9.66,15.44
"cherries,tart,dried,swtnd",0.68,0,38,0,19.3,11
"salad drsng,ranch drsng,red fat",0.69,0,40,0,0.6,4
buckwheat pancake (khura),0.69,0,11.32,0,0.66,3.38
"raspberries,frz,unswtnd",0.69,0,25,0,26.2,21
"sweet potato,ckd,bkd in skn,flesh,wo/ salt",0.69,0,38,0,19.6,6
raspberry,0.69,0,25,0,26.2,0
"campbell's healthy request, chicken noodle soup, condensed",0.69,0,12,,0.3,0
"cracker barrel, steak fries",0.69,0,19,,0.9,0
"raspberries,raw",0.69,0,25,0,26.2,21
"salad drsng,bttrmlk,lite",0.69,0,40,0,0.6,4
"sweet potato,ckd,bkd in skn,flesh,w/ salt",0.69,0,38,0,19.6,6
"soup,potato ham chowder,chunky,rts,single brand",0.7,0,,0,,
"lambsquarters,ckd,bld,drnd,wo/salt",0.7,0,258,0,37,14
"lambs quarters, cooked, boiled, drained, with salt",0.7,0,258,,37,14
"squash,winter,acorn,raw",0.7,0,33,0,11,17
"turnips,frozen,unprepared",0.7,0,23,0,4.4,8
"pumpkin flowers,raw",0.7,0,39,0,28,59
strawberry and vanilla cake with butter icing,0.7,0,28.17,0,8.4,12.8
"cardoon, raw",0.7,0,70,,2,68
"potatoes,red,flesh & skn,bkd",0.7,0,9,0,12.6,27
"potatoes, red, flesh and skin, baked",0.7,0,9,0,12.6,27
potato stuffed poori (aloo ki poori),0.7,0,5.57,0,1.39,5.63
lemon nutrition: lemon with peel,0.7,0,61,0,77,0
"cowpeas, young pods with seeds, cooked, boiled, drained, without salt",0.7,0,55,,17,26
"gardenburger savory portabella veggie burger,frz,unprep",0.7,0,67,0,0,21
"celeriac,raw",0.7,0,43,0,8,8
soya chunks sweet and sour (nutrinugget sweet and sour),0.7,0,13.89,0,37.78,40.59
"usda commodity,potato wedges,frz",0.7,0,15,0,11.2,
"cowpeas,young pods w/seeds,ckd,bld,drnd,wo/salt",0.7,0,55,0,17,26
"quinces,raw",0.7,0,11,,15,3
"cardoon,raw",0.7,0,70,0,2,68
"squash, winter, butternut, raw",0.7,0,48,0,21,0
"mammy-apple,(mamey),raw",0.7,0,11,0,14,14
quince fruit,0.7,0,11,0,15,0
"cabbage, mustard, salted",0.7,0,67,,0,72
vegetable burger,0.7,0,26.08,0,24.68,40.96
"lambsquarters,ckd,bld,drnd,w/ salt",0.7,0,258,0,37,14
"rice noodles,dry",0.7,0,18,0,0,3
"salsify,(veg oyster),raw",0.7,0,60,0,8,26
"squash,wntr,butternut,raw",0.7,0,48,0,21,27
"cabbage,mustard,salted",0.7,0,67,0,0,72
"cowpeas,young pods w/seeds,ckd,bld,drnd,w/salt",0.7,0,55,0,17,26
"campbell's,spaghettios,spaghettios a to z's",0.71,0,60,0.4,1,40
cranberry cookies,0.71,0,36.16,0,5.52,17.21
"sugars,brown",0.71,0,83,0,0,1
"candies,honey-combed,w/ pnut butter",0.71,0,21,0,0,34
"campbell's,spaghettios,spaghettios plus ca",0.71,0,119,1,1,32
"squash,smmr,crookneck&straightneck,cnd,drnd,solid,wo/salt",0.71,0,12,0,2.7,10
"spaghettios, spaghettios raviolios beef ravioli in meat sauce",0.71,0,16,,0,0
"campbell's,spaghettios,spaghettios original",0.71,0,8,0,1,40
"custard-apple,(bullock's-heart),raw",0.71,0,30,0,19.2,
"sugars, brown",0.71,0,83,,0,1
"cauliflower,grn,ckd,no salt added",0.72,0,32,0,72.6,41
"cauliflower,grn,ckd,w/ salt",0.72,0,32,0,72.6,41
"soup,minestrone,cnd,red na,rts",0.72,0,20,0,5.7,17
"potatoes,french fr,wedge cut,frz,unprep",0.72,0,14,0,5.1,
"taro, cooked, with salt",0.72,0,18,,5,19
"denny's, french fries",0.72,0,14,,1.6,0
"potatoes,cnd,sol&liquids",0.72,0,39,0,7.6,5
"sweet potato, cooked",0.72,0,27,0,12.8,0
"escarole,ckd,bld,drnd,no salt added",0.72,0,46,0,3.3,78
"sweet potato,ckd,bld,wo/ skn",0.72,0,27,0,12.8,6
"potatoes,french fr,shoestring,salt added in proc,frz,as prch",0.72,0,11,0,12.3,36
"sweet potato,ckd,bld,wo/ skn,w/ salt",0.72,0,27,0,12.8,6
"pasta,gluten-free,corn flr & quinoa flr,ckd,ancient harvest",0.72,0,7,0,0,8
"broccoli,frz,spears,unprep",0.72,0,41,0,68.3,94
"taro,cooked,without salt",0.72,0,18,0,5,19
"desserts,pudd,cocnt crm,dry mix,inst",0.72,0,8,0,0.3,2
"spaghetti,protein-fortified,ckd,enr (n x 6.25)",0.72,0,10,0,0,132
"taro,cooked,with salt",0.72,0,18,0,5,19
"potatoes, french fried, wedge cut, frozen, unprepared",0.72,0,14,0,5.1,0
"fennel,bulb,raw",0.73,0,49,0,12,27
"soup,pea,lo na,prep w/ eq volume h2o",0.73,0,12,0,0.6,1
"asparagus, frozen, unprepared",0.73,0,25,,31.8,191
"cardoon, cooked, boiled, drained, with salt",0.73,0,72,,1.7,22
"cardoon,ckd,bld,drnd,w/salt",0.73,0,72,0,1.7,22
"soup,pea,grn,cnd,prep w/ eq volume h2o",0.73,0,12,0,0.6,1
"campbell's chunky soups,firehouse - hot spicy bf bean chili",0.73,0,16,0,0.5,
"potatoes,red,flesh & skn,raw",0.73,0,10,0,8.6,18
"campbell's chunky soups,hearty bean 'n' ham soup",0.73,0,24,0,0,
"cauliflower,green,raw",0.73,0,33,0,88.1,57
"broccoli,raw",0.73,0,47,0,89.2,63
"asparagus,frz,unprep",0.73,0,25,0,31.8,191
"beets,cnd,reg pk,sol&liquids",0.73,0,18,0,2.8,29
"campbell's chunky soups,roadhouse - bf bean chili",0.73,0,16,0,0.5,
"cracker barrel, onion rings, thick-cut",0.73,0,19,,0,0
"fiddlehead ferns,frz,unprep",0.73,0,24,0,17.8,
"cardoon,ckd,bld,drnd,wo/salt",0.73,0,72,0,1.7,22
"sauce,pasta,spaghetti/marinara,rts",0.73,0,26,0,2,13
"salad drsng,french drsng,red fat",0.73,0,11,0,4.8,2
"hyacinth-beans,immat seeds,raw",0.74,0,50,0,12.9,62
"potatoes, french fried, all types, salt not added in processing, frozen, oven-heated",0.74,0,12,0,13.3,0
"sesame stks,wheat-based,unsalted",0.74,0,170,0,0,22
"soup,minestrone,cnd,chunky,rts",0.74,0,25,0,2,28
"hyacinth-beans, immature seeds, raw",0.74,0,50,0,12.9,62
"sesame stks,wheat-based,salted",0.74,0,170,0,0,22
"soup, minestrone, canned, chunky, ready-to-serve",0.74,0,25,,2,28
"cabbage,napa,cooked",0.74,0,29,0,3.2,43
"syrups,table blends,corn,refiner,&sugar",0.74,0,23,0,0,3
"persimmons,japanese,dried",0.74,0,25,0,0,
peanut raita (mungfali ka raita),0.74,0,174.6,0,2.59,36.67
"potatoes,hash brown,refr,prep,pan-fried in canola oil",0.74,0,10,0,2.7,
"rice,white,long-grain,parbld,unenr,dry",0.74,0,71,0,0,8
"potatoes,fr fr,all types,salt not added in proc,frz,ovn-htd",0.74,0,12,0,13.3,28
"snacks,fruit leather,pieces,w/vit c",0.75,0,18,0,120,14
"frozen novelties, klondike, slim-a-bear chocolate cone",0.75,0,125,,0.6,0
"potatoes,fr fr,crnkl/reg cut,salt added in proc,frz,oven-htd",0.75,0,13,0,11.8,22
"beverages,tea,inst,lemon,unswtnd",0.75,0,28,0,0,61
"peas&carrots,cnd,no salt,sol&liquids",0.75,0,23,0,6.6,18
"peas&carrots,cnd,reg pk,sol&liquids",0.75,0,23,0,6.6,18
beans and macaroni,0.75,0,86.86,0,16.54,82.63
"potatoes,hash brown,frz,w/ butter sau,unprep",0.75,0,25,0,5.7,12
"strawberries,frz,unswtnd",0.75,0,16,0,41.2,17
"mori-nu,tofu,silken,lite firm",0.75,0,36,,0,
"tamarind nectar,cnd",0.75,0,10,,7.1,1
"mori-nu, tofu, silken, lite firm",0.75,0,36,,0,0
"soup,minestrone,cnd,cond",0.75,0,28,0,0.9,40
"soup,black bean,cnd,prep w/ eq volume h2o",0.75,0,19,0,0.1,33
"fruit leather,pieces",0.75,0,18,0,56,4
"bread,french or vienna,whl wheat",0.75,0,42,0,0,131
"louis rich, turkey breast and white turkey (smoked sliced)",0.75,0,9,,0,0
"hyacinth-beans,immat seeds,ckd,bld,drnd,w/salt",0.76,0,41,0,5.1,47
"bread,gluten-free,whl grain,tapioca starch & brown rice flr",0.76,0,60,0,,
"tomato products,cnd,sau,w/onions,grn peppers,&celery",0.76,0,13,0,13.2,14
"udi's,gluten free,soft & hearty whl grain bread",0.76,0,60,0,,
"hyacinth-beans, immature seeds, cooked, boiled, drained, with salt",0.76,0,41,0,5.1,47
"bread,gluten-free,potato extract,rice starch,& rice flour",0.76,0,24,0,,
"hyacinth-beans,immat seeds,ckd,bld,drnd,wo/salt",0.76,0,41,0,5.1,47
ducheese potato,0.76,0,18.1,0,7.23,8.71
"candies,cocnt bar,not choc covered",0.77,0,43,0,2.7,22
"burdock root, cooked, boiled, drained, with salt",0.77,0,49,,2.6,20
"purslane,ckd,bld,drnd,wo/salt",0.77,0,78,0,10.5,9
"burdock root,ckd,bld,drnd,wo/salt",0.77,0,49,0,2.6,20
orange biscuit,0.77,0,20.35,0,1.36,5.1
"sweet potatoes,french fr,frz as packaged,salt added",0.77,0,52,0,7.5,32
"burdock root,ckd,bld,drnd,w/salt",0.77,0,49,0,2.6,20
"purslane,ckd,bld,drnd,w/salt",0.77,0,78,0,10.5,9
"lemon rice (pulihora, elumichai sadam, chitranna)",0.77,0,12.7,0,10.2,38.01
"eggplant,pickled",0.77,0,25,0,0,20
banana appam,0.77,0,13.74,0,4.03,13.79
"rolls,gluten-free,brw rice flr,tapioca starch,&potato starch",0.78,0,82,0,,
"potatoes, flesh and skin, raw",0.78,0,12,0,19.7,16
"fast foods,onion rings,breaded&fried",0.78,0,115,0,1.4,42
"sauce,pasta,spaghetti/marinara,rts,lo na",0.78,0,27,0,2,13
"sapote,mamey,raw",0.78,0,18,,23,7
"fast foods, onion rings, breaded and fried",0.78,0,115,,1.4,42
"mushrooms,cnd,drnd sol",0.79,0,11,0.2,0,12
apple banana pie,0.79,0,21.23,0,8.88,31.98
"beets,ckd,boiled. drnd,w/salt",0.79,0,16,0,3.6,80
vegetable pancake,0.79,0,42.89,0,20.63,28.57
"beets,ckd,bld,drnd",0.79,0,16,0,3.6,80
"mori-nu, tofu, silken, lite extra firm",0.79,0,43,,0,0
pumpkin coconut burfi (kaddu aur nariyal ki burfi),0.79,0,21.76,0,3.02,11.48
"acorns,raw",0.79,0,41,0,0,87
"squash,zucchini,baby,raw",0.79,0,21,0,34.1,20
"corn w/red&grn peppers,cnd,sol&liquids",0.79,0,5,0,8.8,34
"beets, cooked, boiled. drained, with salt",0.79,0,16,,3.6,80
"soup,veg w/ bf broth,cnd,cond",0.79,0,14,0,1.9,9
"mori-nu,tofu,silken,lite ex firm",0.79,0,43,,0,
"beets, cooked, boiled, drained",0.79,0,16,,3.6,80
hot potato souffle,0.79,0,56.84,0,30.19,78.05
"candies,tootsie roll,chocolate-flavor roll",0.8,0,36,,0,11
"rice, white, long-grain, regular, raw, unenriched",0.8,0,28,0,0,8
"cabbage,red,raw",0.8,0,45,0,57,18
"candies, caramels, chocolate-flavor roll",0.8,0,36,0,0,11
"kashi three chs ravioli w/ mediterranean tomato sau,frz,unpr",0.8,0,81,0,0,1
"potato chips,made from dried potatoes,pln",0.8,0,17,0,1.2,19
sweet potato,0.8,0,30,0,2.4,0
"buckwheat groats,rstd,ckd",0.8,0,7,0,0,14
"pie fillings,blueberry,cnd",0.8,0,27,0,0.7,1
"popcorn,sugar syrup/caramel,fat-free",0.8,0,18,0,0,4
"cress,garden,ckd,bld,drnd,wo/salt",0.8,0,61,0,23,37
"radishes, white icicle, raw",0.8,0,27,,29,14
"rice,white,medium-grain,raw,unenr",0.8,0,9,0,0,9
"sapodilla,raw",0.8,0,21,,14.7,14
"beets,raw",0.8,0,16,0,4.9,109
"blackberries,frz,unswtnd",0.8,0,29,0,3.1,34
"orange peel,raw",0.8,0,161,0,136,30
"peppers,swt,grn,cnd,sol&liquids",0.8,0,41,0,46.5,16
"beets, raw",0.8,0,16,,4.9,109
"mustard spinach,(tendergreen),ckd,bld,drnd,wo/salt",0.8,0,158,0,65,73
"sauce,tomato chili sau,btld,w/salt",0.8,0,20,0,16,9
"oranges,raw,with peel",0.8,0,70,0,71,30
"sweet potato, canned, syrup pack, solids and liquids",0.8,0,15,0,10.5,7
"sweet potato,cnd,syrup pk,sol & liquids",0.8,0,15,0,10.5,7
"kashi,chick & chipotle bbq sau w/ mango,frz entree",0.8,0,23,0,,3
"potatoes,french fr,shoestrng,salt added in proc,frz,oven-htd",0.8,0,12,0,14.2,33
"mustard spinach,(tendergreen),ckd,bld,drnd,w/salt",0.8,0,158,0,65,73
"burdock root,raw",0.8,0,41,0,3,23
"cress,garden,ckd,bld,drnd,w/salt",0.8,0,61,0,23,37
"potato chips,white,restructured,bkd",0.8,0,125,0,0,0
"rice,white,long-grain,reg,raw,unenr",0.8,0,28,0,0,8
"beverages,fruit punch juc drk,frz conc",0.8,0,20,0,19.7,7
"new zealand spinach,raw",0.8,0,58,0,30,15
"peppers,swt,red,cnd,sol&liquids",0.8,0,41,0,46.5,16
"kashi mushroom & asparagus risotto,frz,unprep",0.8,0,67,0,0,3
"kashi,red curry chick,frz entree",0.8,0,23,0,5,3
"beans,snap,grn,frz,all styles,microwaved",0.8,0,61,0,11,12
chicken and corn open sandwich,0.8,0,65.13,0,2.12,14.16
"rice,white,short-grain,raw,unenr",0.8,0,3,0,0,6
"turnip greens, cooked, boiled, drained, with salt",0.8,0,137,,27.4,118
"pumpkin,raw",0.8,0,21,0,9,16
"lemon peel,raw",0.8,0,134,0,129,13
"salad drsng,french drsng,comm,reg,wo/ salt",0.8,0,24,,0,0
"turnip grns,ckd,bld,drnd,w/salt",0.8,0,137,0,27.4,118
"hormel, cure 81 ham",0.8,0,4,,1.6,0
"radishes,white icicle,raw",0.8,0,27,0,29,14
"cabbage,chinese (pak-choi),raw",0.8,0,105,0,45,66
"turnip grns,ckd,bld,drnd,wo/salt",0.8,0,137,0,27.4,118
black berry,0.8,0,29,0,21,0
"kashi,chick enchilada w/ ancho sau,frz entree",0.8,0,49,0,,4
"chicory roots,raw",0.8,0,41,0,5,23
sweet potato biscuit (shakarkand ke biscuit),0.81,0,56.34,0,7.95,17.7
"broccoli,frz,chopd,unprep",0.81,0,56,0,56.4,67
fruit salad (phalon ka salaad),0.81,0,25.93,0,52.45,45.4
potato,0.81,0,11,0,19.7,0
"potatoes,flesh & skn,raw",0.81,0,12,0,19.7,15
"beans,kidney,mature seeds,sprouted,raw",0.81,0,17,0,38.7,59
"beans, kidney, mature seeds, sprouted, raw",0.81,0,17,0,38.7,59
"coconut milk,frz (liq expressed from grated meat&h2o)",0.81,0,4,0,1.1,14
"beverages,v8 v- fusion juices,acai berry",0.81,0,1,0,40.7,
"broccoli, frozen, chopped, unprepared",0.81,0,56,,56.4,67
"nuts, coconut milk, frozen (liquid expressed from grated meat and water)",0.81,0,4,0,1.1,14
"fst foods, potato, frnch fried in veg oil",0.81,0,18,0,4.7,30
stuffed baked potatoes,0.81,0,25.72,0,18.77,23.25
raw papaya with coconut (papaya thoran),0.82,0,33.74,0,25.38,43.68
"desserts,appl crisp,prepared-from-recipe",0.82,0,35,,2.2,24
raw turnip with coconut,0.82,0,50.65,0,21.65,27.89
"vegetables,mxd,frz,ckd,bld,drnd,wo/salt",0.82,0,25,0,3.2,19
"vegetables,mxd,frz,ckd,bld,drnd,w/salt",0.82,0,25,0,3.2,19
"cookies,cocnt macaroon",0.82,0,5,0,0,3
"plums,cnd,purple,ex hvy syrup pk,sol&liquids",0.82,0,9,0,0.4,3
"mori-nu,tofu,silken,soft",0.82,0,31,,0,
"desserts, apple crisp, prepared-from-recipe",0.82,0,35,0,2.2,24
split bengal gram dal and vegetable pulao (channa dal and vegetable pulao),0.82,0,19.09,0,27.07,104.21
"archway home style cookies, coconut macaroon",0.82,0,5,0,0,5
peanut pulao,0.83,0,18.52,0,3.42,68.06
"prego pasta, garlic supreme italian sauce, ready-to-serve",0.83,0,31,,0.9,0
"babyfood,veg,garden veg,str",0.83,0,28,0,5.7,40
dry potato (sookhe aloo),0.83,0,17.2,0,23.23,15.7
"beans,snap,grn,microwaved",0.83,0,55,0,7.3,47
"sauce,cocktail,rts",0.83,0,26,0,11.6,17
"endive,raw",0.83,0,52,0,6.5,142
"potatoes,french fr,stk cut,salt not added in proc,frz,unprep",0.83,0,13,0,6.9,
"sesbania flower,raw",0.84,0,19,0,73,102
"potatoes,frz,whl,ckd,bld,drnd,w/salt",0.84,0,7,0,9.4,8
carrot and cabbage with coconut (nariyal ke saath pattagobhi aur gajar),0.84,0,48.63,0,41.01,72.27
"potatoes,frz,whl,ckd,bld,drnd,wo/salt",0.84,0,7,0,9.4,8
spicy corn chaat,0.84,0,17.28,0,14.1,227.37
"plums,cnd,purple,hvy syrup pk,sol&liquids",0.84,0,9,0,0.4,3
"sesbania flower, raw",0.84,0,19,,73,102
"plums,cnd,hvy syrup,drnd",0.84,0,10,0,0.4,3
"paneer, apple and pineapple salad",0.84,0,103.05,0,25.3,67.13
"snacks, potato chips, made from dried potatoes (preformed), multigrain",0.85,0,26,0,0.7,16
"snacks,m&m mars,kudos whl grain bar,m&m's milk choc",0.85,0,943,0,0.2,
"campbell's,spaghettios original,easy open",0.85,0,9,,0,28
"boysenberries,frz,unswtnd",0.85,0,27,0,3.1,63
"rice & vermicelli mix,rice pilaf flavor,prep w/ 80% margarin",0.85,0,29,0,,
"beans, snap, green, frozen, all styles, unprepared",0.85,0,42,0,12.9,15
"beans,snap,grn,frz,all styles,unprep",0.85,0,42,0,12.9,15
"snacks, potato chips, fr dried potatoes, multigrain",0.85,0,26,0,0.7,16
"boysenberries, frozen, unsweetened",0.85,0,27,,3.1,63
"potatoes,russet,flesh & skn,raw",0.86,0,13,0,5.7,14
"lettuce,grn leaf,raw",0.86,0,36,0,9.2,38
"peppers,serrano,raw",0.86,0,11,0,44.9,23
"plums,cnd,purple,lt syrup pk,sol&liquids",0.86,0,9,0,0.4,3
pineapple pastry,0.86,0,42.97,0,3.64,17.42
"radish seeds,sprouted,raw",0.86,0,51,0,28.9,95
"kumquats, raw",0.86,0,62,,43.9,17
potato capsicum (shimla mirch aloo),0.86,0,16.45,0,81.26,39.8
"beans,snap,yel,frz,all styles,unprep",0.86,0,42,0,12.9,15
"kumquats,raw",0.86,0,62,0,43.9,17
"lettuce, green leaf, raw",0.86,0,36,,9.2,38
vegetable biryani/biriyani,0.86,0,33.52,0,39.35,77.54
"salad drsng,french drsng,red fat,wo/ salt",0.87,0,11,,0,2
"waterchestnuts,chinese,cnd,sol&liquids",0.87,0,4,0,1.3,6
jellied sunshine fruit salad,0.87,0,37.14,0,28.75,37.7
"mustard grns,ckd,bld,drnd,wo/salt",0.87,0,118,0,25.3,9
"pickle relish,sweet",0.87,0,3,0,1,1
"potatoes,french fr,cross cut,frz,unprep",0.87,0,13,0,5.7,
"peas&onions,cnd,sol&liquids",0.87,0,17,0,3,27
"soup, sirloin burger with vegetables, ready-to-serve, single brand",0.87,0,0,0,0,0
vegetable patties,0.87,0,18.96,0,13.92,22.85
"salad dressing, french dressing, reduced fat, without salt",0.87,0,11,,0,2
"mustard grns,ckd,bld,drnd,w/salt",0.87,0,118,0,25.3,9
potato nests,0.87,0,55.25,0,37.47,49.55
"babyfood,juc,prune&orange",0.87,0,12,0,63.8,13
"figs,dried,stewed",0.88,0,70,0,4.4,1
"broccoli,stalks,raw",0.88,0,48,0,93.2,71
"broccoli,leaves,raw",0.88,0,48,0,93.2,71
"rice and vermicelli mix, beef flavor, prepared with 80% margarine",0.88,0,10,0,0,0
ham and bean soup,0.88,0,20.52,0,22.31,103.7
"squash,wntr,butternut,frz,unprep",0.88,0,29,0,6.2,24
poi,0.88,0,16,0,4,21
"pumpkin,flowers,ckd,bld,drnd,w/salt",0.88,0,37,0,5,41
"squash, winter, butternut, frozen, unprepared",0.88,0,29,0,6.2,24
"broccoli,flower clusters,raw",0.88,0,48,0,93.2,71
"rice & vermicelli mix,bf flavor,prep w/ 80% margarine",0.88,0,10,0,0,
"beans, snap, yellow, frozen, cooked, boiled, drained, without salt",0.88,0,49,0,4.1,23
"beans,snap,yel,frz,ckd,bld,drnd,w/salt",0.88,0,49,0,4.1,23
"pumpkin flowers,ckd,bld,drnd,wo/salt",0.88,0,37,0,5,41
"beans,snap,yel,frz,ckd,bld,drnd,wo/salt",0.88,0,49,0,4.1,23
"soup,vegetarian veg,cnd,cond",0.88,0,17,0,1.2,9
"oat bran,cooked",0.88,0,10,0,0,6
"beans,snap,grn,cnd,reg pk,drnd sol",0.89,0,37,0,2.8,24
"snacks,m&m mars,kudos whl grain bars,pnut butter",0.89,0,871,0,0.3,
"succotash,(corn&limas),frz,ckd,bld,drnd,wo/salt",0.89,0,15,0,5.9,33
"carrots,baby,raw",0.89,0,32,0,2.6,27
"rolls,gluten-free,brw rice flr,tapioca starch,&sorghum flr",0.89,0,41,0,,31
choconut ice cream,0.89,0,67.38,0,2.17,29.32
"succotash,(corn&limas),frz,ckd,bld,drnd,w/salt",0.89,0,15,0,5.9,33
"cookies,pnut butter,commly prep,soft-type",0.89,0,12,0,0,110
"beans,kidney,mature seeds,sprouted,ckd,bld,drnd,w/salt",0.89,0,19,0,35.6,47
"sweetpotato,cnd,vacuum pk",0.89,0,22,0,26.4,17
orange gateau,0.89,0,41.69,0,10.49,15.12
"tomato products,cnd,sau,w/mushrooms",0.89,0,13,,12.4,9
"beans,kidney,mature seeds,sprouted,ckd,bld,drnd,wo/salt",0.89,0,19,0,35.6,47
"beans,snap,yel,cnd,no salt,sol&liquids",0.9,0,24,0,4,18
"lotus root,ckd,bld,drnd,wo/salt",0.9,0,26,0,27.4,8
"cereals,oats,reg & quick & inst,unenr,ckd w/ h2o,w/ salt",0.9,0,9,0,0,6
"cereals, oats, regular and quick, unenriched, cooked with water (includes boiling and microwaving), without salt",0.9,0,9,0,0,6
"kashi spicy black bean enchilada,frz,unprep",0.9,0,51,0,8,
"cereals,oats,reg & quick,unenr,ckd w/ h2o,wo/ salt",0.9,0,9,0,0,6
"beans,snap,yel,cnd,reg pk,drnd sol",0.9,0,26,0,4.8,32
"lotus root,ckd,bld,drnd,w/salt",0.9,0,26,0,27.4,8
"beans,snap,grn,cnd,no salt,sol&liquids",0.9,0,24,0,3.4,18
"usda commodity,spaghetti sau,meatless,cnd",0.9,0,20,,3.9,
apple cake (seb ka cake),0.9,0,38.99,0,1.16,9.32
"kale, cooked, boiled, drained, with salt",0.9,0,72,,41,13
"apricots,frozen,sweetened",0.9,0,10,0,9,2
"pace, traditional refried beans",0.9,0,33,0,0,0
"beans, snap, green, canned, no salt added, solids and liquids",0.9,0,24,0,3.4,18
"breadfruit seeds,roasted",0.9,0,86,0,7.6,59
"formulated bar, high fiber, chewy, oats and chocolate",0.9,0,250,0,1.2,43
"kale,ckd,bld,drnd,wo/salt",0.9,0,72,0,41,13
"salad drsng,1000 island drsng,red fat",0.9,0,27,0,1.5,0
sour cream potato salad,0.9,0,23.25,0,37.28,52.99
"chicory greens,raw",0.9,0,100,0,24,110
"kashi,steam meal,rstd garlic chick farfalle,frz entree",0.9,0,29,0,,9
"kale,ckd,bld,drnd,w/salt",0.9,0,72,0,41,13
"beans,snap,yel,cnd,reg pk,sol&liquids",0.9,0,24,0,3.4,18
"beans,snap,yel,cnd,no salt,drnd sol",0.9,0,26,0,4.8,32
"blueberries,dried,swtnd",0.9,0,19,0,23.8,12
"pineapple juc,frz conc,unswtnd,undil",0.9,0,39,0,42,37
"wheat flours,bread,unenr",0.9,0,15,0,0,33
wood apple,0.9,0,34,0,4.3,0
"sauce,pnut,made from pnut butter,h2o,soy sau",0.91,0,22,0,0,22
"nuts, chestnuts, european, roasted",0.91,0,29,0,26,70
"asparagus,ckd,bld,drnd",0.91,0,23,0,7.7,149
"rye flour,light",0.91,0,13,0,0,23
"apple juc,frz conc,unswtnd,undil,w/ vit c",0.91,0,20,0,88.9,1
fish in coconut milk (nariyal ke doodh ke saath machli),0.91,0,21.94,0,10.71,38
"corn flour, degermed, unenriched, yellow",0.91,0,2,0,0,48
"asparagus,ckd,bld,drnd,w/salt",0.91,0,23,0,7.7,149
"beef, australian, wagyu,  seam fat, aust. marble score 9, raw",0.91,0,2,,0,0
"apple juc,frz conc,unswtnd,undil,wo/ vit c",0.91,0,20,0,2.1,1
"corn flr,yel,degermed,unenr",0.91,0,2,0,0,48
"mung bns,mature seeds,sprouted,raw",0.91,0,13,0,13.2,61
vegetable and mayonnaise sandwich,0.91,0,79.53,0,12.9,17.05
"pie,dutch appl,commly prep",0.91,0,14,,5.7,32
"chestnuts,european,rstd",0.91,0,29,0,26,70
"apple juice, frozen concentrate, unsweetened, undiluted, without added ascorbic acid",0.91,0,20,0,2.1,1
"candies, york peppermint pattie",0.92,0,11,,0,0
spanish rice,0.92,0,18.93,0,48.66,54.48
"kale,frozen,unprepared",0.93,0,136,0,39.3,17
"candies,soft fruit & nut squares",0.93,0,17,0,0.2,11
"brussels sprouts,frz,unprep",0.93,0,26,0,74.1,123
"wendy's, french fries",0.93,0,16,,3.8,0
"plums,dried (prunes),unckd",0.93,0,43,0,0.6,4
"pasta,gluten-free,corn,dry",0.93,0,4,0,0,25
"onion rings, breaded, par fried, frozen, unprepared",0.93,0,46,,4.6,68
"squash,wntr,acorn,ckd,bkd,w/salt",0.93,0,44,0,10.8,19
"squash,wntr,acorn,ckd,bkd,wo/salt",0.93,0,44,0,10.8,19
"tomato products,cnd,sau,w/onions",0.93,0,17,0,12.7,22
orange cream flan,0.93,0,27.9,0,43.79,76.78
"onion rings,breaded,par fr,frz,unprep",0.93,0,46,0,4.6,68
"succotash,(corn&limas),frz,unprep",0.94,0,16,0,8.5,42
"peas&carrots,frz,ckd,bld,drnd,w/salt",0.94,0,23,0,8.1,26
"kale, frozen, cooked, boiled, drained, without salt",0.94,0,138,,25.2,14
"apricots,dried,sulfured,stwd,wo/ sugar",0.94,0,19,0,0.3,3
"peas&carrots,frz,ckd,bld,drnd,wo/salt",0.94,0,23,0,8.1,26
"grapes,cnd,thompson seedless,hvy syrup pk,sol&liquids",0.94,0,10,0,1,3
"peas and onions, frozen, cooked, boiled, drained, with salt",0.94,0,14,,6.9,20
"chestnuts,european,raw,peeled",0.94,0,19,0,40.2,58
"sauce, sofrito, prepared from recipe",0.94,0,20,,20.4,43
"kale,frz,ckd,bld,drnd,wo/salt",0.94,0,138,0,25.2,14
"peas&onions,frz,ckd,bld,drnd,w/salt",0.94,0,14,0,6.9,20
"kale,frz,ckd,bld,drnd,w/salt",0.94,0,138,0,25.2,14
"kale, frozen, cooked, boiled, drained, with salt",0.94,0,138,,25.2,14
"peas&onions,frz,ckd,bld,drnd,wo/salt",0.94,0,14,0,6.9,20
"lotus seeds,raw",0.95,0,44,0,0,28
vegetable curry with coconut,0.95,0,19.63,0,69.6,87.67
chilchen (red berry beverage) (navajo),0.95,0,7,0,0,0
"rice and vermicelli mix, chicken flavor, prepared with 80% margarine",0.95,0,7,0,0,0
"peas, green, canned, no salt added, drained solids",0.95,0,20,,9.6,44
"vegetables,mxd,frz,unprep",0.95,0,25,0,10.4,29
"rice & vermicelli mix,chick flavor,prep w/ 80% margarine",0.95,0,7,0,0,
"peas,grn,cnd,no salt,drnd sol",0.95,0,20,0,9.6,44
"babyfood,juc,appl&prune",0.95,0,9,0,67.5,0
"sweet potato,cnd,syrup pk,drnd sol",0.95,0,17,0,10.8,8
"beef, australian, grass-fed,  external fat, raw",0.95,0,6,,0,0
"babyfood,veg,peas,str",0.95,0,18,0,0.6,28
beans foogath,0.95,0,44.2,0,6.36,86.05
"prairie turnips, boiled (northern plains indians)",0.95,0,103,,2,0
"potatoes,o'brien,frz,prep",0.96,0,20,0,10.4,12
"syrups,malt",0.96,0,61,,0,12
"alfalfa seeds,sprouted,raw",0.96,0,32,0,8.2,36
"tomato products,cnd,sau",0.96,0,14,0,7,9
"tomato sau,cnd,no salt added",0.96,0,14,0,7,9
fruit loaf,0.96,0,45.71,0,2.47,7.82
prawn curry (with coconut) (jhinga curry),0.96,0,37.25,0,3.72,43.62
"bulgur,cooked",0.96,0,10,0,0,18
"chestnuts,chinese,bld&stmd",0.97,0,12,0,24.7,46
"cowpeas, common (blackeyes, crowder, southern), mature seeds, canned, plain",0.97,0,20,,2.7,51
"pears,dried,sulfured,stwd,w/ sugar",0.97,0,15,0,3.8,0
potato curry (aloo ki sabzi),0.97,0,23.74,0,42.18,35.58
"cowpeas,common,mature seeds,cnd,pln",0.97,0,20,0,2.7,51
"cereals,oat bran,qkr,qkr/mother's oat bran,prep w/h2o,salt",0.97,0,11,0,0,5
"cereals, oat bran, quaker, quaker/mother's oat bran, prepared with water, salt",0.97,0,11,0,0,5
"lettuce,cos or romaine,raw",0.97,0,33,0,4,136
"sorghum flour, refined, unenriched",0.97,0,6,,0.6,0
"cereals, quaker, oat bran, quaker/mother's oat bran, prepared with water, no salt",0.97,0,11,0,0,5
"snacks,plantain chips,salted",0.97,0,9,0,32.1,35
"sweet potato leaves, raw",0.97,0,78,0,11,1
"cereals,qkr,oat bran,prep w/h2o,no salt",0.97,0,11,0,0,5
"candies,peanut bar",0.97,0,78,0,0,75
"sweet potato leaves,raw",0.97,0,78,0,11,1
"turnips,frz,ckd,bld,drnd,wo/salt",0.98,0,32,0,3.9,8
"yardlong bean,ckd,bld,drnd,w/salt",0.98,0,44,0,16.2,45
"grapes, canned, thompson seedless, water pack, solids and liquids",0.98,0,10,,1,3
"turnips, frozen, cooked, boiled, drained, without salt",0.98,0,32,,3.9,8
"grapes,cnd,thompson seedless,h2o pk,sol&liquids",0.98,0,10,0,1,3
"infant formula, gerber, good start 2, protect plus, ready-to-feed",0.98,0,44,,10,17
"chickpeas,mature seeds,cnd,drnd,rinsed in tap h2o",0.98,0,43,0,0.1,41
"potatoes,hash brown,frz,pln,unprep",0.98,0,10,0,8.2,4
"yautia (tannier),raw",0.98,0,9,0,5.2,17
"yardlong bean,ckd,bld,drnd,wo/salt",0.98,0,44,0,16.2,45
"inf formula, gerber, good start 2,protect plus, rtf",0.98,0,44,1,10,17
"cauliflower, pea and potato bhujia (phoolgobhi, matar aur aloo bhujia)",0.98,0,21.05,0,53.51,60.04
"turnips,frz,ckd,bld,drnd,w/salt",0.98,0,32,0,3.9,8
"inf formula,gerber,good start,protect plus,rtf",0.98,0,44,1,10,17
"louis rich, turkey breast and white turkey (oven roasted)",0.99,0,6,,0,6
potato salad (aloo ka salaad),0.99,0,25.61,0,58.78,52.72
"potatoes,hash brown,frz,w/ butter sau,prep",0.99,0,33,0,3.8,13
vegetable chowmein,0.99,0,28.33,0,85.39,99.36
"beans,shellie,cnd,sol & liquids",0.99,0,29,0,3.1,18
chinese fried rice,0.99,0,34.7,0,67.39,136.83
soya chunks and peas (nutrinugget matar),0.99,0,20.32,0,39.15,52.1
"beans, shellie, canned, solids and liquids",0.99,0,29,0,3.1,18
"kashi spinach artichoke pasta,frz,unprep",1,0,66,0,0,14
"kashi,steam meal,sesame chick,frz entree",1,0,26,0,,30
"smart soup,santa fe corn chowder",1,0,23,0,0,
"ginkgo nuts,raw",1,0,2,0,15,54
"yachtwurst,w/ pistachio nuts,ckd",1,0,19,0,0,
"kashi, chicken pasta pomodoro, frozen entree",1,0,61,,6,0
"fish, lingcod, liver (alaska native)",1,0,5,,0,0
"smart soup,indian bean masala",1,0,22,0,0,
"cereals,corn grits,yel,reg & quick,unenr,dry",1,0,2,0,0,5
"babyfood,peas,dices,todd",1,0,21,0,6,35
"cowpeas,young pods w/seeds,raw",1,0,65,0,33,53
"smart soup, indian bean masala",1,0,22,0,0,0
"smart soup, moroccan chick pea",1,0,23,,0,0
"currants,red&white,raw",1,0,33,0,41,8
"broadbeans (fava bns),mature seeds,cnd",1,0,26,0,1.8,33
"morningstar farms sesame chik'n entree,frz,unprep",1,0,26,0,,10
"yachtwurst, with pistachio nuts, cooked",1,0,19,0,0,0
"groundcherries,(cape-gooseberries or poha),raw",1,0,9,,11,
"mornngstr frms brkfst sndwch scrmbl&chs eng muff,frz,unprp",1,0,169,0,0,5
"potatoes, frozen, whole, unprepared",1.01,0,8,0,14.2,13
"chestnuts,european,raw,unpeeled",1.01,0,27,0,43,62
"fruit leather,rolls",1.01,0,32,0,120,2
"sauce,hoisin,rts",1.01,0,32,0,0.4,23
"applebee's, french fries",1.01,0,19,0,0.7,0
"potatoes,frz,whl,unprep",1.01,0,8,0,14.2,13
"applebee's,french fr",1.01,0,19,0,0.7,
sauteed radishes with green beans,1.01,0,40.2,0,6.55,45.89
"snacks, fruit leather, rolls",1.01,0,32,0,120,2
"peanuts,all types,ckd,bld,w/salt",1.01,0,55,0,0,75
"peas,grn,cnd,no salt,sol&liquids",1.02,0,18,0,9.8,29
pea potato curry (aloo matar),1.02,0,21.1,0,70.01,88.11
"pie crust,refr,reg,unbaked",1.02,0,10,,,37
"balsam-pear (bitter gourd),leafy tips,ckd,bld,drnd,w/salt",1.02,0,42,0,55.6,88
"spanish rice mix,dry mix,prep (with canola/vegetable oil ble",1.02,0,18,0,0,68
"beans,snap,grn,cnd,reg pk,sol & liquids",1.02,0,29,0,2.2,26
"dates,deglet noor",1.02,0,39,0,0.4,19
"date nutrition: dates, deglet noor",1.02,0,39,0,0.4,0
"pears,dried,sulfured,stwd,wo/ sugar",1.02,0,16,0,4,0
"balsam-pear (bitter gourd),leafy tips,ckd,bld,drnd,wo/salt",1.02,0,42,0,55.6,88
"mori-nu,tofu,silken,firm",1.03,0,32,,0,
"beans,snap,green,raw",1.03,0,37,0,12.2,33
"potatoes,o'brien,frz,unprep",1.03,0,13,0,11.3,8
"peppers,hot chili,red,raw",1.03,0,14,0,143.7,23
"wasabi,root,raw",1.03,0,128,0,41.9,18
hot orange souffle,1.03,0,53.81,0,7.01,30.66
"cabbage,chinese (pak-choi),ckd,bld,drnd,w/salt",1.04,0,93,0,26,41
"restaurant,latino,arepa (unleavened cornmeal bread)",1.04,0,89,0,,
"cabbage,chinese (pak-choi),ckd,bld,drnd,wo/salt",1.04,0,93,0,26,41
"plums,dried (prunes),stwd,w/ added sugar",1.04,0,21,0,2.7,0
"cabbage, chinese (pak-choi), cooked, boiled, drained, with salt",1.04,0,93,,26,41
"beans,snap,yellow,raw",1.04,0,37,0,16.3,37
cheese and pineapple sandwich (cheese aur ananas ka sandwich),1.04,0,199.73,0,3.64,12.08
"spaghetti,spinach,cooked",1.04,0,30,0,0,12
soyabean tikki,1.04,0,29.23,0,6.71,57.9
"plums, dried (prunes), stewed, with added sugar",1.04,0,21,,2.7,0
"acorns,dried",1.04,0,54,0,0,115
gooseberry pickle (amla ka achaar),1.04,0,31.17,0,4.85,2.09
"potatoes,frnch fr,cttg-cut,salt not added,frz,as prch",1.05,0,7,0,8.4,15
"babyfood,snack,gerber graduate fruit strips,real fruit bars",1.05,0,18,0,179.9,1
"toppings,nuts in syrup",1.05,0,35,0,0.3,26
"salad drsng,ranch drsng,fat-free",1.05,0,50,,0,6
apple crumb pudding,1.05,0,38.49,0,3.6,7.86
"potatoes, french fried, cottage-cut, salt not added in processing, frozen, as purchased",1.05,0,7,0,8.4,15
"toppings, nuts in syrup",1.05,0,35,0,0.3,26
"vegetables,mxd,cnd,drnd sol",1.05,0,27,0,5,24
"pumpkin pie mix,canned",1.06,0,37,0,3.5,35
"beans, snap, green, canned, regular pack, drained solids",1.06,0,38,0,2.8,28
orange cake,1.06,0,29.72,0,1.88,9.25
"beans,snap,grn,cnd,no salt,drnd sol",1.06,0,38,0,2.8,28
"beans, snap, green, canned, no salt added, drained solids",1.06,0,38,0,2.8,28
"rose hips, wild (northern plains indians)",1.06,0,169,,426,0
"tomatoes,red,ripe,ckd,stwd",1.06,0,26,0,18.2,11
tofu yogurt,1.06,0,118,0,2.5,6
"soup,crm of chick,cnd,cond",1.06,0,14,0,0.1,2
"tomatoes, red, ripe, cooked, stewed",1.06,0,26,,18.2,11
"potatoes,russet,flesh & skn,bkd",1.07,0,18,0,8.3,26
vegetable namkeen jave,1.07,0,10.32,0,12.45,26.26
potato cauliflower (aloo gobhi),1.07,0,22.87,0,61.11,55.94
"chickpeas,mat seeds,cnd,drnd sol",1.07,0,45,0,0.1,48
"collards,frz,chopd,unprep",1.07,0,201,0,40,73
"restaurant,chinese,veg lo mein,wo/ meat",1.07,0,21,0.1,1.7,28
"spaghettios,spaghettios w/ sliced franks",1.07,0,60,0.4,2.4,40
"babyfood,veg,grn bns,jr",1.08,0,65,0,8.4,33
"beans, french, mature seeds, cooked, boiled, without salt",1.08,0,63,0,1.2,75
"potatoes,bkd,flesh & skn,wo/ salt",1.08,0,15,0,9.6,28
"beans,french,mature seeds,ckd,bld,w/salt",1.08,0,63,0,1.2,75
"couscous,dry",1.08,0,24,0,0,20
"potatoes, baked, flesh and skin, with salt",1.08,0,15,0,9.6,28
"potatoes,bkd,flesh & skn,w/ salt",1.08,0,15,0,9.6,28
"beans,french,mature seeds,ckd,bld,wo/salt",1.08,0,63,0,1.2,75
wheat cake,1.08,0,98.91,0,0.76,7.6
"french beans, cooked",1.08,0,63,0,1.2,0
"beans, french, mature seeds, cooked, boiled, with salt",1.08,0,63,0,1.2,75
"potatoes, baked, flesh and skin, without salt",1.08,0,15,0,9.6,28
"potatoes, mashed, dehydrated, granules without milk, dry form",1.09,0,41,0,37,40
"potatoes,mshd,dehyd,granules wo/milk,dry form",1.09,0,41,0,37,40
"cowpeas,leafy tips,ckd,bld,drnd,w/salt",1.09,0,69,0,18.4,60
"winged bns,immat seeds,ckd,bld,drnd,wo/salt",1.09,0,61,0,9.8,35
"candies, caramello candy bar",1.09,0,213,,1.7,0
"peas,grn,cnd,drnd sol,rinsed in tap h2o",1.09,0,24,0,9.3,30
"winged beans, immature seeds, cooked, boiled, drained, without salt",1.09,0,61,0,9.8,35
vegetable khichdi/khichri,1.09,0,100.54,0,0,0
"peas&carrots,frz,unprep",1.09,0,27,0,11.2,36
"winged bean,immat seeds,ckd,bld,drnd,w/salt",1.09,0,61,0,9.8,35
"sauce, barbecue, kc masterpiece, original",1.09,0,40,,0.2,0
"cowpeas,leafy tips,ckd,bld,drnd,wo/salt",1.09,0,69,0,18.4,60
"hormel always tender,pork tenderloin,peppercorn-flavored",1.1,0,14,0,1.4,
"turnip greens,raw",1.1,0,190,0,60,194
"kashi,tlc,country cheddar crackers",1.1,0,63,0,3,1
"cornmeal,degermed,unenr,yel",1.1,0,3,0,0,30
"kellogg's,eggo,nutri-grain frz fruit pizza,strawberry granol",1.1,0,46,0,,18
"leeks,(bulb&lower leaf-portion),ckd,bld,drnd,wo/salt",1.1,0,30,0,4.2,24
"stew,stmd corn (navajo)",1.1,0,22,0,0,9
"candies,nestle,goobers choc covered pnuts",1.1,0,89,0,0.3,
"kellogg's,eggo,nutri-grain frz fruit pizza,mxd berry granola",1.1,0,47,0,,20
"stew, steamed corn (navajo)",1.1,0,22,0,0,0
"hormel always tender, pork tenderloin, peppercorn-flavored",1.1,0,14,0,1.4,0
"cowpeas (blackeyes), immature seeds, raw",1.1,0,126,,2.5,168
"leeks,(bulb&lower leaf-portion),ckd,bld,drnd,w/salt",1.1,0,30,0,4.2,24
"kellogg's, eggo, nutri-grain frozen fruit pizza, mixed berry granola",1.1,0,47,0,0,0
"cornmeal,degermed,unenr,white",1.1,0,3,0,0,30
"cowpeas (blackeyes),immat seeds,raw",1.1,0,126,0,2.5,168
"tofu,soft,prep w/ca sulfate&magnesium chloride (nigari)",1.11,0,111,0,0.2,44
"gelatins, dry powder, unsweetened",1.11,0,55,,0,30
"gelatins,dry pdr,unswtnd",1.11,0,55,0,0,30
"pigeon peas (red gm),mature seeds,ckd,bld,wo/salt",1.11,0,43,0,0,111
"pigeon peas (red gm),mature seeds,ckd,bld,w/salt",1.11,0,43,0,0,111
"soup,tomato,cnd,cond,red na",1.11,0,13,0,12.9,0
pea potato sandwich (toasted) (matar aloo ka sandwich),1.11,0,64.15,0,14.11,21.01
"potato chips,made from dried potatoes,lt",1.11,0,29,0,12,27
"bread, kneel down (navajo)",1.11,0,5,,0,0
"mustard grns,frz,ckd,bld,drnd,w/salt",1.12,0,101,0,13.8,70
"pie,appl,prep from recipe",1.12,0,7,,1.7,38
"cowpeas (blackeyes), immature seeds, cooked, boiled, drained, without salt",1.12,0,128,,2.2,127
chicken walnut sandwich (chicken aur akhrot ke sandwich),1.12,0,78.45,0,0,12.99
potato pickle (aloo ka achaar),1.12,0,48.46,0,10.14,8.16
"mustard grns,frz,ckd,bld,drnd,wo/salt",1.12,0,101,0,13.8,70
"cowpeas (blackeyes),immat seeds,ckd,bld,drnd,w/ salt",1.12,0,128,0,2.2,127
"collards,frz,chopd,ckd,bld,drnd,wo/salt",1.12,0,210,0,26.4,76
khoa and coconut pancake,1.12,0,157.22,0,0.73,19.12
"beverages,citrus fruit juc drk,frz conc,prep w/ h2o",1.12,0,9,0,27.1,7
"collards,frz,chopd,ckd,bld,drnd,w/salt",1.12,0,210,0,26.4,76
"cowpeas (blackeyes), immature seeds, cooked, boiled, drained, with salt",1.12,0,128,,2.2,127
"cowpeas (blackeyes),immat seeds,ckd,bld,drnd,wo/ salt",1.12,0,128,0,2.2,127
"beans,adzuki,mature seeds,cnd,swtnd",1.13,0,22,0,0,107
"pasta,homemade,made wo/egg,ckd",1.13,0,6,,0,61
"collards,ckd,bld,drnd,wo/salt",1.13,0,141,0,18.2,16
"collards,ckd,bld,drnd,w/salt",1.13,0,141,0,18.2,16
"snacks, rice cakes, brown rice, buckwheat, unsalted",1.14,0,11,0,0,21
"pickle relish,hamburger",1.14,0,4,0,2.3,1
"snacks,potato chips,frm dried potatoes,fat-free,w/ olestra",1.14,0,20,0,108.8,67
"rice cakes,brown rice,buckwheat",1.14,0,11,0,0,21
banana cake (kele ka cake),1.14,0,23.55,0,0.98,11.33
"rice cakes,brown rice,buckwheat,unsalted",1.14,0,11,0,0,21
jackfruit fritters (ponsa mulik/kathal ka pakora),1.15,0,24.62,0,0.32,2.47
"bananas,dehyd,or banana pdr",1.15,0,22,0,7,14
"mushrooms,enoki,raw",1.15,0,0,0.1,0,48
"bananas, dehydrated, or banana powder",1.15,0,22,0,7,14
"pie crust,refr,reg,bkd",1.15,0,12,,,47
"mushrooms, enoki, raw",1.15,0,0,,0,48
"eppaw,raw",1.15,0,110,0,13,24
"lotus root, raw",1.16,0,45,,44,13
"lotus root,raw",1.16,0,45,0,44,13
"rice,brown,parbld,dry,uncle ben's",1.16,0,8,0,0,14
"sauce,rts,pepper,tabasco",1.16,0,12,0,4.5,2
"snacks, tortilla chips, nacho cheese",1.16,0,137,0,0.4,13
baked vegetables with spinach,1.16,0,78.63,0,78.95,223.29
"yokan,prep from adzuki bns & sugar",1.16,0,27,0,0,8
"beans, adzuki, yokan, mature seeds",1.16,0,27,0,0,8
"prunes,dehyd (low-moisture),stwd",1.17,0,24,0,0,0
"wheat flr,white,all-purpose,unenr",1.17,0,15,0,0,26
"beans,kidney,all types,mature seeds,cnd",1.17,0,34,0,1.2,36
"snacks, rice cakes, brown rice, corn",1.17,0,9,0,0,19
"snacks,rice cakes,brown rice,corn",1.17,0,9,0,0,19
"oscar mayer, smokie links sausage",1.17,0,10,,0,0
"beans, kidney, all types, mature seeds, canned",1.17,0,34,0,1.2,36
"salad drsng,1000 island,comm,reg",1.18,0,17,0,0,0
"taro,leaves,ckd,stmd,w/salt",1.18,0,86,0,35.5,48
soya chunks korma (nutrinugget korma),1.18,0,89.7,0,11.59,49.69
"taro, leaves, cooked, steamed, with salt",1.18,0,86,,35.5,48
"peas,grn (includes baby & lesuer types),cnd,drnd sol,unprep",1.18,0,23,0,4.2,31
"taro leaves, cooked, steamed, without salt",1.18,0,86,,35.5,48
"taro leaves,ckd,stmd,wo/salt",1.18,0,86,0,35.5,48
"prune juice,canned",1.18,0,12,0,4.1,0
"oscar mayer, smokies sausage little (pork, turkey)",1.18,0,11,,0,0
"mori-nu,tofu,silken,ex firm",1.19,0,31,,0,
cereal pulse mix with amylase rice flour,1.19,0,12.61,0,0,18.71
"frostings,choc,creamy,dry mix",1.19,0,11,,0,3
"beans,bkd,cnd,pln or vegetarian",1.19,0,34,0,0,12
"brussels sprouts,ckd,bld,drnd,w/salt",1.2,0,36,0,62,60
"lambsquarters, raw",1.2,0,309,,80,30
taro chips,1.2,0,60,0,5,20
"lupins, mature seeds, cooked, boiled, without salt",1.2,0,51,,1.1,59
"snacks,corn-based,extruded,chips,pln",1.2,0,138,0,0,8
"peas,grn,cnd,seasoned,sol&liquids",1.2,0,15,0,11.5,29
"keebler, fudge shoppe, magic middles fudge filled cookies, peanut butter",1.2,0,0,0,0,0
"lambsquarters,raw",1.2,0,309,0,80,30
"peppers,hot chili,grn,raw",1.2,0,18,0,242.5,23
"brussels sprouts,ckd,bld,drnd,wo/salt",1.2,0,36,0,62,60
"lettuce,red leaf,raw",1.2,0,33,0,3.7,36
"keebler,fudge shoppe,magic middles fudge filled cookies,pnut",1.2,0,,0,,44
"rice,white,long-grain,reg,enr,ckd",1.2,0,10,0,0,97
"worthington foods,morningstar farms deli franks",1.2,0,19,0,0,2
"vinespinach,(basella),raw",1.2,0,109,0,102,140
"lupins,mature seeds,ckd,bld,w/salt",1.2,0,51,0,1.1,59
"pokeberry shoots,(poke),ckd,bld,drnd,wo/salt",1.2,0,53,0,82,9
"pokeberry shoots,(poke),ckd,bld,drnd,w/salt",1.2,0,53,0,82,9
"gardenburger veggie medley burger,frz,unprep",1.2,0,36,0,0,11
"lupins,mature seeds,ckd,bld,wo/ salt",1.2,0,51,0,1.1,59
"kashi italian veg medley pasta,frz,unprep",1.2,0,62,0,0,20
"pokeberry shoots, (poke), cooked, boiled, drained, with salt",1.2,0,53,0,82,9
"rice,white,long-grain,reg,ckd,enr,w/salt",1.2,0,10,0,0,97
"peaches,dried,sulfured,stwd,w/ sugar",1.2,0,8,0,3.4,0
"shallots,raw",1.2,0,37,0,8,34
"potatoes,mshd,dehyd,flakes wo/milk,dry form",1.21,0,27,0,81,46
"arrowhead,ckd,bld,drnd,w/salt",1.21,0,7,0,0.3,9
masala dosa mixed vegetable fillings,1.21,0,31.79,0,52.07,89.33
"acorn flour,full fat",1.21,0,43,0,0,114
"wocas,tuber,ckd,oregon,yel pond lily (klamath)",1.21,0,23,,,5
"arrowhead,ckd,bld,drnd,wo/salt",1.21,0,7,0,0.3,9
"potatoes, mashed, dehydrated, flakes without milk, dry form",1.21,0,27,0,81,46
"restaurant, latino, arroz con habichuelas colorados (rice and red beans)",1.22,0,15,0,0,0
"onions,welsh,raw",1.22,0,18,0,27,16
"rest,latino,arroz con abichuelas colorados (rice&red bns)",1.22,0,15,0,,
"onions, welsh, raw",1.22,0,18,,27,16
gooseberry chutney (amla chutney),1.22,0,46.4,0,4.84,2.23
"chickpeas (garbanzo bns,bengal gram),mature sds,cnd,sol&liq",1.23,0,35,0,0.1,25
"chickpeas,mature seeds,cnd,sol & liquids,lo na",1.23,0,35,0,0.1,25
"pie,blueberry,prep from recipe",1.23,0,7,0,0.7,36
"pie, blueberry, prepared from recipe",1.23,0,7,0,0.7,36
"candies,reese's nutrageous candy bar",1.23,0,68,0,0.5,56
"semolina,unenriched",1.23,0,17,0,0,72
"tortillas,rtb or -fry,corn",1.23,0,81,0,0,5
"lettuce,butterhead (incl boston&bibb types),raw",1.24,0,35,0,3.7,73
"potatoes,microwaved,ckd,in skn,flesh&skn,w/salt",1.24,0,11,0,15.1,12
"potatoes,microwaved,ckd in skn,flesh&skn,wo/salt",1.24,0,11,0,15.1,12
"soup,onion,dry,mix",1.25,0,143,0,3.4,0
"pickle relish,hot dog",1.25,0,5,0,1,1
"onion rings,breaded,par fr,frz,prep,htd in oven",1.25,0,31,0,1.6,33
"louis rich, turkey salami",1.25,0,40,,0,0
"beans,kidney,red,mature seeds,cnd,sol & liq,lo na",1.25,0,29,0,0.8,26
"beans,kidney,red,mature seeds,cnd,sol & liquids",1.25,0,29,0,0.8,23
banana chips,1.25,0,18,0,6.3,14
coconut chutney (nariyal ki chutney),1.25,0,15.7,0,4.13,4.74
"potatoes,cnd,drnd sol",1.26,0,5,0,5.1,6
orange omelette/omlet,1.26,0,37.33,0,7.2,28.86
"wheat flr,white (industrial),11.5% prot,bleached,unenr",1.26,0,20,0,0,31
"wheat flr,white (industrial),9% prot,bleached,unenr",1.26,0,20,0,0,31
"cherries,sour,red,cnd,ex hvy syrup pk,sol&liquids",1.26,0,10,0,1.9,7
"wheat flr,white (industrial),15% prot,bleached,unenr",1.26,0,17,0,0,31
"wheat flr,white (industrial),13% prot,bleached,unenr",1.26,0,24,0,0,31
"potatoes,cnd,drnd sol,no salt",1.26,0,5,0,5.1,6
"wheat flr,white (industrial),10% prot,bleached,unenr",1.26,0,20,0,0,31
"wheat flour, white (industrial), 9% protein, bleached, unenriched",1.26,0,20,0,0,31
"beans,pinto,mature seeds,cnd,drnd sol,rinsed in tap h2o",1.27,0,64,0,0.1,21
"beans, pinto, mature seeds, canned, drained solids, rinsed in tap water",1.27,0,64,0,0.1,21
"broccoli raab,ckd",1.27,0,118,0,37,71
"potato chips,plain,salted",1.28,0,21,0,21.6,29
"spaghetti, cooked, enriched, without added salt",1.28,0,7,,0,119
"beans,snap,yel,ckd,bld,drnd,w/salt",1.28,0,46,0,9.7,33
"artichokes,(globe or french),raw",1.28,0,44,0,11.7,68
"beans,snap,yel,ckd,bld,drnd,wo/salt",1.28,0,46,0,9.7,33
"pasta,ckd,enr,wo/ added salt",1.28,0,7,0,0,119
"pasta,ckd,enr,w/ added salt",1.28,0,7,0,0,119
"cookies,sugar wafer,w/ creme filling,sugar free",1.29,0,0,0,0,69
hazelnut cookies,1.29,0,47.43,0,0,19.45
"peas,grn,cnd,reg pk,sol&liquids",1.29,0,20,0,7.8,24
"nuts,walnuts,glazed",1.29,0,71,0,0,
"rice,brown,long-grain,raw",1.29,0,9,0,0,23
"peas,split,mature seeds,ckd,bld,wo/salt",1.29,0,14,0,0.4,65
"mustard grns,frz,unprep",1.29,0,116,0,25.3,138
"peas,split,mature seeds,ckd,bld,w/salt",1.29,0,14,0,0.4,65
"candies,praline,prepared-from-recipe",1.29,0,43,,0.3,6
"puddings,choc,dry mix,inst",1.29,0,12,0,0,3
"cherries,sour,red,cnd,hvy syrup pk,sol&liquids",1.3,0,10,0,2,8
"tomatoes,crushed,canned",1.3,0,34,0,9.2,13
"keebler,chips deluxe,pnut butter cups cookies",1.3,0,,0,0,64
"keebler,fudge shoppe,fudge stripes,oatmeal",1.3,0,,0,,33
"pasta,dry,unenr",1.3,0,21,0,0,18
"keebler, fudge shoppe, fudge stripes, oatmeal",1.3,0,0,0,0,0
"macaroni, dry, unenriched",1.3,0,21,,0,18
okara,1.3,0,80,0,0,26
"taro,tahitian,raw",1.3,0,129,0,96,9
"willow, leaves in oil (alaska native)",1.3,0,0,,0,0
"keebler, chips deluxe, peanut butter cups cookies",1.3,0,0,0,0,0
"cress,garden,raw",1.3,0,81,0,69,80
"kashi mayan harvest bake, frozen, unprepared",1.3,0,20,,6,0
"cress, garden, raw",1.3,0,81,,69,80
"morningstar farms corn dog,frz,unprep",1.3,0,17,0,0,
"morningstar farms corn dog, frozen, unprepared",1.3,0,17,0,0,0
"spaghetti, dry, unenriched",1.3,0,21,,0,18
"peaches,dried,sulfured,stwd,wo/ sugar",1.31,0,9,0,3.7,0
cherry and walnut cookies,1.31,0,46.27,0,0,2.49
"soybeans,mature seeds,sprouted,ckd,stmd",1.31,0,59,0,8.3,80
"soybeans,mature seeds,sprouted,ckd,stmd,w/salt",1.31,0,59,0,8.3,80
"fiddlehead ferns,raw",1.31,0,32,0,26.6,
"carissa,(natal-plum),raw",1.31,0,11,,38,
coconut finger,1.31,0,24.04,0,0,15.88
"swamp cabbage (skunk cabbage),ckd,bld,drnd,wo/ salt",1.32,0,54,0,16,35
"noodles,japanese,somen,dry",1.32,0,23,0,0,14
peanut butter cucumber sandwich,1.32,0,95.35,0,0.92,16.53
"swamp cabbage (skunk cabbage),ckd,bld,drnd,w/ salt",1.32,0,54,0,16,35
"tortilla chips, yellow, plain, salted",1.32,0,104,0,0,22
coconut biscuit (nariyal ke biscuit),1.32,0,37.81,0,0.03,2.51
"potatoes,frz,french fr,par fr,extruded,unprep",1.32,0,9,0,6.3,22
"noodles, japanese, somen, dry",1.32,0,23,,0,14
"cherries,sour,red,cnd,lt syrup pk,sol&liquids",1.32,0,10,0,2,8
cauliflower with coconut (nariyal ke saath phoolgobhi),1.33,0,35.37,0,51.79,59.84
"sweet potato,cnd,mshd",1.33,0,30,0,5.2,11
"beans,pinto,cnd,drnd sol",1.33,0,63,0,0.1,24
"mushrooms,oyster,raw",1.33,0,3,0.7,0,38
"beans, pinto, canned, drained solids",1.33,0,63,0,0.1,24
"peppers,chili,grn,cnd",1.33,0,36,0,34.2,54
"barley,pearled,cooked",1.33,0,11,0,0,16
"cereals rte,barbara's puffins,original",1.33,0,70,0,55.6,19
"tomatoes,red,ripe,cnd,stwd",1.33,0,34,0,7.9,5
beans with coconut (nariyal aur sem/phali; beans thoran),1.34,0,51.92,0,6.03,75.87
corn omelette/omlet,1.34,0,96.22,0,2.9,81.65
peanut biscuit,1.34,0,50.58,0,0.03,4.23
"soy sau made from soy&wheat (shoyu),lo na",1.35,0,30,0,0,44
mixed vegetable salad with curd sauce,1.35,0,65.51,0,37.73,86.34
"oscar mayer, ham (water added, honey)",1.35,0,10,,0,0
vegetable upma,1.35,0,26.68,0,14.42,50.48
"potato chips, without salt, reduced fat",1.35,0,21,0,25.7,10
"potato chips,wo/salt,red fat",1.35,0,21,0,25.7,10
"snacks,potato chips,red fat",1.35,0,21,0,25.7,27
"bagels,pln,unenr,w/ca prop (incl onion,poppy,sesame)",1.36,0,74,,0,22
"potato chips,barbecue-flavor",1.36,0,32,0,62.4,64
cream of mixed vegetable soup,1.36,0,65.26,0,39.02,54.46
"snacks, potato chips, barbecue-flavor",1.36,0,35,0,58,60
"bagels,pln,unenr,wo/ca prop (incl onion,poppy,sesame)",1.36,0,18,,0,22
"soup, bean with bacon, condensed, single brand",1.37,0,0,0,0,0
"sauce,steak,tomato bsd",1.37,0,19,0,6.8,8
"cherries,sour,red,cnd,h2o pk,sol&liquids (incl usda cmdty)",1.37,0,11,0,2.1,8
chocolate walnut cookies (chocolate aur akhrot ke cookies),1.37,0,36.1,0,0.16,4.22
"soup,bean w/bacon,cond,single brand",1.37,0,,0,,
potato flour,1.38,0,65,0,3.8,25
"pumpkin,cnd,wo/salt",1.39,0,26,0,4.2,12
"pumpkin,canned,with salt",1.39,0,26,0,4.2,12
"morningstar farms tuscan grns & bns,frz,unprep",1.4,0,99,0.025,0,67
"tortillas,rtb or -fry,corn,wo/ salt",1.4,0,175,0,0,183
corn cakes,1.4,0,19,0,0,19
"brussels sprouts,raw",1.4,0,42,0,85,61
"gardenburger original, frozen, unprepared",1.4,0,65,,0,12
"beans,bkd,cnd,w/pork&swt sau",1.4,0,39,0,0,8
"snacks, potato chips, made from dried potatoes, sour-cream and onion-flavor",1.4,0,64,0,9.5,23
"snacks, corn cakes",1.4,0,19,0,0,19
"snacks, corn cakes, very low sodium",1.4,0,19,0,0,19
"gardenburger original,frz,unprep",1.4,0,65,0,0,12
"mung bns,mature seeds,ckd,bld,wo/salt",1.4,0,27,0,1,159
"mung bns,mature seeds,ckd,bld,w/salt",1.4,0,27,0,1,159
"mung beans, mature seeds, cooked, boiled, without salt",1.4,0,27,0,1,159
"pickles,chowchow,w/cauliflower onion mustard,swt",1.4,0,23,0,6,5
"corn cakes,very lo na",1.4,0,19,0,0,19
"george weston bakeries, thomas english muffins",1.4,0,180,,0,0
"potato chips,made fr dried potatoes,sour-cream&onion-flavor",1.4,0,64,0,9.5,23
"beans, baked, canned, with pork and sweet sauce",1.4,0,39,0,0,8
"apples,dried,sulfured,unckd",1.4,0,14,0,3.9,0
"bread,pita,white,unenr",1.4,0,86,,0,24
"mung beans, mature seeds, cooked, boiled, with salt",1.4,0,27,0,1,159
"morningstar farms corn dog mini,frz,unprep",1.4,0,30,0,0,
"apples, dried, sulfured, uncooked",1.4,0,14,0,3.9,0
"snacks,fritolay,sunchips,multigrain,harvest cheddar",1.41,0,41,0,0.9,0
"campbell's red & white,bean w/ bacon soup,cond",1.41,0,47,0,2.8,
"chestnuts,chinese,raw",1.41,0,18,0,36,68
"frostings,choc,creamy,rte",1.42,0,8,0,0,1
"cowpeas,common,mature seeds,cnd w/pork",1.42,0,17,0,0.2,51
"cowpeas, common (blackeyes, crowder, southern), mature seeds, canned with pork",1.42,0,17,,0.2,51
"mcdonald's, premium crispy chicken ranch blt sandwich",1.42,0,35,,4.3,0
"snacks,potato chips,lightly salted",1.43,0,24,0,27.3,58
"mushrooms,straw,cnd,drnd sol",1.43,0,10,,0,38
"sauce,plum,ready-to-serve",1.43,0,12,,0.5,6
"spaghettios,spaghettios w/ meatballs",1.43,0,60,0.4,2.4,24
"refried bns,cnd,traditional style (includes usda commodity)",1.44,0,29,0,6,11
"refried bns,cnd,traditional,red na",1.44,0,29,0,0.8,26
"mcdonald's,pnuts (for sundaes)",1.45,0,46,0,,159
peanut burfi (moongfali ki burfi),1.45,0,25.2,0,0,7.57
"chestnuts,japanese,raw",1.45,0,31,0,26.3,47
soy sau made from soy&wheat (shoyu),1.45,0,33,0,0,14
"granola bars,soft,coatd,milk choc coating,pnut butter",1.45,0,108,0,0.6,25
"mcdonald's, peanuts (for sundaes)",1.45,0,46,0,0,0
"restaurant,latino,pupusas con frijoles (pupusas,bean)",1.46,0,51,0,,
"arugula,raw",1.46,0,160,0,15,97
"rice,white,short-grain,enr,ckd",1.46,0,1,0,0,99
"beans, pinto, mature seeds, canned, solids and liquids",1.47,0,47,0,0.7,24
"wocas,dried seeds,oregon,yel pond lily (klamath)",1.47,0,27,,,5
"peas,green,raw",1.47,0,25,0,40,65
"beans,pinto,mature seeds,cnd,sol & liquids",1.47,0,47,0,0.7,24
"corn flr,masa,unenr,white",1.47,0,138,0,0,29
"kale, raw",1.47,0,150,,120,141
"kale,raw",1.47,0,150,0,120,141
"beans,pinto,mature seeds,cnd,sol & liquids,lo na",1.47,0,47,0,0.7,24
"sauerkraut,cnd,sol&liquids",1.47,0,30,0,14.7,24
"malabar spinach,cooked",1.48,0,124,0,5.9,114
"soup,pea,grn,cnd,cond",1.48,0,21,0,1.3,1
"onions,spring or scallions (incl tops&bulb),raw",1.48,0,72,0,18.8,64
"roselle,raw",1.48,0,215,,12,
"mcdonald's, premium grilled chicken ranch blt sandwich",1.48,0,38,,4.9,0
"rice cake,cracker (incl hain mini rice cakes)",1.49,0,11,0,0,21
"snacks,rice cracker brown rice,pln",1.49,0,11,0,0,21
"snacks, brown rice chips",1.49,0,11,0,0,21
"potatoes,frz,frch fr,par fr,cttge-cut,prep,htd oven,w/salt",1.49,0,10,0,9.5,17
"rice cakes,brown rice,pln,unsalted",1.49,0,11,0,0,21
"pie,mince,prep from recipe",1.49,0,22,0,5.9,36
"potatoes, french fried, cottage-cut, salt not added in processing, frozen, oven-heated",1.49,0,10,0,9.5,17
"rice,white,medium-grain,enr,ckd",1.49,0,3,0,0,97
"quinoa,ckd",1.49,0,17,0,0,42
"potatoes,french fr,cottage-cut,salt not added,frz,oven-htd",1.49,0,10,0,9.5,17
"beans,kidney,red,mature seeds,cnd,drnd sol",1.5,0,57,0,0.2,28
"cereals,farina,unenr,dry",1.5,0,14,,0,24
"burger king, premium fish sandwich",1.5,0,37,,0.2,0
"mustard spinach, (tendergreen), raw",1.5,0,210,,130,159
"broadbeans,immat seeds,ckd,bld,drnd,w/salt",1.5,0,18,0,19.8,58
"babyfood, peas and brown rice",1.5,0,14,0,3,16
"broadbeans,immat seeds,ckd,bld,drnd,wo/salt",1.5,0,18,0,19.8,58
"winged bns,immat seeds,raw",1.5,0,84,0,18.3,66
"soup,black bean,cnd,cond",1.5,0,35,0,0.2,66
"broadbeans (fava bns),mature seeds,ckd,bld,wo/salt",1.5,0,36,0,0.3,104
"beans,kidney,red,mature seeds,cnd,drnd sol,rinsed in tap h2o",1.5,0,58,0,0.2,23
"babyfood,peas&brown rice",1.5,0,14,0,3,16
"mustard spinach,(tendergreen),raw",1.5,0,210,0,130,159
"broadbeans, immature seeds, cooked, boiled, drained, with salt",1.5,0,18,0,19.8,58
"morningstar farms asian veggie patties,frz,unprep",1.5,0,62,0,0,11
"chestnuts,chinese,roasted",1.5,0,19,0,38.4,72
"broadbeans (fava bns),mature seeds,ckd,bld,w/salt",1.5,0,36,0,0.3,104
"broadbeans, cooked",1.5,0,36,0,0.3,0
"coconut meat,dried (desiccated),swtnd,flaked,packaged",1.51,0,11,0,0,3
"turnip grns,cnd,no salt",1.51,0,118,0,15.5,92
"turnip grns,cnd,sol&liquids",1.51,0,118,0,15.5,41
"lima bns,immat seeds,frz,fordhook,unprep",1.51,0,24,0,19.3,32
"lima beans, immature seeds, frozen, fordhook, unprepared",1.51,0,24,0,19.3,32
"turnip grns,frz,unprep",1.51,0,118,0,26.8,74
"peas,grn,frz,ckd,bld,drnd,wo/salt",1.52,0,24,0,9.9,59
"peanuts,all types,oil-roasted,wo/ salt",1.52,0,61,0,0.8,120
"succotash,(corn&limas),ckd,bld,drnd,w/salt",1.52,0,17,0,8.2,33
"peanuts,all types,oil-roasted,w/salt",1.52,0,61,0,0.8,120
"cookies,brownies,dry mix,sugar free",1.52,0,12,,0,80
"succotash,(corn&limas),ckd,bld,drnd,wo/salt",1.52,0,17,0,8.2,33
"succotash, (corn and limas), cooked, boiled, drained, with salt",1.52,0,17,0,8.2,33
potato parantha/paratha (aloo ka parantha/paratha),1.52,0,17.38,0,7.98,14.96
"apricots,dried,sulfured,stwd,w/ sugar",1.52,0,15,0,1.4,0
"peas,grn,frz,ckd,bld,drnd,w/salt",1.52,0,24,0,9.9,59
"tostada shells,corn",1.53,0,76,0,,
house foods premium soft tofu,1.53,0,78,,0.9,0
"peas,grn,frz,unprep",1.53,0,22,0,18,53
"peas, green, cooked, boiled, drained, with salt",1.54,0,27,,14.2,63
"peas,grn,ckd,bld,drnd,wo/salt",1.54,0,27,0,14.2,63
"peas,grn,ckd,bld,drnd,w/salt",1.54,0,27,0,14.2,63
"corn-based,extruded,chips,barbecue-flavor",1.54,0,131,0,1.7,39
"currants,european black,raw",1.54,0,55,,181,
"peas&onions,frz,unprep",1.54,0,23,0,14,45
date and nut pie,1.54,0,34.69,0,6.39,32.22
"beans,cranberry (roman),mature seeds,cnd",1.55,0,34,0,0.8,77
"snacks,veg chips,made from garden veg",1.55,0,52,0,4.9,16
"onions,dehydrated flakes",1.55,0,257,0,75,166
"snacks,fritolay,sunchips,multigrain,french onion flavor",1.55,0,42,0,0.9,18
"snacks, fritolay, sunchips, multigrain, french onion flavor",1.55,0,42,0,0.9,0
"beans,fava,in pod,raw",1.55,0,37,0,3.7,148
"hummus,home prep",1.56,0,49,0,7.9,59
"taro,tahitian,ckd,w/salt",1.56,0,149,0,38,7
"candies,swt choc coatd fondant",1.56,0,17,0,0,3
"taro,tahitian,ckd,wo/salt",1.56,0,149,0,38,7
"pigeonpeas,immat seeds,ckd,bld,drnd,w/salt",1.57,0,41,0,28.1,100
"beans,great northern,mature seeds,cnd",1.57,0,53,0,1.3,81
"cookies,animal,w/ frstng or icing",1.57,0,6,0,0,94
"beans, great northern, mature seeds, canned, low sodium",1.57,0,53,0,1.3,81
"pigeonpeas,immat seeds,ckd,bld,drnd,wo/salt",1.57,0,41,0,28.1,100
"beans,great northern,mature seeds,cnd,lo na",1.57,0,53,0,1.3,81
"restaurant,latino,arroz con frijoles negros (rice&black bns)",1.57,0,37,0,,
"spinach,cnd,reg pk,sol&liquids",1.58,0,83,0,13.5,58
"pasta,whl grain,51% whl wheat,remaining enr semolina,ckd",1.58,0,11,0,,51
"rice cakes,brown rice,sesame sd,unsalted",1.58,0,12,0,3,18
"louis rich, chicken (white, oven roasted)",1.58,0,17,,0,0
"spinach,cnd,no salt,sol&liquids",1.58,0,83,0,13.5,58
"peanuts,all types,dry-roasted,w/salt",1.58,0,58,0,0,97
"tapioca, pearl, dry",1.58,0,20,,0,4
"peanuts,all types,dry-roasted,wo/salt",1.58,0,58,0,0,97
peanut and tomato sandwich (moongfali aur tamatar ka sandwich),1.58,0,94.03,0,3.16,22.04
"peanuts, all types, dry-roasted, with salt",1.58,0,58,0,0,97
"tapioca,pearl,dry",1.58,0,20,0,0,4
"bread,blue corn,somiviki (hopi)",1.58,0,34,0,,
"rice cakes,brown rice,sesame sd",1.58,0,12,0,3,18
spinach and potato (palak aloo),1.59,0,43.67,0,78.73,242
"chives,raw",1.6,0,92,0,58.1,105
"ginkgo nuts,dried",1.6,0,20,0,29.3,106
passion fruit,1.6,0,12,0,30,0
almond paste,1.6,0,172,0,0.1,73
"beans,bkd,cnd,w/bf",1.6,0,45,0,1.8,43
"passion-fruit,(granadilla),purple,raw",1.6,0,12,0,30,14
"snacks, potato chips, made from dried potatoes, cheese-flavor",1.6,0,110,0,8.5,18
"tortilla chips,lofat,unsalted",1.6,0,159,0,0.2,16
elderberry,1.6,0,38,0,6.1,0
"chives, raw",1.6,0,92,,58.1,105
"vitasoy usa, organic nasoya extra firm tofu",1.6,0,77,,0,0
"potato chips,made from dried potatoes,cheese-flavor",1.6,0,110,0,8.5,18
"pigeonpeas,immat seeds,raw",1.6,0,42,0,39,173
"tortilla chips, low fat, baked without fat",1.6,0,159,,0.2,16
"rice,white,glutinous,unenr,unckd",1.6,0,11,0,0,7
"elderberries,raw",1.6,0,38,,36,6
"tortilla chips,lofat,bkd wo/fat",1.6,0,159,0,0.2,16
"dip,bean,original flavor",1.6,0,26,0,0.6,21
"rice, white, glutinous, raw",1.6,0,11,0,0,7
"dip,frito's,bean,original flavor",1.6,0,26,0,,21
"mustard,prepared,yellow",1.61,0,63,0,0.3,7
"lima bns,immat seeds,cnd,reg pk,sol & liquids",1.61,0,28,0,7.3,16
"sugars,maple",1.61,0,90,0,0,0
"lima bns,immat seeds,cnd,no salt,sol&liquids",1.61,0,28,0,8.7,16
"tofu,firm,prep w/ca sulfate&magnesium chloride (nigari)",1.61,0,201,0,0.2,19
"bread,paratha,whl wheat,commly prep,frz",1.61,0,25,0,0,10
spinach peanut burfi (palak aur mungfali ki burfi),1.61,0,40.95,0,30.28,164.72
"muffins, blueberry, dry mix",1.62,0,18,0,2.3,0
"refried beans, canned, fat-free",1.62,0,34,0,0.9,57
"cake,pudding-type,marble,dry mix",1.62,0,76,0,0,55
"refried bns,cnd,fat-free",1.62,0,34,0,0.9,57
"muffins,blueberry,dry mix",1.62,0,18,0,2.3,53
"potato chips,pln,unsalted",1.63,0,24,0,31.1,45
"potatoes,au gratin,dry mix,unprep",1.63,0,311,0,15.5,40
"turnip grns&turnips,frz,unprep",1.63,0,114,0,25.8,41
"snacks,tortilla chips,nacho-flavor,red fat",1.63,0,159,,0.2,26
"potato chips,pln,made w/part hydr soybn oil,unsalted",1.63,0,24,0,31.1,45
"potato chips,pln,made w/part hydr soybn oil,salted",1.63,0,24,0,31.1,45
"snacks, potato chips, plain, unsalted",1.63,0,24,0,31.1,45
"rolls,gluten-free,whl grain,tapioca starch & brown rice flr",1.64,0,118,0,,
"udi's,gluten free,whl grain dinner rolls",1.64,0,118,0,,
kidney bean sandwich with cottage cheese,1.64,0,166.63,0,5.33,213.8
"mustard greens,raw",1.64,0,115,0,70,12
"snacks,veg chips,hain celestial group,terra chips",1.64,0,79,0,12.1,87
"coconut milk,raw (liq expressed from grated meat&h2o)",1.64,0,16,0,2.8,16
"taco shells, baked",1.64,0,100,0,0,85
"mustard greens, raw",1.64,0,115,,70,12
"mcdonald's, bacon, egg & cheese mcgriddles",1.65,0,109,,1.8,0
"peanuts,valencia,oil-roasted,wo/salt",1.65,0,54,0,0,126
"peanuts,valencia,oil-roasted,w/salt",1.65,0,54,0,0,126
"pasta,whl grain,51% whl wheat,remaining unenr semolina,ckd",1.65,0,12,0,,20
"potatoes, frozen, french fried, par fried, extruded, prepared, heated in oven, without salt",1.66,0,12,0,6.2,22
"potatoes,frz,frch fr,par fr,extruded,prep,htd oven,wo/salt",1.66,0,12,0,6.2,22
"peas,mature seeds,sprouted,ckd,bld,drnd,w/salt",1.67,0,26,0,6.6,36
"spelt,ckd",1.67,0,10,,0,13
"peanuts,virginia,oil-roasted,wo/salt",1.67,0,86,0,0,125
"peanuts,virginia,oil-roasted,w/salt",1.67,0,86,0,0,125
"cornnuts,plain",1.67,0,9,0,0,0
"pretzels,hard,pln,made w/unenr flr,salted",1.67,0,36,,0,83
"pretzels,hard,pln,made w/unenr flr,unsalted",1.67,0,36,,0,83
"peas,mature seeds,sprouted,ckd,bld,drnd,wo/salt",1.67,0,26,0,6.6,36
"peanut butter w/ omega-3,creamy",1.67,0,45,0,0,
"snacks, pretzels, hard, plain, made with unenriched flour, unsalted",1.67,0,36,,0,83
"capers,canned",1.67,0,40,0,4.3,23
"swamp cabbage,(skunk cabbage),raw",1.67,0,77,0,55,57
mint and peanut raita (pudinay aur moongfali ka raita),1.68,0,191.01,0,6.06,44.25
"pimento, canned",1.68,0,6,,84.9,6
"pimento,canned",1.68,0,6,0,84.9,6
"hearts of palm,raw",1.69,0,18,0,8,24
house foods premium firm tofu,1.69,0,149,,1.1,0
"worthington multigrain cutlets, canned, unprepared",1.7,0,22,0,0,2
"sauce,teriyaki,rts,red na",1.7,0,25,0,0,8
"worthington multigrain cutlets,cnd,unprep",1.7,0,22,0,0,2
"vitasoy usa azumaya, extra firm tofu",1.7,0,176,,0,0
"cornnuts,barbecue-flavor",1.7,0,17,0,0.4,0
"snacks,corn-based,extruded,chips,unsalted",1.7,0,124,0,2,7
"pokeberry shoots,(poke),raw",1.7,0,53,0,136,16
"morningstar farms veggie italian style sausage, frozen, unprepared",1.7,0,39,,1,24
"morningstar farms mediterranean chickpea,frz,unprep",1.7,0,94,0,0,28
rice murukku,1.7,0,24.63,0,0,8.2
"refried beans, canned, vegetarian",1.7,0,35,0,0,0
cream of potato soup,1.7,0,51.97,0,28.86,33.19
"garlic,raw",1.7,0,181,0,31.2,3
"candies,choc covered,caramel w/nuts",1.7,0,78,0,1.4,92
"morningstar farms mushroom lover's burger,frz,unprep",1.7,0,,0,0,5
"litchis,dried",1.7,0,33,0,183,12
"beans,bkd,cnd,w/pork",1.7,0,53,0,2,36
"sauce,teriyaki,rts",1.7,0,25,0,0,8
"kellogg's,spl k,cracker chips,sour crm & onion",1.7,0,69,0,,38
mint and peanut sandwich,1.7,0,114.99,0,1.75,15.62
"pasta,whole-wheat,ckd",1.72,0,13,0,0,21
"mushrooms,shiitake,dried",1.72,0,11,3.9,3.5,163
"chestnuts,european,bld&stmd",1.73,0,46,0,26.7,38
"nuts, chestnuts, european, boiled and steamed",1.73,0,46,0,26.7,38
"bread,naan,whl wheat,commly prep,refr",1.73,0,59,0,0,16
"mushrooms,white,ckd,bld,drnd,wo/ salt",1.74,0,6,0.2,4,18
"beef, australian, grass-fed, rib, ribeye steak/roast lip-on, boneless, separable lean and fat, raw",1.74,0,5,,0,0
"snacks,fritolay,sunchips,multigrain snack,original flavor",1.74,0,20,0,0,31
"peanut butter,smooth style,w/ salt",1.74,0,49,0,0,87
"mushrooms,white,ckd,bld,drnd,w/ salt",1.74,0,6,0.2,4,18
"peanut butter, smooth style, without salt",1.74,0,49,0,0,87
"corn flr,whole-grain,blue (harina de maiz morado)",1.74,0,5,0,,
mixed vegetable soup,1.74,0,50.69,0,20.06,31.61
"peanut butter,smooth style,wo/salt",1.74,0,49,0,0,87
"turnip grns&turnips,frz,ckd,bld,drnd,w/salt",1.75,0,128,0,18.2,33
"turnip grns&turnips,frz,ckd,bld,drnd,wo/salt",1.75,0,128,0,18.2,33
"campbell's,spaghettios,w/ meatballs -",1.75,0,49,0.5,2.9,19
"mungo bns,mature seeds,ckd,bld,wo/salt",1.75,0,53,0,1,94
"mungo bns,mature seeds,ckd,bld,w/salt",1.75,0,53,0,1,94
"noodles,flat,crunchy,chinese restaurant",1.76,0,21,0,0,17
"restaurant,latino,black bean soup",1.76,0,42,0,,
"wheat,kamut khorasan,ckd",1.76,0,9,0,,11
walnut chutney (akhrot ki chutney),1.77,0,119.57,0,1.33,4.63
"rice,white,long-grain,preckd or inst,enr,prep",1.77,0,8,0,0,118
"coriander (cilantro) leaves,raw",1.77,0,67,0,27,62
"rice, white, long-grain, precooked or instant, enriched, prepared",1.77,0,8,0,0,118
split bengal gram sweet rice (channa dal sweet rice),1.77,0,30.37,0,0,48.48
"tomato products,cnd,puree,wo/salt",1.78,0,18,0,10.6,11
"tomato products,cnd,puree,w/salt",1.78,0,18,0,10.6,11
cashewnut burfi (kaju burfi/kaju katli),1.79,0,12.95,0,0,2.1
"cereals,kashi heart to heart,inst oatmeal,gldn brwn mple,dry",1.79,0,25,0,1,
"raisins,golden seedless",1.79,0,53,0,3.2,3
"beef, australian, grass-fed,  ground,  85% lean / 15% fat, raw",1.79,0,6,,0,0
"puddings,rice,dry mix",1.79,0,14,0,0,1
carrot apple sandwich (gajar aur seb ka sandwich),1.8,0,118.05,0,2.7,21.7
"kellogg's,spl k,cracker chips,cheddar",1.8,0,81,0,,36
"snacks, rice cakes, brown rice, rye",1.8,0,21,0,0,5
"keebler,fudge shoppe,fudge stks,pnut butter",1.8,0,,0,0,52
"chard, swiss, raw",1.8,0,51,,30,14
"kellogg's, special k, cracker chips, cheddar",1.8,0,81,,0,0
hormel wrangler beef franks,1.8,0,14,,19.9,11
"cereals rte,kashi organic promise,strawberry fields",1.8,0,14,0,19,
"dandelion grns,ckd,bld,drnd,w/salt",1.8,0,140,0,18,13
"jujube, dried",1.8,0,79,,13,0
"keebler, fudge shoppe, fudge sticks, peanut butter",1.8,0,0,0,0,0
"rice, brown, medium-grain, raw",1.8,0,33,0,0,20
"rice cakes,brown rice,rye",1.8,0,21,0,0,5
"seaweed,laver,raw",1.8,0,70,0,39,146
"fish, salmon, king, chinook, smoked and canned (alaska native)",1.8,0,60,,0,0
"rice,brown,medium-grain,raw",1.8,0,33,0,0,20
"kellogg's, special k, cracker chips, sea salt",1.8,0,0,,0,0
"kellogg's,spl k,cracker chips,sea salt",1.8,0,,0,,38
"dandelion grns,ckd,bld,drnd,wo/salt",1.8,0,140,0,18,13
"agave,raw (southwest)",1.8,0,417,0,4,7
"chard,swiss,raw",1.8,0,51,0,30,14
"vermicelli,made from soy",1.81,0,55,0,0,0
semolina ladoo with nuts (suji/rava ladoo with nuts),1.81,0,18.04,0,0.03,4.01
"rice,white,long-grain,parbld,enr,ckd",1.81,0,19,0,0,136
"lima bns,lrg,mature seeds,cnd",1.81,0,21,0,0,50
"desserts,pudd,choc,dry mix,reg",1.82,0,53,0,0,4
"lima bns,immat seeds,frz,fordhook,ckd,bld,drnd,wo/salt",1.82,0,30,0,12.8,21
"puddings, chocolate, dry mix, regular",1.82,0,53,,0,4
"lima bns,immat seeds,frz,fordhook,ckd,bld,drnd,w/salt",1.82,0,30,0,12.8,21
"beets,cnd,drnd sol",1.82,0,15,0,4.1,30
coconut burfi (nariyal ki burfi),1.82,0,272.81,0,0,26.6
"lima beans, immature seeds, frozen, fordhook, cooked, boiled, drained, with salt",1.82,0,30,0,12.8,21
"asparagus,cnd,drnd sol",1.83,0,16,0,18.4,96
semolina ladoo with coconut (suji/rava aur nariyal ke ladoo ),1.83,0,26.72,0,0.05,5.21
"bread,raisin,unenriched",1.83,0,66,,0.1,34
"bread, raisin, unenriched",1.83,0,66,,0.1,34
"succotash,(corn&limas),raw",1.83,0,18,0,15.1,40
"carl buddig, smoked sliced turkey, light and dark meat",1.84,0,60,,0,0
"nuts, coconut meat, dried (desiccated), sweetened, flaked, canned",1.84,0,14,0,0,7
"potato chips,cheese-flavor",1.84,0,72,0,54.1,0
"coconut meat,dried (desiccated),swtnd,flaked,cnd",1.84,0,14,0,0,7
"mulberries,raw",1.85,0,39,0,36.4,6
"beans,navy,mature seeds,cnd",1.85,0,47,0,0.7,62
"pie,cherry,prep from recipe",1.85,0,10,,1,41
"snacks,popcorn,microwave,reg (butter) flavor, w/parhyd oil",1.85,0,20,0,0.1,15
"seaweed,agar,raw",1.86,0,54,0,0,85
"cereals rte,quaker,mother's graham bumpers",1.87,0,18,,0.3,15
"popcorn,cakes",1.87,0,9,0,0,18
"raisins,seedless",1.88,0,50,0,2.3,5
"epazote,raw",1.88,0,275,0,3.6,215
"peppers,jalapeno,cnd,sol&liquids",1.88,0,23,0,10,14
"peppers, jalapeno, canned, solids and liquids",1.88,0,23,,10,14
"bread,wheat,sprouted",1.89,0,0,0,0,0
"spinach,frz,chopd or leaf,unprep",1.89,0,129,0,5.5,145
"beet grns,ckd,bld,drnd,w/salt",1.9,0,114,0,24.9,14
"beans,black turtle,mature seeds,cnd",1.9,0,35,0,2.7,61
"morningstar farms garden veggie nuggets,frz,unprep",1.9,0,74,0,0,11
"murray,southern kitchen,iced oatmeal cookies",1.9,0,,0,,35
"broadbeans,immat seeds,raw",1.9,0,22,0,33,96
"peanut butter,smooth,red fat",1.9,0,35,0,0,60
"keebler, fudge shoppe, coconut dreams cookies",1.9,0,0,0,0,0
"coffeecake,cinn w/crumb topping,dry mix",1.9,0,148,0,0.2,136
"mung bns,mature seeds,sprouted,ckd,stir-fried",1.9,0,13,0,16,70
banana groundnut paste/puree,1.9,0,74.93,0,3.02,20.9
classic seasoned black beans,1.9,0,40.11,0,8.54,4.61
"candies,sugar-coated almonds",1.9,0,100,0,0,15
"peanut butter,red na",1.9,0,41,0,0,92
"morningstar farms breakfast pattie with organic soy, frozen, unprepared",1.9,0,60,,0,0
"morningstar farms brkfst pattie,frz,unprep",1.9,0,60,0.025,0,5
"peanut butter,chunk style,w/salt",1.9,0,45,0,0,92
"kashi,blueberry waffle",1.9,0,51,0,1,15
"peanut butter,chunk style,wo/salt",1.9,0,45,0,0,92
"candies, sugar-coated almonds",1.9,0,100,0,0,15
"morningstar farms brkfst pattie w/ organic soy,frz,unprep",1.9,0,60,0,0,5
"keebler, fudge shoppe, jumbo fudge sticks, peanut butter",1.9,0,0,0,0,0
"keebler,fudge shoppe,jumbo fudge stks,pnut butter",1.9,0,,0,0,26
"beans,black,mature seeds,cnd,lo na",1.9,0,35,0,2.7,61
"keebler,iced oatmeal cookies",1.9,0,,0,,35
"beet grns,ckd,bld,drnd,wo/salt",1.9,0,114,0,24.9,14
eggplant/brinjal rice (vangi bhat),1.91,0,36.02,0,3.23,77.11
"burger king,french toast stks",1.92,0,53,,0,
"corn,dried (navajo)",1.92,0,15,0,0,77
"cowpeas,leafy tips,raw",1.92,0,63,0,36,101
"fast foods,french toast stks",1.92,0,53,0,0,212
"burger king, french toast sticks",1.92,0,53,,0,0
"coconut meat,dried (desiccated),swtnd,shredded",1.92,0,15,0,0.7,8
vegetable poha,1.92,0,28.01,0,7.21,21.79
"beans,navy,mature seeds,sprouted,raw",1.93,0,15,0,18.8,132
"beans, navy, mature seeds, sprouted, raw",1.93,0,15,0,18.8,132
"kale,scotch,ckd,bld,drnd,wo/salt",1.93,0,132,0,52.8,13
"kale,scotch,ckd,bld,drnd,w/salt",1.93,0,132,0,52.8,13
"van's,the perfect 10,crispy six whl grain + four sd bkd crac",1.94,0,57,0,,
"turnip grns,frz,ckd,bld,drnd,wo/salt",1.94,0,152,0,21.8,39
"turnip greens, frozen, cooked, boiled, drained, with salt",1.94,0,152,,21.8,39
"turnip grns,frz,ckd,bld,drnd,w/salt",1.94,0,152,0,21.8,39
"egg rolls,veg,frz,prep",1.95,0,50,0,6.7,75
"spinach,frz,chopd or leaf,ckd,bld,drnd,wo/salt",1.96,0,153,0,2.2,121
tutti fruitti biscuit,1.96,0,23.81,0,0,15.19
"rice cakes,brown rice,multigrain,unsalted",1.96,0,21,0,0,20
"wild rice,raw",1.96,0,21,0,0,95
"lima bns,immat seeds,frz,baby,ckd,bld,drnd,w/salt",1.96,0,28,0,5.8,16
"archway home style cookies,sugar free oatmeal",1.96,0,20,0,0,58
"rice cakes,brown rice,multigrain",1.96,0,21,0,0,20
"spinach,frz,chopd or leaf,ckd,bld,drnd,w/salt",1.96,0,153,0,2.2,121
"lima bns,immat seeds,frz,baby,ckd,bld,drnd,wo/salt",1.96,0,28,0,5.8,16
"peas,edible-podded,ckd,bld,drnd,w/salt",1.97,0,42,0,47.9,29
"peas, edible-podded, cooked, boiled, drained, with salt",1.97,0,42,,47.9,29
"cereals rte,quaker,mother's pnut butter bumpers crl",1.97,0,23,0,0,24
"peas,edible-podded,bld,drnd,wo/ salt",1.97,0,42,0,47.9,29
"beans,pinto,mature seeds,sprouted,raw",1.97,0,43,0,21.7,118
"snacks,popcorn,oil-popped,microwave,reg flavor,no trans fat",1.98,0,4,0,0.3,25
"tofu,salted&fermented (fuyu),prep w/ca sulfate",1.98,0,1229,0,0.2,29
"rice flour,brown",1.98,0,11,0,0,16
sweet wheat porridge (sweet dalia),1.98,0,99.18,0,0,0
"tofu,salted&fermented (fuyu)",1.98,0,46,0,0.2,29
peanut chutney (mungfali ki chutney),1.99,0,34.79,0,4.2,10.14
"purslane,raw",1.99,0,65,0,21,12
"cookies,brownies,dry mix,reg",1.99,0,19,,0.3,53
"beans,baked,home prepared",1.99,0,61,0,1.1,48
"cake,white,dry mix,spl dietary (incl lemon-flavored)",1.99,0,26,,0,111
"winged bean tuber,raw",2,0,30,0,0,19
"worthington foods,morningstar farms,spicy black bean burger",2,0,91,0,0,38
"butter replacement, without fat, powder",2,0,23,,0,0
"peas,edible-podded,frz,unprep",2,0,50,0,22,40
"beans,adzuki,mature seeds,ckd,bld,wo/salt",2,0,28,0,0,121
"kellogg's,spl k,cracker chips,southwest ranch",2,0,74,0,,36
"morningstar farms rstd garlic & quinoa burger,frz,unprep",2,0,66,0,0,7
"butter replcmnt,wo/fat,pdr",2,0,23,0,0,0
"apples,dehyd (lo moist),sulfured,unckd",2,0,19,0,2.2,1
"morningstar farms chik'n grill veggie patties,frz,unprep",2,0,54,0,0,5
"pretzels,hard,confectioner's coating,chocolate-flavor",2,0,74,0,0.5,9
"morningstar farms grillers chik'n veggie patties,frz,unprep",2,0,54,0,0,5
"kashi,original waffle",2,0,53,0,0,16
"morningstar farms bbq riblets,frz,unprep",2,0,84,0,2,2
"morningstar farms spicy black bean burger, frozen, unprepared",2,0,91,0,0,0
"cereals rte,general mills,nature valley lofat fruit granola",2,0,36,0,0.8,10
"beans,adzuki,mature sd,ckd,bld,w/salt",2,0,28,0,0,121
"potatoes,scallpd,dry mix,unprep",2.01,0,62,0,16.5,32
"tortilla chips,taco-flavor",2.02,0,155,,0.9,21
"pillsbury, chocolate chip cookies, refrigerated dough",2.03,0,14,,0,0
"figs,dried,uncooked",2.03,0,162,0,1.2,9
"cake,yel,commly prep,w/ choc frstng,in-store bakery",2.03,0,32,0.2,0,32
"balsam-pear (bitter gourd),leafy tips,raw",2.04,0,84,0,88,128
"tofu,ex firm,prep w/nigari",2.04,0,282,0,0,9
"teff,ckd",2.05,0,49,,,18
"cereals rte,quaker,mother's cocoa bumpers",2.06,0,16,0,0.2,15
"syrups,choc,hershey's sugar free,genuine choc flav,lite syru",2.06,0,0,0,0,5
"popcor, microwav, regula (butter) flavo, mad with pal oil",2.06,0,23,0,0,15
"bread,wheat,sprouted,tstd",2.06,0,0,0,0,0
"cake,pound,commly prep,fat-free",2.06,0,43,0,0,70
"cookies,choc chip,dry mix",2.07,0,43,,0,83
"dock,ckd,bld,drnd,wo/salt",2.08,0,38,0,26.3,8
"dock,ckd,bld,drnd,w/salt",2.08,0,38,0,26.3,8
"peas,edible-podded,raw",2.08,0,43,0,60,42
"beans,pinto,mature seeds,ckd,bld,w/salt",2.09,0,46,0,0.8,172
"beans,pinto,mature seeds,ckd,bld,wo/salt",2.09,0,46,0,0.8,172
"beans,cranberry (roman),mature seeds,ckd,bld,wo/salt",2.09,0,50,0,0,207
"beans,cranberry (roman),mature seeds,ckd,bld,w/salt",2.09,0,50,0,0,207
"peanuts,valencia,raw",2.09,0,62,0,0,246
"seeds,breadnut tree seeds,raw",2.09,0,98,0,27.4,66
"pinto beans, cooked",2.09,0,46,0,0.8,0
"candies,mounds candy bar",2.09,0,21,0,0.4,6
"morningstar farms spicy indian veggie burger,frz,unprep",2.1,0,87,0,0,17
"bear naked,fruit & nut cookies",2.1,0,,0,,7
"chestnuts,japanese,rstd",2.1,0,35,0,28,59
khoa coconut burfi,2.1,0,309.84,0,0,26.6
"amaranth grain,ckd",2.1,0,47,0,,22
"keebler,oatmeal cookies",2.1,0,,0,,39
"soybeans,mature seeds,sprouted,raw",2.1,0,67,0,15.3,172
"beans,black,mature seeds,ckd,bld,w/salt",2.1,0,27,0,0,149
"beans,black,mature seeds,ckd,bld,wo/salt",2.1,0,27,0,0,149
"murray,southern kitchen,oatmeal cookies",2.1,0,,0,,39
"leeks,(bulb&lower leaf-portion),raw",2.1,0,59,0,12,64
"amaranth grain, cooked",2.1,0,47,0,0,0
"pears,dried,sulfured,unckd",2.1,0,34,0,7,0
"leeks, (bulb and lower leaf-portion), raw",2.1,0,59,,12,64
"mother's, taffy sandwich cookies",2.1,0,0,,0,0
"fish, pike, northern, liver (alaska native)",2.1,0,28,,0,0
"keebler, oatmeal cookies",2.1,0,0,0,0,0
"peanut flour,defatted",2.1,0,140,0,0,248
"beans,navy,mature seeds,sprouted,ckd,bld,drnd,w/salt",2.11,0,16,0,17.3,106
"beverages,choc syrup",2.11,0,14,0,0.2,2
"cereals,oats,inst,fort,w/ cinn & spice,prep w/ h2o",2.11,0,61,0,0,78
"beans,navy,mature seeds,sprouted,ckd,bld,drnd,wo/salt",2.11,0,16,0,17.3,106
chocolate syrup,2.11,0,14,,0.2,2
"snacks,swt potato chips,unsalted",2.12,0,59,0,0,37
"cowpeas (blackeyes),immtre seeds,frz,ckd,bld,drnd,wo/salt",2.12,0,23,0,2.6,141
"cowpeas (blackeyes),immat seeds,frz,ckd,bld,drnd,w/ salt",2.12,0,23,0,2.6,141
mixed vegetable pickle (sabziyoon ka achaar),2.12,0,42.81,0,0,0
"hickorynuts,dried",2.12,0,61,0,2,40
mixed pulse and vegetable salad,2.13,0,51.63,0,23.82,105.59
"biscuits,pln or bttrmlk,refr dough,lower fat",2.13,0,26,0,0.1,140
"beans,great northern,mature seeds,ckd,bld,wo/salt",2.13,0,68,0,1.3,102
"beans,great northern,mature seeds,ckd,bld,w/salt",2.13,0,68,0,1.3,102
"spaghetti,spinach,dry",2.13,0,58,0,0,48
"wheat,sprouted",2.14,0,28,0,2.6,38
"broccoli raab, raw",2.14,0,108,,20.2,83
"asparagus,raw",2.14,0,24,0,5.6,52
"broccoli raab,raw",2.14,0,108,0,20.2,83
"pie crust, standard-type, dry mix, prepared, baked",2.15,0,60,,0,111
"pie crust,standard-type,dry mix,prep,bkd",2.15,0,60,,0,111
"usda cmdty,pnut butter,smooth",2.16,0,54,0,0,35
"noodles,chinese,cellophane or long rice (mung bns),dehyd",2.17,0,25,0,0,2
cracked wheat khichri/khichdi (dalia khichri/khichdi),2.17,0,123.04,0,0,0
"cornsalad,raw",2.18,0,38,0,38.2,14
"seaweed,wakame,raw",2.18,0,150,0,3,196
"baking chocolate, mexican, squares",2.18,0,34,,0.1,5
"baking choc,mexican,squares",2.18,0,34,0,0.1,5
"cornsalad, raw",2.18,0,38,0,38.2,14
"granola bars,soft,uncoated,choc chip",2.19,0,41,0,0,16
"archway home style cookies, iced oatmeal",2.19,0,32,0,0,50
"snacks,kellogg,kellogg's rice krispies treats squares",2.2,0,3,0,0,381
"morningstar farms meal starters veggie meatballs,frz,unprep",2.2,0,51,0,0,3
buckwheat,2.2,0,18,0,0,30
"bread,chapati or roti,whl wheat,commly prep,frz",2.2,0,36,0,0,45
"kashi,tlc,pita crisps,sea salt",2.2,0,,0,,19
"keebler,country style oatmeal cookies w/ raisins",2.2,0,,0,,48
"cereals,oats,inst,fort,w/ raisins & spice,prep w/ h2o",2.21,0,56,0,0.1,82
"cookies,vanilla sndwch w/creme filling",2.21,0,27,0,0,82
"lima bns,immat seeds,frz,baby,unprep",2.21,0,35,0,8.3,28
"beans, kidney, all types, mature seeds, cooked, boiled, without salt",2.22,0,35,0,1.2,130
"arrowroot,raw",2.22,0,6,0,1.9,338
"pumpkin leaves,raw",2.22,0,39,0,11,36
"cookies,oatmeal,dry mix",2.22,0,25,0,0.1,77
"kidney beans, cooked",2.22,0,35,0,1.2,0
"pie crust,standard-type,dry mix",2.22,0,61,,0,164
"beans,kidney,all types,mature seeds,ckd,bld,wo/salt",2.22,0,35,0,1.2,130
"bagels,multigrain",2.23,0,124,0,0,114
"beef, australian, wagyu, loin, tenderloin steak/roast, boneless, separable lean only, aust. marble score 4/5, raw",2.24,0,4,,0,0
"usda commodity,salsa",2.24,0,12,,4,19
"taro leaves,raw",2.25,0,107,0,52,126
"beverages,tea,inst,decaffeinated,unswtnd",2.26,0,118,0,0,103
"chard,swiss,ckd,bld,drnd,w/salt",2.26,0,58,0,18,9
"peaches,dehyd (low-moisture),sulfured,stwd",2.26,0,16,0,6.8,3
"beverages,tea,inst,unswtnd,pdr",2.26,0,118,0,0,103
"archway home style cookies, date filled oatmeal",2.26,0,28,0,,56
"peanuts, dry-roasted",2.26,0,54,0,0,0
"amaranth leaves,ckd,bld,drnd,w/salt",2.26,0,209,0,41.1,57
"chard,swiss,ckd,bld,drnd,wo/salt",2.26,0,58,0,18,9
"pie crust,deep dish,frz,unbaked,made w/ enr flr",2.26,0,20,,,111
"peas,mature seeds,sprouted,raw",2.26,0,36,0,10.4,144
"amaranth leaves,ckd,bld,drnd,wo/salt",2.26,0,209,0,41.1,57
"edamame,frz,prep",2.27,0,63,0,6.1,311
"snacks,potato stks",2.27,0,18,0,47.3,40
kidney bean curry (rajmah curry),2.27,0,47.87,0,16.33,112.28
vegetable mix,2.27,0,90.06,0,8.48,36.84
"popcorn,oil-popped,lofat",2.28,0,11,0,0,17
"coconut crm,raw (liq expressed from grated meat)",2.28,0,11,0,2.8,23
"peanuts,spanish,oil-roasted,w/salt",2.28,0,100,0,0,126
"popcorn,microwave,lofat&na",2.28,0,11,0,0,17
"peanuts,spanish,oil-roasted,wo/salt",2.28,0,100,0,0,126
"chrysanthemum,garland,raw",2.29,0,117,0,1.4,177
"corn,white,stmd (navajo)",2.29,0,14,0,0,100
"chestnuts,chinese,dried",2.29,0,29,0,58.5,110
"chrysanthemum, garland, raw",2.29,0,117,,1.4,177
"mother's,old fashioned iced oatmeal cookies",2.3,0,,0,,59
"mother's,pnut butter gauchos cookies",2.3,0,,0,0,82
"keebler,traditions,iced oatmeal cookies",2.3,0,,0,,60
"mother's, peanut butter gauchos cookies",2.3,0,0,0,0,0
"mother's,iced oatmeal cookies",2.3,0,,0,,60
"spinach,cnd,reg pk,drnd sol",2.3,0,127,0,14.3,98
"beans,pink,mature seeds,ckd,bld,w/salt",2.3,0,52,0,0,168
"beans,pink,mature seeds,ckd,bld,wo/salt",2.3,0,52,0,0,168
"beans, pink, mature seeds, cooked, boiled, with salt",2.3,0,52,0,0,168
"chrysanthemum leaves,raw",2.3,0,117,0,1.4,177
wheat flour and moong dal burfi (atta aur moong dal ki burfi),2.3,0,25.2,0,0,9.07
"girl scouts,thank u berry munch cookies",2.3,0,,0,,62
"drumstick leaves, cooked, boiled, drained, without salt",2.32,0,151,,31,23
"archway home style cookies, strawberry filled",2.32,0,20,0,,62
"drumstick leaves,ckd,bld,drnd,wo/ salt",2.32,0,151,0,31,23
"drumstick leaves,ckd,bld,drnd,w/ salt",2.32,0,151,0,31,23
"amaranth leaves,raw",2.32,0,215,0,43.3,85
"archway home style cookies,raspberry filled",2.32,0,20,0,,62
"duck, young duckling, domesticated, white pekin, leg, meat only, bone in, cooked without skin, braised",2.33,0,10,,2.3,0
"cowpeas (blackeyes),immat seeds,frz,unprep",2.35,0,26,0,4,187
"beans,navy,mature seeds,ckd,bld,w/salt",2.36,0,69,0,0.9,140
"navy beans, cooked",2.36,0,69,0,0.9,0
"beans,navy,mature seeds,ckd,bld,wo/salt",2.36,0,69,0,0.9,140
"potato soup,inst,dry mix",2.38,0,172,0,16,64
"corn flr,whole-grain,yel",2.38,0,7,0,0,25
"chestnuts,european,dried,unpeeled",2.38,0,67,0,15,109
"nuts, chestnuts, european, dried, unpeeled",2.38,0,67,0,15,109
soy sau made from soy (tamari),2.38,0,20,0,0,18
"corn flr,whole-grain,white",2.38,0,7,0,0,25
"chestnuts,european,dried,peeled",2.39,0,64,0,15.1,110
wheat and gram flour ladoo (atta besan ladoo),2.39,0,35.27,0,0,14.55
"lima bns,lrg,mature seeds,ckd,bld,w/salt",2.39,0,17,0,0,83
"lima bns,lrg,mature seeds,ckd,bld,wo/salt",2.39,0,17,0,0,83
"nuts, chestnuts, european, dried, peeled",2.39,0,64,0,15.1,110
"peas, edible-podded, frozen, cooked, boiled, drained, with salt",2.4,0,59,,22,35
"lima bns,thin seeded (baby),mature seeds,ckd,bld,w/salt",2.4,0,29,0,0,150
"granola bars,hard,pnut butter",2.4,0,41,0,0.2,18
"cereals,kashi heart to heart,inst oatmeal,appl cinn,dry",2.4,0,47,0,2,
"peas,edible-podded,frz,ckd,bld,drnd,wo/salt",2.4,0,59,0,22,35
"dock, raw",2.4,0,44,,48,13
"lima bns,thin seeded (baby),mature seeds,ckd,bld,wo/salt",2.4,0,29,0,0,150
"kashi,tlc,fire rstd veg crackers",2.4,0,67,0,4,24
"fireweed,leaves,raw",2.4,0,429,0,2.2,112
"snacks,potato chips,fat-free,made w/olestra",2.4,0,35,0,28.3,83
"snacks, potato chips, fat-free, made with olestra",2.4,0,35,0,28.3,83
"cereals rte,cascadian farm,honey nut o's",2.4,0,67,0,0,0
"dock,raw",2.4,0,44,0,48,13
"archway home style cookies, oatmeal raisin",2.4,0,38,0,0,47
"kashi,tlc,honey sesame crackers",2.4,0,126,0,1,12
"peas,edible-podded,frz,ckd,bld,drnd,w/salt",2.4,0,59,0,22,35
"formulated,wheat-based,unflavored,w/salt",2.4,0,26,0,0.1,142
"gardenburger black bean chipotle burger,frz,unprep",2.4,0,49,0,0,31
"kashi, tlc, honey sesame crackers",2.4,0,126,,1,0
"bacon,meatless",2.41,0,23,0,0,42
"rolls,dinner,whole-wheat",2.42,0,106,0,0,30
"rolls, dinner, whole-wheat",2.42,0,106,0,0,30
"nuts, coconut meat, raw",2.43,0,14,0,3.3,26
"coconut meat,raw",2.43,0,14,0,3.3,26
"brazilnuts,dried,unblanched",2.43,0,160,0,0.7,22
"crackers,crispbread,rye",2.43,0,31,0,0,65
"hummus,commercial",2.44,0,38,0,0,83
"oriental mix,rice-based",2.44,0,54,0,0.3,38
"lima bns,immat seeds,ckd,bld,drnd,w/salt",2.45,0,32,0,10.1,26
"english muffins,whole-wheat",2.45,0,265,0,0,49
"lima bns,immat seeds,ckd,bld,drnd,wo/salt",2.45,0,32,0,10.1,26
"archway home style cookies, oatmeal",2.45,0,35,0,0,54
oats burfi,2.46,0,128.58,0,0.06,17.81
"bulgur,dry",2.46,0,35,0,0,27
"beechnuts,dried",2.46,0,1,0,15.5,113
"pie crust,deep dish,frz,bkd,made w/ enr flr",2.47,0,23,,,144
"pecans,oil rstd,w/salt",2.47,0,67,0,0.7,15
"buckwheat groats,rstd,dry",2.47,0,17,0,0,42
"buckwheat groats, roasted, dry",2.47,0,17,0,0,42
"bread,whole-wheat,comm. prepared",2.47,0,161,0,0,42
"pecans,oil rstd,wo/salt",2.47,0,67,0,0.7,15
"apricots,dehyd (low-moisture),sulfured,stwd",2.48,0,24,0,7.1,2
"beans,yel,mature seeds,ckd,bld,wo/salt",2.48,0,62,0,1.8,81
"beans,yel,mature seeds,ckd,bld,w/salt",2.48,0,62,0,1.8,81
"cookies,pnut butter,commly prep,sugar free",2.48,0,0,0,0,117
"cereals rte,kashi 7 whl grain honey puffs",2.5,0,43,0,0,26
"soybeans,grn,ckd,bld,drnd,w/salt",2.5,0,145,0,17,111
"barley, pearled, raw",2.5,0,29,,0,23
"candies, hershey's golden almond solitaires",2.5,0,203,,0,0
"keebler,sandies,pecan shortbread cookies,bite size",2.5,0,,0,,85
"mother's,old fashioned oatmeal cookies",2.5,0,,0,,65
"kellogg's,spl k,multigrain crackers",2.5,0,,0,,13
"morningstar farms california turk'y burger,frz,unprep",2.5,0,80,0,0,7
"soybeans,grn,ckd,bld,drnd,wo/salt",2.5,0,145,0,17,111
"cabbage,kimchi",2.5,0,33,0,0,52
"granola bars,hard,almond",2.5,0,32,,0,12
"bread,multi-grain (includes whole-grain)",2.5,0,103,0,0.1,75
"taco shells,bkd,wo/ salt",2.5,0,160,,0,174
"mother's,old fashioned choc chip cookies",2.5,0,,0,,62
"persimmons,native,raw",2.5,0,27,,66,
"murray, old fashioned iced oatmeal cookies",2.5,0,0,0,0,0
"cereals rte,post,shredded wheat,original spoon-size",2.5,0,58,0,0,40
"murray,sugar free,pnut butter cookies",2.5,0,,0,0,93
"murray,old fashioned iced oatmeal cookies",2.5,0,,0,,81
"persimmon nutrition: persimmons, native",2.5,0,27,0,66,0
"barley,pearled,raw",2.5,0,29,0,0,23
"mother's, english tea sandwich cookies",2.5,0,0,,0,0
"beef, australian, grass-fed, loin, top sirloin cap-off steak/roast, boneless, separable lean and fat, raw",2.51,0,5,,0,0
"cowpeas,common,mature seeds,ckd,bld,w/salt",2.51,0,24,0,0.4,208
"cowpeas,common (blkeyes,crwdr,sthrn),mture,ckd,bld,wo/salt",2.51,0,24,0,0.4,208
"popeyes,biscuit",2.51,0,108,,,91
"popeyes, biscuit",2.51,0,108,,0,0
"sesame butter,tahini,from raw&stone ground krnls",2.51,0,420,0,0,98
potato fenugreek (aloo methi),2.53,0,107.8,0,68.76,73.14
"yellow rice w/ seasoning,dry packet mix,unprep",2.53,0,35,0,0,219
"english muffins,whl grain white",2.53,0,140,0,0,105
pecans,2.53,0,70,0,1.1,22
"corn-based,extruded,cones,pln",2.54,0,3,0,0,3
"rye flour,medium",2.54,0,24,0,0,34
"fast foods,hush puppies",2.55,0,100,0,0,223
"desserts,rennin,choc,dry mix",2.55,0,166,,0,6
"peanuts,virginia,raw",2.55,0,89,0,0,239
"puff pastry,frz,rtb",2.56,0,10,,0,124
rice & wheat crl bar,2.56,0,31,0,0,15
"beet greens,raw",2.57,0,117,0,30,15
"nuts,mxd nuts,oil rstd,wo/ pnuts,w/ salt added",2.57,0,106,0,0.5,56
triticale,2.57,0,37,0,0,73
"biscuits,pln or bttrmlk,refr dough,higher fat,bkd",2.57,0,27,0,0,100
"granola bars,soft,uncoated,choc chip,graham&marshmllw",2.57,0,89,0,0,21
"mixed nuts,oil rstd,wo/pnuts,wo/salt",2.57,0,106,0,0.5,56
"nuts,walnuts,dry rstd,w/ salt added",2.57,0,71,0,1.4,91
"pie crust,standard-type,prep from recipe,unbaked",2.57,0,9,0,0,114
"nuts, mixed nuts, oil roasted, without peanuts, with salt added",2.57,0,106,0,0.5,56
"arrowhead,raw",2.57,0,10,0,1.1,14
"pepperidge farm,farmhouse 100% whl wheat bread",2.58,0,91,0,1,
"cookies,oatmeal,commly prep,reg",2.58,0,37,0,0.5,95
"triticale flr,whole-grain",2.59,0,35,0,0,74
"crackers,multigrain",2.59,0,14,0,0,143
"rolls,hamburger,whl grain white,calcium-fortified",2.59,0,233,0,0,163
"raisins,seeded",2.59,0,28,0,5.4,3
"puff pastry,frz,rtb,bkd",2.6,0,10,0,0,87
"pepperidge farm,whl grain 15 grain bread",2.6,0,83,0,0.9,
"formulated,wheat-based,all flavors xcpt macadamia,wo/salt",2.6,0,22,0,0.1,125
"keebler,baker's treasures,oatmeal raisin cookie,soft",2.6,0,,0,,48
"pie crust,standard-type,frz,rtb,enr",2.6,0,19,0,0,102
"pepperidge farm,whl grain oatmeal bread",2.6,0,78,0,0,
"pie crust,cookie-type,graham cracker,ready crust",2.6,0,29,0,0,97
"fish, salmon, king, chinook, liver (alaska native)",2.6,0,28,,0,0
"pepperidge farm,whl grain honey whl wheat bread",2.6,0,97,0,0.9,
"jackson's, old fashioned vanilla wafers",2.6,0,0,,0,0
"mixed nuts,oil rstd,w/pnuts,wo/salt",2.61,0,117,0,0.5,83
"nuts,mxd nuts,oil rstd,w/ pnuts,lightly salted",2.61,0,117,0,0.5,83
"nuts, mixed nuts, oil roasted, with peanuts, lightly salted",2.61,0,117,0,0.5,83
"corn, dried, yellow (northern plains indians)",2.61,0,25,0,0,0
"nuts,mxd nuts,oil rstd,w/ pnuts,w/ salt added",2.61,0,117,0,0.5,83
"corn,dried,yel (northern plains indians)",2.61,0,25,0,0,111
"bread,pita,white,enriched",2.62,0,86,0,0,165
coconut pickle (nariyal ka aachar),2.62,0,44.78,0,1.71,5.56
"grape leaves,raw",2.63,0,363,0,11.1,83
rye grain,2.63,0,24,0,0,38
"bread,gluten-free,rice flour,corn starch,and/or tapioca",2.63,0,138,0,0,36
"cereals rte,post,shredded wheat,original big biscuit",2.63,0,56,0,0,43
"tortillas,rtb or -fry,whl wheat",2.63,0,244,0,0,138
"trail mix,tropical",2.64,0,57,,7.6,42
"yardlong bns,mature seeds,ckd,bld,w/ salt",2.64,0,42,0,0.4,146
"crackers,wheat,regular",2.64,0,92,0,0,40
"yardlong bns,mature seeds,ckd,bld,wo/salt",2.64,0,42,0,0.4,146
"nuts, macadamia nuts, dry roasted, without salt added",2.65,0,70,0,0.7,10
"macadamia nuts,dry rstd,wo/salt",2.65,0,70,0,0.7,10
"macadamia nuts,dry rstd,w/salt",2.65,0,70,0,0.7,10
"tofu,raw,firm,prep w/ca sulfate",2.66,0,683,0,0.2,29
"apricots,dried,sulfured,unckd",2.66,0,55,0,1,10
"english muffins,whole-wheat,tstd",2.66,0,288,0,0,45
"snacks,popcorn,air-popped (unsalted)",2.66,0,10,0,0,23
"crackers,wheat,sndwch,w/pnut butter filling",2.67,0,170,0,0,93
"crunchmaster,multi-grain crisps,snack crackers,gluten-free",2.68,0,246,0,,35
barley flour or meal,2.68,0,32,0,0,8
"tomatoes,sun-dried,packed in oil,drnd",2.68,0,47,0,101.8,23
"snacks,pretzels,hard,whole-wheat incl both salted & unsalted",2.69,0,28,0,1,54
"keebler,fudge shoppe,pnut creme filled cookies",2.7,0,,0,,62
"rolls,dinner,rye",2.7,0,30,0,0,153
"candies, dark chocolate coated coffee beans",2.7,0,100,0,0,3
"cereals rte,cascadian farm,multi-grain squares",2.7,0,0,0,0,0
"snacks,granola bar,kashi tlc bar,crunchy,mxd flavors",2.7,0,0,0,0,81
"kashi,tlc,pita crisps,zesty salsa",2.7,0,,0,,20
"noodles,japanese,soba,dry",2.7,0,35,0,0,60
"cereals rte,cascadian farm,cinn crunch",2.7,0,0,0,0,0
clif z bar,2.7,0,444,0,39.1,31
"candies,dk choc coatd coffee bns",2.7,0,100,0,0,3
"oscar mayer, salami beef cotto",2.71,0,7,,0,0
"pectin,unswtnd,dry mix",2.71,0,7,,0,1
"pepperidge farm,100% whl wheat hamburger buns",2.71,0,195,0,1,
"beans,pinto,immat seeds,frz,ckd,bld,drnd,wo/salt",2.71,0,52,0,0.7,34
"beans,pinto,immat seeds,frz,ckd,bld,drnd,w/salt",2.71,0,52,0,0.7,34
"pectin, unsweetened, dry mix",2.71,0,7,,0,1
"corn grain,white",2.71,0,7,0,0,
"spinach,raw",2.71,0,99,0,28.1,194
"rolls,french",2.71,0,91,0,0,169
"corn grain,yel",2.71,0,7,0,0,19
"bread,multi-grain,tstd (includes whole-grain)",2.72,0,111,0,0.1,70
"archway home style cookies,pnut butter",2.72,0,35,0,0,
"biscuits,mxd grain,refr dough",2.75,0,17,0,0,133
"tofu, hard, prepared with nigari",2.75,0,345,,0.3,22
"tofu,hard,prep w/nigari",2.75,0,345,0,0.3,22
"bagel, wheat",2.76,0,20,0,0,108
"candies,sweet chocolate",2.76,0,24,0,0,3
"bagels,wheat",2.76,0,20,0,0,108
"fast fd,biscuit",2.76,0,70,0,0,121
rice dal porridge (chawal dal ki khichdi/khichri),2.76,0,50.46,0,0,11.87
"cereals,quaker,oatmeal,real medleys,appl walnut,dry",2.77,0,57,0,0.9,20
"beans,kidney,royal red,mature seeds,ckd,bld,wo/salt",2.77,0,44,0,1.2,74
"beans,kidney,royal red,mature seeds,ckd,bld w/salt",2.77,0,44,0,1.2,74
"rice & vermicelli mix,chick flavor,unprep",2.77,0,18,0,0,28
"snacks,popcorn,oil-popped,white popcorn,salt added",2.78,0,10,0,0.3,17
"rolls,pumpernickel",2.78,0,67,0,0,125
"snacks,popcorn,home-prepared,oil-popped,unsalted",2.78,0,10,0,0.3,17
"corn bran,crude",2.79,0,42,0,0,4
"cereals ready-to-eat, kashi golean crunch!",2.79,0,59,,1,57
"cereals rte,kashi golean crunch!",2.79,0,59,0,1,57
"seaweed,spirulina,raw",2.79,0,12,0,0.9,9
"pepperidge farm,farmhouse oatmeal bread",2.79,0,72,0,1,
soyabean curry,2.79,0,65.13,0,15.13,103.88
"cookies,vanilla wafers,higher fat",2.79,0,36,0,0,108
"tamarinds, raw",2.8,0,74,,3.5,14
"pepperidge farm,whl grain 100% whl wheat bread",2.8,0,94,0,0.9,
"pecans,dry rstd,wo/salt",2.8,0,72,0,0.7,16
"pie crust,standard-type,frz,rtb,enr,bkd",2.8,0,21,0,0,102
"cereals ready-to-eat, kashi organic promise, island vanilla",2.8,0,37,,0,0
"pie crust, standard-type, frozen, ready-to-bake, enriched, baked",2.8,0,21,,0,102
"cereals rte,kashi go ln crunch!,honey almond flax",2.8,0,75,0,1,43
"cereals,quaker,oatmeal,real medleys,peach almond,dry",2.8,0,105,0,16.1,27
"pecans,dry rstd,w/salt",2.8,0,72,0,0.7,16
"cereals ready-to-eat, kashi go lean crunch!, honey almond flax",2.8,0,75,,1,43
"whale, beluga, flipper, raw (alaska native)",2.8,0,11,,0,0
"tamarinds,raw",2.8,0,74,0,3.5,14
coconut,2.8,0,13,0,2.8,0
"murray,sugar free,oatmeal cookies",2.8,0,,0,,65
"cookies,gluten-free,choc sndwch,w/ creme filling",2.81,0,19,0,0,0
"millet,puffed",2.81,0,8,0,0,79
"bread,rye",2.83,0,73,0,0.4,151
"almonds,honey rstd,unblanched",2.83,0,263,0,0.7,32
"crackers,gluten-free,multi-seeded & multigrain",2.83,0,238,0,0,35
"peanut sprd,red sugar",2.84,0,72,0,0,144
"beans,sml white,mature seeds,ckd,bld,w/salt",2.84,0,73,0,0,137
"beans,sml white,mature seeds,ckd,bld,wo/salt",2.84,0,73,0,0,137
"beans,black turtle,mature seeds,ckd,bld,w/ salt",2.85,0,55,0,0,86
"seaweed, kelp, raw",2.85,0,168,,3,180
"beans,black turtle,mature seeds,ckd,bld,wo/ salt",2.85,0,55,0,0,86
"seaweed,kelp,raw",2.85,0,168,0,3,180
"cereals rte,quaker,quaker puffed rice",2.86,0,9,0,0,259
"cereals ready-to-eat, quaker, quaker puffed rice",2.86,0,9,0,0,259
"english muffins, wheat",2.87,0,178,0,0,81
"bread,pumpernickel",2.87,0,68,0,0,134
"english muffins,wheat",2.87,0,178,0,0,81
"snacks, popcorn, microwave, 94% fat free",2.87,0,14,0,0,18
"cereals,quaker,quaker multigrain oatmeal,dry",2.88,0,36,0,0,29
"pie crust,standard-type,prep from recipe,bkd",2.89,0,10,,0,106
tamarind rice (chintapandu pulihora/puliyodharai/puli sadam/huli anna),2.89,0,50.94,0,0.84,23.02
"chickpeas ,mature seeds,ckd,bld,wo/salt",2.89,0,49,0,1.3,172
"chickpeas (garbanzo beans, bengal gram), mature seeds, cooked, boiled, with salt",2.89,0,49,0,1.3,172
"tortilla,blue corn,sakwavikaviki (hopi)",2.89,0,174,0,,
"chickpeas,mature seeds,ckd,bld,w/salt",2.89,0,49,0,1.3,172
"keebler,wheatables,honey wheat crackers",2.9,0,,0,,87
"keebler, sandies, chocolate chip & pecan shortbread cookies",2.9,0,0,,0,0
"deer (venison), sitka, raw (alaska native)",2.9,0,7,,0,0
"gardenburger flame grilled burger,frz,unprep",2.9,0,88,0,1,0
"keebler,wheatables,nut crisp crackers,rstd almond",2.9,0,,0,,107
"kashi,tlc,tstd asiago crackers",2.9,0,160,0,,20
"bread,raisin,enriched",2.9,0,66,0,0.1,156
"morningstar farms grillers vegan, frozen, unprepared",2.9,0,37,,0,0
"cereals rte,kashi 7 whl grain flakes",2.9,0,29,0,0,1
"cereals,corn grits,yel,reg & quick,enr,dry",2.9,0,4,0,0,219
"cornmeal,blue (navajo)",2.91,0,5,0,0,58
"nuts, walnuts, english",2.91,0,98,0,1.3,98
"walnuts,english",2.91,0,98,0,1.3,98
"bread,red-cal,wheat",2.91,0,163,0,0.1,135
"mush,blue corn w/ ash (navajo)",2.92,0,96,0,0,4
"beans,kidney,all types,mature seeds,ckd,bld,w/salt",2.94,0,28,0,1.2,130
"beans,kidney,red,mature seeds,ckd,bld,w/salt",2.94,0,28,0,1.2,130
carob flour,2.94,0,348,0,0.2,29
"beans, kidney, red, mature seeds, cooked, boiled, with salt",2.94,0,28,0,1.2,130
"bread,italian",2.94,0,78,0,0,304
"beans,kidney,red,mature seeds,ckd,bld,wo/salt",2.94,0,28,0,1.2,130
"beans, kidney, red, mature seeds, cooked, boiled, without salt",2.94,0,28,0,1.2,130
"granola bars,hard,plain",2.95,0,61,0,0.9,23
"snacks, granola bars, hard, plain",2.95,0,61,,0.9,23
"burrito,bf & bean,frz",2.96,0,34,0,0.8,123
"bread, whole-wheat, commer prep, toasted",2.96,0,130,0,0,52
"beans,kidney,california red,mature seeds,ckd,bld,wo/salt",2.98,0,66,0,1.2,74
"grape leaves,cnd",2.98,0,289,0,11.3,78
"tomato products,cnd,paste,wo/ salt added",2.98,0,36,0,21.9,12
"beans,kidney,california red,mature seeds,ckd,bld,w/salt",2.98,0,66,0,1.2,74
"cookies,shortbread,red fat",2.98,0,13,0,0,113
"cookies,shortbread,commly prep,pln",2.98,0,13,0,0,124
"beans,white,mature seeds,cnd",2.99,0,73,0,0,65
"cornmeal,yel (navajo)",2.99,0,6,0,0,34
"beans, white, mature seeds, canned",2.99,0,73,0,0,65
"keebler, waffle cones",3,0,0,,0,0
"cereals rte,kashi honey sunshine",3,0,29,0,0,15
"keebler,waffle bowls",3,0,,,,124
"cereals rte,kashi 7 whl grain puffs",3,0,38,0,0,27
"keebler,town house,bistro multigrain crackers",3,0,,0,,83
"keebler, waffle bowls",3,0,0,,0,0
"cereals rte,kashi organic promise,berry fruitful",3,0,29,0,0,
"girl scouts, thin mints cookies",3,0,0,,0,0
"kale,scotch,raw",3,0,205,0,130,28
"keebler,waffle cones",3,0,,,,124
"austin,cheddar chs on wheat crackers,sandwich-type",3,0,151,0,,99
"keebler,chs on wheat sndwch crackers",3,0,151,0,,99
"crackers,sandwich-type,pnut butter filled,red fat",3,0,0,0,0,171
"beans,pinto,immat seeds,frz,unprep",3,0,58,0,1,50
"keebler, chips deluxe, rainbow chocolate chip cookies",3,0,0,,0,0
"cake,pudding-type,german choc,dry mix",3.01,0,189,0,0,80
"millet,raw",3.01,0,8,0,0,85
"english muffins,mixed-grain (incl granola)",3.02,0,196,0,0,112
"spices, nutmeg, ground",3.04,0,184,0,3,76
"cake,choc,commly prep w/ choc frstng,in-store bakery",3.04,0,30,0,0.1,23
"crackers,rye,wafers,seasoned",3.04,0,44,,0.1,52
"nutmeg,ground",3.04,0,184,0,3,76
"cereals,corn grits,white,reg & quick,enr,dry",3.05,0,4,0,0,263
"cowpeas,catjang,mature seeds,ckd,bld,wo/salt",3.05,0,26,0,0.4,142
"trail mix,reg,unsalted",3.05,0,78,,1.4,71
"trail mix,regular",3.05,0,78,,1.4,71
"cowpeas,catjang,mature seeds,ckd,bld,w/salt",3.05,0,26,0,0.4,142
"pancakes,spl dietary,dry mix",3.05,0,99,,0,172
"pancakes,pln,dry mix,incomplete (incl bttrmlk)",3.05,0,342,0,0,225
"coffee and cocoa (mocha) powder, with whitener and low calorie sweetener, decaffeinated",3.06,0,60,,0,5
"pine nuts,pinyon,dried",3.06,0,8,0,2,58
"bread,pita,whole-wheat",3.06,0,15,0,0,35
"nuts, pine nuts, pinyon, dried",3.06,0,8,0,2,58
"beverages,coffee&cocoa,inst,decaffeinated,w/whtnr&localswtnr",3.06,0,60,0,0,5
"crackers,whl grain,sandwich-type,w/ pnut butter filling",3.07,0,33,0,0,97
"bread,wheat bran",3.07,0,74,0,0,161
"cereals,quaker,oatmeal,real medleys,blueberry hazelnut,dry",3.08,0,64,0,2.8,34
"crackers,whole-wheat,lo salt",3.08,0,50,0,0,28
"bagels,oat bran",3.08,0,12,0,0.2,134
"cookies, graham crackers, plain or honey, lowfat",3.09,0,429,,0,118
"cookies,graham crackers,pln or honey,lowfat",3.09,0,429,0,0,118
"biscuits,pln or bttrmlk,refr dough,lower fat,bkd",3.09,0,19,0,0,138
"bread,whole-wheat,prep from recipe",3.1,0,33,0,0,78
"lentils, sprouted, cooked, stir-fried, without salt",3.1,0,14,,12.6,67
"cereals rte,kashi,organic promise autumn wheat",3.1,0,29,0,0,36
"lentils,sprouted,ckd,stir-fried,wo/salt",3.1,0,14,0,12.6,67
"lentils,sprouted,ckd,stir-fried,w/salt",3.1,0,14,0,12.6,67
"dandelion greens,raw",3.1,0,187,0,35,27
"keebler, gripz, chips deluxe, rainbow chocolate chip cookies, bite-size",3.1,0,0,,0,0
"bread,rye,toasted",3.1,0,80,0,0.2,148
"keebler, 100 calorie right bites, sandies shortbread cookies, fudge dipped",3.1,0,0,,0,0
"austin,chocolatey pnut butter crackers,sandwich-type",3.1,0,,0,0,107
"english muffins,wheat,tstd",3.12,0,193,0,0,79
"hazelnuts,beaked (northern plains indians)",3.12,0,441,0,,
"bread,oat bran",3.12,0,65,0,0,120
"bread, oat bran",3.12,0,65,0,0,120
"walnuts,black,dried",3.12,0,61,0,1.7,31
"candies, semisweet chocolate, made with butter",3.13,0,32,,0,3
"hearts of palm,canned",3.13,0,58,0,7.9,39
"candies,semisweet choc,made w/butter",3.13,0,32,,0,3
"candies,semisweet choc",3.13,0,32,0,0,13
"jute,potherb,ckd,bld,drnd,w/salt",3.14,0,211,0,33,104
"mothbeans,mature seeds,ckd,bld,wo/salt",3.14,0,3,0,1,143
"mothbeans,mature seeds,ckd,bld,w/salt",3.14,0,3,0,1,143
"sorghum flour, whole-grain",3.14,0,12,0,0.8,25
"sorghum flr,whole-grain",3.14,0,12,0,0.8,25
"jute, potherb, cooked, boiled, drained, without salt",3.14,0,211,,33,104
"lima bns,immat seeds,raw",3.14,0,34,0,23.4,34
"jute,potherb,ckd,bld,drnd,wo/salt",3.14,0,211,0,33,104
"bread,pumpernickel,tstd",3.15,0,74,0,0,129
"bread, raisin, toasted, enriched",3.15,0,72,,0.4,148
"bread,red-cal,oat bran",3.15,0,57,0,0,114
"bread,raisin,enr,tstd",3.15,0,72,0,0.4,148
"focaccia,italian flatbread,pln",3.16,0,35,0,0,175
"crackers,matzo,plain",3.16,0,13,0,0,17
"schar,gluten-free,wheat-free,classic white bread",3.17,0,159,0,,15
"basil,fresh",3.17,0,177,0,18,68
"basil, fresh",3.17,0,177,,18,68
"candies, mars snackfood us, dove dark chocolate",3.18,0,37,,0,0
"cookies,choc sndwch,w/ creme filling,red fat",3.18,0,0,0,0,107
"breakfast bars,oats,sugar,raisins,cocnt (incl granola bar)",3.18,0,60,0,1,81
"wheat, hard red winter",3.19,0,29,0,0,38
"wheat,hard red winter",3.19,0,29,0,0,38
"popcorn,air-popped",3.19,0,7,0,0,31
"pumpkin leaves, cooked, boiled, drained, with salt",3.2,0,43,,1,25
"murray, old fashioned gingersnaps cookies",3.2,0,0,,0,0
"keebler, e.l. fudge, butter flavored cookies",3.2,0,0,,0,0
"cereals rte,kashi berry blossom",3.2,0,35,0,6,11
"girl scouts, samoas cookies",3.2,0,0,,0,0
"murray, chocolate creme sandwich cookies",3.2,0,0,,0,0
"keebler, chips deluxe, oatmeal chocolate chip cookies",3.2,0,0,0,0,0
"pumpkin leaves,ckd,bld,drnd,w/ salt",3.2,0,43,0,1,25
"pumpkin leaves,ckd,bld,drnd,wo/salt",3.2,0,43,0,1,25
"pumpkin leaves, cooked, boiled, drained, without salt",3.2,0,43,,1,25
"keebler,chips deluxe,oatmeal choc chip cookies",3.2,0,,0,,42
"game meat, moose, raw",3.21,0,5,,4,0
phyllo dough,3.21,0,11,0,0,137
"lentils, sprouted, raw",3.21,0,25,,16.5,100
"wheat,soft red winter",3.21,0,27,0,0,41
"lentils,sprouted,raw",3.21,0,25,0,16.5,100
"cookies,choc chip,commly prep,reg,lower fat",3.22,0,0,0,0,96
peanut brittle (moongfali ki chikki),3.22,0,68.03,0,0,7.48
"nuts,mxd nuts,dry rstd,w/ pnuts,salt added,chosen roaster",3.22,0,106,0,,
"cereals rte,quaker,mother's cinn oat crunch",3.24,0,50,0,0.8,37
"beans,bkd,cnd,w/pork&tomato sau",3.24,0,56,0,3,15
"potatoes, raw, skin",3.24,0,30,0,11.4,17
"cereals ready-to-eat, quaker, mother's cinnamon oat crunch",3.24,0,50,0,0.8,37
"potatoes,raw,skin",3.24,0,30,0,11.4,17
"currants,zante,dried",3.26,0,86,0,4.7,10
"beverages,choc pdr,no sugar added",3.27,0,909,0,54.5,7
"beverages, chocolate powder, no sugar added",3.27,0,909,,54.5,7
"rolls,hard (incl kaiser)",3.28,0,95,0,0,151
"almonds,blanched",3.28,0,236,0,0,49
"english muffins,mixed-grain,tstd (incl granola)",3.29,0,213,0,0,95
"pasta,dry,enr",3.3,0,21,0,0,391
"murray, chocolatey chip thins cookies",3.3,0,0,,0,0
"tortillas,rtb or -fry,flr,wo/ ca",3.3,0,39,,0,201
"olives,ripe,cnd (small-extra lrg)",3.3,0,88,0,0.9,0
"coconut milk,cnd (liq expressed from grated meat&h2o)",3.3,0,18,0,1,14
"austin,pnut butter on toasty crackers,sandwich-type,red fat",3.3,0,,0,0,110
"austin,pnut butter on toasty crackers,sandwich-type",3.3,0,54,0,0,108
"hazelnuts or filberts,blanched",3.3,0,149,0,2,78
"cereals,quaker,whl wheat nat crl,dry",3.3,0,44,0,0,49
"keebler,toast & pnut butter sndwch crackers",3.3,0,54,0,0,108
ascidians (tunughnak) (alaska native),3.3,0,47,,0,0
"borage,raw",3.3,0,93,0,35,13
"pumpkin&squash seeds,whl,rstd,wo/salt",3.31,0,55,0,0.3,9
"pumpkin&squash seeds,whl,rstd,w/salt",3.31,0,55,0,0.3,9
"spanish rice mix,dry mix,unprep",3.32,0,29,0,,162
"coconut meat,dried (desiccated),not swtnd",3.32,0,26,0,1.5,9
"olives,ripe,cnd (jumbo-super colossal)",3.32,0,94,0,1.5,0
"tortillas,rtb or -fry,flr,shelf stable",3.32,0,163,0,0,188
"tortillas, ready-to-bake or -fry, flour, shelf stable",3.32,0,163,,0,188
"rice,white,long-grain,parbld,enr,dry",3.33,0,71,0,0,431
"rice, white, long-grain, parboiled, enriched, dry",3.33,0,71,0,0,431
"pasta,whl grain,51% whl wheat,remaining unenr semolina,dry",3.33,0,27,0,,59
"lentils,mature seeds,ckd,bld,w/salt",3.33,0,19,0,1.5,181
"cereals rte,quaker,shredded wheat,bagged crl",3.33,0,45,0,0,51
"lentils, mature seeds, cooked, boiled, without salt",3.33,0,19,,1.5,181
"lentils,mature seeds,ckd,bld,wo/salt",3.33,0,19,0,1.5,181
"crackers,whole-wheat",3.34,0,36,0,0,28
"coconut meat,dried (desiccated),crmd",3.36,0,26,0,1.5,9
sorghum grain,3.36,0,13,0,0,20
moong bean dosa (pesarattu),3.38,0,36.44,0,1.48,14.32
"chestnuts,japanese,dried",3.38,0,72,0,61.3,109
"trail mix,reg,w/choc chips,salted nuts&seeds",3.39,0,109,0,1.3,52
"snacks,granola bar,kashi tlc bar,chewy,mxd flavors",3.39,0,0,0,0,46
"trail mix,reg,w/choc chips,unsalted nuts&seeds",3.39,0,109,0,1.3,65
"coconut meat,dried (desiccated),tstd",3.39,0,27,0,1.5,9
"snacks, granola bar, kashi tlc bar, chewy, mixed flavors",3.39,0,0,,0,46
"cereals,whl wheat hot nat crl,dry",3.39,0,40,0,0,78
"bread,whole-wheat,prep from recipe,tstd",3.4,0,36,0,0,89
"jerusalem-artichokes,raw",3.4,0,14,0,4,13
"beans,french,mature seeds,raw",3.4,0,186,0,4.6,399
"pasta,whl grain,51% whl wheat,remaining enr semolina,dry",3.41,0,25,0,,153
"falafel,home-prepared",3.42,0,54,0,1.6,104
"breakfast tart,lofat",3.42,0,44,0,3.8,133
"nuts,mxd nuts,dry rstd,w/pnuts,salt add,planters pstach blnd",3.43,0,129,0,,60
"chili with beans,canned",3.43,0,47,0,1.7,23
"chili with beans, canned",3.43,0,47,0,1.7,23
"bread,oat bran,toasted",3.43,0,71,0,0,104
"frybread,made w/ lard (apache)",3.43,0,52,,,177
"cornmeal, whole-grain, yellow",3.45,0,6,0,0,25
"cornmeal,whole-grain,yel",3.45,0,6,0,0,25
"cornmeal,whole-grain,white",3.45,0,6,0,0,25
"crackers,toast thins,lo na",3.48,0,0,0,0,33
"tomato products,cnd,sau,spanish style",3.48,0,17,0,8.6,14
"almond butter,pln,wo/salt",3.49,0,347,0,0,53
"nuts, almond butter, plain, with salt added",3.49,0,347,0,0,53
"bread, wheat",3.49,0,133,0,0.2,99
"almond butter,pln,w/salt",3.49,0,347,0,0,53
"austin,pnut butter on chs crackers,sandwich-type",3.5,0,50,0,0,112
"toaster pastries, kellogg, kellogg's pop tarts, blueberry",3.5,0,24,0,0,0
"toaster pastries,kellogg,kellogg's pop tarts,blueberry",3.5,0,24,0,0,80
"toaster pastries,kellogg,kellogg's pop tarts,frstd raspberry",3.5,0,22,0,0,100
"keebler,chs & pnut butter sndwch crackers",3.5,0,50,0,0,112
"toaster pastries,kellogg,kellogg's pop tarts,strawberry",3.5,0,24,0,0,100
"austin,pnut butter on chs crackers,sandwich-type,red fat",3.5,0,,0,0,116
"morningstar farms breakfast pattie, frozen, unprepared",3.5,0,45,,0,0
"kellogg's,pop-tarts,frstd spring berry toaster pastries",3.5,0,,0,,77
"toaster pastries,kellogg,kellogg's pop tarts,s'mores",3.5,0,29,,0,100
"toaster pastries, kellogg, kellogg's pop tarts, frosted cherry",3.5,0,25,,0,0
"toaster pastries,kellogg,kellogg's pop tarts,frstd blueberry",3.5,0,24,0,0,80
"toaster pastries, kellogg, kellogg's pop tarts, frosted raspberry",3.5,0,22,0,0,0
"toaster pastries,kellogg,kellogg's pop tarts,frstd wld berry",3.5,0,,0,,77
"austin, peanut butter on cheese crackers, sandwich-type",3.5,0,50,0,0,0
"potatoes,mshd,dehyd,granules w/milk,dry form",3.5,0,142,0,16,30
"cookies,choc chip,commly prep,spl dietary",3.5,0,46,0,0,87
"pepperidge farm,lt style wheat bread",3.5,0,139,0,1.1,
"toaster pastries,kellogg,kellogg's pop tarts,frstd cherry",3.5,0,25,,0,80
"wheat,durum",3.52,0,34,0,0,43
"prunes,dehyd (low-moisture),unckd",3.52,0,72,0,0,2
"wheat, durum",3.52,0,34,0,0,43
"pinon nuts, roasted (navajo)",3.53,0,18,0,0,0
"nuts,pilinuts,dried",3.53,0,145,0,0.6,60
"frozen novelties,ice type,pineapple-coconut",3.53,0,0,0,13.2,1
"lotus seeds,dried",3.53,0,163,0,0,104
"pinon nuts,rstd (navajo)",3.53,0,18,0,0,7
"soybeans,green,raw",3.55,0,197,0,29,165
"pancakes,pln,lofat,dry mix,incomplete (includes buttermilk)",3.55,0,493,0,0,249
"rolls,dinner,wheat",3.55,0,176,0,0,92
"agave,ckd (southwest)",3.55,0,460,0,0.3,3
"crackers, whole-wheat, reduced fat",3.56,0,39,0,0,30
"crackers,whole-wheat,red fat",3.56,0,39,0,0,30
"bagels,pln,enr,wo/ca prop (incl onion,poppy,sesame)",3.56,0,18,,0,134
"spinach,ckd,bld,drnd,wo/ salt",3.57,0,136,0,9.8,146
"bagel,pln,tstd, enr w/ca prop(include onion,poppy,sesame)",3.57,0,219,0,0,163
"rolls,gluten-free,rice flr,rice starch,& corn starch",3.57,0,180,0,0,8
"cereals,wheatena,dry",3.57,0,500,0,0,59
"spinach,ckd,bld,drnd,w/salt",3.57,0,136,0,9.8,146
"spinach, cooked, boiled, drained, without salt",3.57,0,136,,9.8,146
"potato chips,fat free,salted",3.57,0,35,0,9.3,45
"cereals rte,kashi golean crisp tstd berry crumble",3.59,0,111,0,1,
"wheat,hard red spring",3.6,0,25,0,0,43
"kellogg's, pop-tarts, gingerbread toaster pastries",3.6,0,25,,0,0
"muffins,wheat bran,dry mix",3.6,0,36,0,0,128
"kellogg's,pop-tarts,frstd wild strawberry toaster pastries",3.6,0,,0,,80
"kellogg's,pop-tarts,frstd blueberry muffin toaster pastries",3.6,0,,0,,80
"toaster pastries, kellogg, kellogg's low fat pop tarts, frosted brown sugar cinnamon",3.6,0,200,,0,0
"kellogg's, pop-tarts, frosted pumpkin pie toaster pastries",3.6,0,0,,0,0
"kellogg's,pop-tarts,frstd waffle cone toaster pastries",3.6,0,200,0,,80
"kellogg's,pop-tarts,yum-azing vanilla milkshake toaster past",3.6,0,200,0,,80
"kellogg's,pop-tarts,frstd sugar cookie toaster pastries",3.6,0,200,0,,80
"ice cream cones, cake or wafer-type",3.6,0,25,,0,291
"bread,wheat",3.6,0,125,0,0.2,99
"kellogg's,pop-tarts,frstd pumpkin pie toaster pastries",3.6,0,,0,,80
"kellogg's,pop-tarts,frstd cinn roll toaster pastries",3.6,0,,0,,80
"barley,hulled",3.6,0,33,0,0,19
"wheat flour,whole-grain",3.6,0,34,0,0,44
"crackers,std snack-type,reg,lo salt",3.6,0,120,0,0,142
"toaster pastries,kellogg,kellogg's pop tarts,brwn sugar cinn",3.6,0,31,,0,80
"kellogg's, pop-tarts, frosted cinnamon roll toaster pastries",3.6,0,0,,0,0
"syrup,cane",3.6,0,13,0,0,0
"kellogg's,pop-tarts,frstd wild fruit fusion toaster pastries",3.6,0,,0,,80
"kellogg's,pop-tarts,ice crm shoppe frstd rainbow chip toaste",3.6,0,200,0,,80
"kellogg's,pop-tarts,choc chip cookie dough toaster pastries",3.6,0,200,0,,80
"kellogg's, pop-tarts, frosted wild strawberry toaster pastries",3.6,0,0,0,0,0
"kellogg's,pop-tarts,gingerbread toaster pastries",3.6,0,25,0,,80
"ice crm cones,cake or wafer-type",3.6,0,25,0,0,291
"tstr pstrs,kellogg,kellogg's lf pop tarts,frstd strawberry",3.6,0,200,0,,80
"keebler,town house,toppers,multigrain crackers",3.6,0,,0,,104
"bread,rice bran",3.61,0,69,0,0,125
"bread, rice bran",3.61,0,69,0,0,125
"bread,white,commly prep (incl soft bread crumbs)",3.61,0,144,0,0,171
"pasta,whole-wheat,dry",3.62,0,29,0,,69
"tortillas,rtb or -fry,flr,refr",3.63,0,146,0,0,149
"kashi,pilaf,7 whl grain,unprep",3.63,0,,0,,
"borage,ckd,bld,drnd,w/salt",3.64,0,102,0,32.5,10
"agave,dried (southwest)",3.64,0,770,0,0.3,7
"borage,ckd,bld,drnd,wo/salt",3.64,0,102,0,32.5,10
"crackers,std snack-type,w/ whl wheat",3.65,0,167,0,0,73
"crackers, standard snack-type, with whole wheat",3.65,0,167,0,0,0
"breadfruit seeds,raw",3.67,0,36,0,6.6,53
"seeds, breadfruit seeds, raw",3.67,0,36,0,6.6,53
"nuts, almonds, oil roasted, with salt added",3.68,0,291,0,0,27
"crackers,melba toast,rye (incl pumpernickel)",3.68,0,78,,0,129
"almonds,oil rstd,w/salt",3.68,0,291,0,0,27
"nuts,almonds,oil rstd,lightly salted",3.68,0,291,0,0,27
"almonds,oil rstd,wo/salt",3.68,0,291,0,0,27
"macadamia nuts,raw",3.69,0,85,0,1.2,11
"crackers,melba toast,pln,wo/salt",3.7,0,93,,0,193
"beans, white, mature seeds, cooked, boiled, without salt",3.7,0,90,0,0,81
"mixed nuts,dry rstd,w/pnuts,w/salt",3.7,0,70,0,0.4,50
"beans,white,mature seeds,ckd,bld,wo/salt",3.7,0,90,0,0,81
"beans,white,mature seeds,ckd,bld,w/ salt",3.7,0,90,0,0,81
"crackers,melba toast,pln",3.7,0,93,0,0,193
"wheat flr,whole-grain,soft wheat",3.71,0,33,0,0,28
almonds,3.71,0,269,0,0,44
"leavening agents,crm of tartar",3.72,0,8,0,0,0
"snacks, corn-based, extruded, onion-flavor",3.72,0,29,0,1.8,176
"sausage,meatless",3.72,0,63,0,0,26
"snacks,corn-based,extruded,onion-flavor",3.72,0,29,0,1.8,176
"mixed nuts,dry rstd,w/pnuts,wo/salt",3.73,0,87,0,0.8,60
"almonds,dry rstd,wo/salt",3.73,0,268,0,0,55
"nuts, almonds, dry roasted, with salt added",3.73,0,268,0,0,55
"cookies,sugar wafers w/creme filling,reg",3.73,0,27,0,0,129
"almonds,dry rstd,w/salt",3.73,0,268,0,0,55
"cereals,crm of wheat,reg (10 minute),ckd w/ h2o,wo/ salt",3.74,0,87,0,0,18
"chrysanthemum,garland,ckd,bld,drnd,wo/salt",3.74,0,69,0,23.9,50
"chrysanthemum, garland, cooked, boiled, drained, without salt",3.74,0,69,,23.9,50
"cereals, cream of wheat, regular (10 minute), cooked with water, without salt",3.74,0,87,0,0,18
"chrysanthemum, garland, cooked, boiled, drained, with salt",3.74,0,69,,23.9,50
"chrysanthemum,garland,ckd,bld,drnd,w/salt",3.74,0,69,0,23.9,50
"bread, reduced-calorie, oat bran, toasted",3.75,0,68,0,0,115
"bread,red-cal,oat bran,tstd",3.75,0,68,0,0,115
"babyfood,pretzels",3.77,0,25,0,3.8,131
"wheat,kamut khorasan,unckd",3.77,0,22,0,0,
"wheat, kamut khorasan, uncooked",3.77,0,22,0,0,0
"cookies,graham crackers,pln or honey (incl cinn)",3.78,0,77,0,0,142
"cornmeal, white (navajo)",3.79,0,11,0,0,32
"cornmeal,white (navajo)",3.79,0,11,0,0,32
"snacks,peas,rstd,wasabi-flavored",3.8,0,123,0,0,138
"seeds,sunflower sd krnls from shell,dry rstd,w/ salt added",3.8,0,70,0,1.4,237
"murray, honey graham",3.8,0,379,,0,0
"bagels,cinnamon-raisin",3.8,0,19,0,0.7,174
"mother's, double fudge creme sandwich cookies",3.8,0,0,,0,0
"kellogg's,pop-tarts,ice crm shoppe frstd strawberry milkshak",3.8,0,208,0,,83
"syrups,sorghum",3.8,0,150,0,0,0
"sunflower sd krnls,dry rstd,wo/salt",3.8,0,70,0,1.4,237
"sunflower sd krnls,dry rstd,w/salt",3.8,0,70,0,1.4,237
"sunshine,cheez-it,100 cal right bites,ex cheesy party mix",3.8,0,,0,,50
"kellogg's,pop-tarts,ice crm shoppe frstd vanilla milkshake t",3.8,0,208,0,,83
"beverages,coffee,inst,decaffeinated,pdr",3.8,0,140,0,0,0
"martha white foods,martha white's chewy fudge brownie mx,dry",3.81,0,17,,0,49
"george weston baker,brownberry sage & onion stuffing mix,dry",3.81,0,,0,,
chicken sweet corn soup,3.83,0,91.5,0,2.02,13.45
"sunshine, cheez-it, snack mix",3.84,0,84,,0,0
"nuts,almonds,oil rstd,w/ salt added,smoke flavor",3.86,0,286,0,0,
"bread, french or vienna, tstd (ind sourdough)",3.87,0,47,0,0.2,217
"cereals rte,post,shredded wheat n' bran,spoon-size",3.87,0,44,0,0,30
"puddings,choc flavor,lo cal,reg,dry mix",3.87,0,50,0,0,0
"keebler,zesta,saltines w/ whl wheat",3.89,0,,0,,139
"soybeans, mature seeds, roasted, salted",3.9,0,138,0,2.2,211
"sunshine,cheez-it,colby crackers",3.9,0,104,,,126
"sunshine, cheez-it, big crackers",3.9,0,147,,0,0
onion powder,3.9,0,384,0,23.4,64
"soybeans,mature seeds,rsted,no salt added",3.9,0,138,0,2.2,211
"soybeans,mature seeds,rstd,salted",3.9,0,138,0,2.2,211
"sunshine,cheez-it,crackers (made w/ whl grain)",3.9,0,116,0,,97
"peanuts,spanish,raw",3.91,0,106,0,0,240
"popcorn,caramel-coated,w/pnuts",3.91,0,66,0,0,16
"bread, french",3.91,0,52,0,0,170
"pretzels,soft",3.92,0,23,0,0,24
"bread,rice bran,toasted",3.92,0,75,0,0,118
"toaster pastries, fruit, toasted (include apple, blueberry, cherry, strawberry)",3.92,0,11,0,0,76
"tstr pstrs,frt,tstd (incl appl,blueberry,cherry,strawberry)",3.92,0,11,0,0,76
"pretzels,soft,unsalted",3.92,0,23,0,0,24
"pistachio nuts,raw",3.92,0,105,0,5.6,51
"carrot,dehydrated",3.93,0,212,0,14.6,55
"beverages,citrus fruit juc drk,frz conc",3.94,0,25,0,95.3,26
"citrus fruit juice drink, frozen concentrate",3.94,0,25,0,95.3,26
"soybeans,mature seeds,dry rstd",3.95,0,140,0,4.6,205
"cereals rte,granola,homemade",3.95,0,76,0,1.2,84
"cereals,crm of rice,ckd w/h2o,wo/salt",3.96,0,1,0,0,3
"cereals,cream of rice,ckd w/ h2o,w/ salt",3.96,0,1,0,0,3
"cereals,crm of wheat,reg (10 minute),ckd w/ h2o,w/ salt",3.99,0,89,0,0,25
"oat flr,part debranned",4,0,55,0,0,32
"keebler,town house,flipsides,pretzel crackers,garlic herb",4,0,,0,,122
"winged bean leaves,raw",4,0,224,0,45,16
"drumstick leaves,raw",4,0,185,0,51.7,40
wheat flour and nuts ladoos (atta nuts ladoos),4.01,0,127.29,0,0,13.1
"butternuts,dried",4.02,0,53,0,3.2,66
"nuts, pistachio nuts, dry roasted, without salt added",4.03,0,107,0,3,51
"pistachio nuts,dry rstd,wo/salt",4.03,0,107,0,3,51
"cereals rte,uncle sam crl",4.03,0,95,0,2.4,53
"pistachio nuts,dry rstd,w/salt",4.03,0,107,0,3,51
"crackers,std snack-type,reg",4.03,0,120,0,0,150
"cereals rte,nature's path,organic flax plus,pumpkin granola",4.04,0,51,0,0.3,15
"frybread,made w/ lard (navajo)",4.04,0,57,,,196
"peaches,dried,sulfured,unckd",4.06,0,28,0,4.8,0
"buckwheat flr,whole-groat",4.06,0,41,0,0,54
"cookies,choc chip,commly prep,soft-type",4.07,0,17,,,45
"cookies,oatmeal,commly prep,spl dietary",4.07,0,54,0,0.3,74
"cereals ready-to-eat, quaker, mother's toasted oat bran cereal",4.07,0,58,0,0,36
"cereals rte,quaker,mother's tstd oat bran crl",4.07,0,58,0,0,36
"croutons,plain",4.08,0,76,,0,209
"croutons, plain",4.08,0,76,,0,209
"bagels,cinnamon-raisin,tstd",4.09,0,20,0,0.6,162
"bagels, cinnamon-raisin, toasted",4.09,0,20,,0.6,162
"bread, wheat, tstd",4.09,0,165,0,0.2,100
"sunshine, cheez-it, asiago crackers",4.1,0,0,,0,0
"sunshine,cheez-it,asiago crackers",4.1,0,,0,,136
"sunshine,cheez-it,mozzarella crackers",4.1,0,,0,,138
"cereals rte,kashi good friends",4.1,0,26,0,0,47
"sunshine,cheez-it,italian four chs crackers",4.1,0,,,,135
"sunshine, cheez-it, pepper jack crackers",4.1,0,0,,0,0
"usda commodity, bakery, flour mix low-fat",4.11,0,181,,0,291
"sunflower sd butter,w/salt",4.12,0,64,0,2.7,237
"sunflower sd butter,wo/salt",4.12,0,64,0,2.7,237
"rolls,dinner,oat bran",4.14,0,85,0,0,140
"rolls, dinner, oat bran",4.14,0,85,0,0,140
"bread,prot (incl gluten)",4.15,0,124,0,0,173
"spaghetti,protein-fortified,dry,enr (n x 6.25)",4.15,0,39,0,0,458
"baking choc,unswtnd,liq",4.15,0,54,,0,19
"bagels,whl grain white",4.19,0,93,0,0,179
"keebler,club,dash of salt crackers",4.2,0,,0,,129
"babyfood,crackers,veg",4.2,0,41,0,50.5,135
"cereals,quaker,inst oatmeal organic,reg",4.2,0,52,0,0,32
"keebler,toasteds,wheat crackers",4.2,0,,0,,103
"cereals ready-to-eat, granola, homemade",4.23,0,78,,1.2,82
"rice,white,short-grain,enr,unckd",4.23,0,3,0,0,389
"cereals,oats,reg & quick,not fort,dry",4.25,0,52,0,0,32
"candies,sesame crunch",4.27,0,639,0,0,51
cracked wheat and green gram dal premix (dalia moong dal premix),4.28,0,49.03,0,0,0
"sunflower sd krnls,oil rstd,w/salt",4.28,0,87,0,1.1,234
"sunflower sd krnls,oil rstd,wo/salt",4.28,0,87,0,1.1,234
"bread sticks,plain",4.28,0,22,0,0,255
"macaroni,veg,enr,dry",4.28,0,34,0,0,460
"pie crust,cookie-type,choc,ready crust",4.3,0,32,0,0,108
"chickpeas (garbanzo bns,bengal gm),mature seeds,raw",4.31,0,57,0,4,557
"rice,white,long-grain,reg,raw,enr",4.31,0,28,0,0,387
"kraft, stove top stuffing mix chicken flavor",4.32,0,63,,3.3,0
"snacks, pretzels, hard, plain, made with enriched flour, unsalted",4.32,0,36,,0,233
"snacks,pretzels,hard,pln,made w/ enr flr,unsalted",4.32,0,36,0,0,233
"winged bns,mature seeds,ckd,bld,w/ salt",4.33,0,142,0,0,10
"winged beans, mature seeds, cooked, boiled, without salt",4.33,0,142,0,0,10
"winged bns,mature seeds,ckd,bld,wo/ salt",4.33,0,142,0,0,10
"cornmeal, degermed, enriched, white",4.36,0,3,0,0,335
"semolina,enriched",4.36,0,17,0,0,261
"lupins,mature seeds,raw",4.36,0,176,0,4.8,355
"cornmeal,degermed,enr,white",4.36,0,3,0,0,335
"cornmeal,degermed,enr,yel",4.36,0,3,0,0,335
"rice,white,medium-grain,raw,enr",4.36,0,9,0,0,386
"hazelnuts or filberts,dry rstd,wo/salt",4.38,0,123,0,3.8,88
"sunshine, cheez-it, 100 calorie right bites, reduced fat",4.4,0,137,,0,0
"crackers,wheat,low salt",4.4,0,49,0,0,72
"beverages,coffee,inst,reg,half the caffeine",4.41,0,141,0,0,0
"wheat flr,white,bread,enr",4.41,0,15,0,0,288
"beverages,coffee,inst,reg,pdr",4.41,0,141,0,0,0
"sesame butter,tahini,krnls unspec",4.42,0,141,0,4.2,98
"cereals, quaker, hominy grits, white, regular, dry",4.42,0,2,,0,0
"cereals,quaker,hominy grits,white,reg,dry",4.42,0,2,,0,205
"cereals,quaker,hominy grits,white,quick,dry",4.42,0,2,,0,205
"ice cream cones, sugar, rolled-type",4.43,0,44,,0,236
"ice crm cones,sugar,rolled-type",4.43,0,44,0,0,236
"spelt,unckd",4.44,0,27,,0,45
"game meat, deer, cooked, roasted",4.47,0,7,,0,0
"duck, young duckling, domesticated, white pekin, breast, meat only, boneless, cooked without skin, broiled",4.49,0,9,,3.2,0
"bagels,pln,enr,w/ ca prop (includes onion,poppy,sesame),tstd",4.5,0,15,0,0,203
"bagels, plain, toasted, enriched, with calcium propionate (includes onion, poppy, sesame)",4.5,0,99,,0,203
"english muffins, raisin-cinnamon (includes apple-cinnamon)",4.5,0,114,0,1.3,112
"keebler,club,minis multigrain crackers",4.5,0,,0,,100
"fish, salmon, king, chinook, smoked, brined (alaska native)",4.5,0,23,,0,0
"english muffins,raisin-cinnamon (includes apple-cinnamon)",4.5,0,114,0,1.3,112
"crackers,melba toast,wheat",4.5,0,43,0,0,208
rice flakes and roasted channa,4.51,0,17.23,0,0,0
"soup, ramen noodle, dry, any flavor, reduced fat, reduced sodium",4.52,0,22,,1.2,191
"soup,ramen noodle,dry,any flavor,red fat,red na",4.52,0,22,0,1.2,191
tomato powder,4.56,0,166,0,116.7,120
"bread,prot,(includes gluten),tstd",4.56,0,136,0,0,149
"wheat,hard white",4.56,0,32,0,0,38
"quinoa,unckd",4.57,0,47,0,,184
"quinoa, uncooked",4.57,0,47,,0,184
"peanuts,all types,raw",4.58,0,92,0,0,240
"hyacinth bns,mature seeds,ckd,bld,wo/salt",4.58,0,40,0,0,4
"pretzels,hard,pln,salted",4.58,0,27,0,2.1,166
"hyacinth bns,mature seeds,ckd,bld,w/salt",4.58,0,40,0,0,4
"hyacinth beans, mature seeds, cooked, boiled, with salt",4.58,0,40,0,0,4
"snacks,pita chips,salted",4.59,0,17,0,0,215
"kellogg's,pop-tarts,frstd orange crm toaster pastries",4.6,0,,0,,92
"carob-flavor beverage mix, powder",4.6,0,32,,0,0
"keebler,wheatables,nut crisp crackers,tstd pecan",4.6,0,,0,,106
"beverages,carob-flavor bev mix,pdr",4.6,0,32,,0,0
"beverages,coffee sub,crl grain bev,pdr",4.6,0,58,0,0,52
"seeds,breadnut tree seeds,dried",4.6,0,94,0,46.6,113
"wheat flr,white,all-purpose,enr,unbleached",4.64,0,15,0,0,291
"wheat flr,white,all-purpose,enr,calcium-fortified",4.64,0,252,0,0,291
"wheat flr,white,all-purpose,enr,bleached",4.64,0,15,0,0,291
cracker meal,4.64,0,23,0,0,216
"cereals,quaker,quick oats,dry",4.64,0,47,0,0,32
"crackers,matzo,whole-wheat",4.65,0,23,0,0,35
"wheat flr,white,all-purpose,self-rising,enr",4.67,0,338,0,0,307
hazelnuts or filberts,4.7,0,114,0,6.3,113
"cake,gingerbread,dry mix",4.7,0,94,0,0.2,77
"nuts, hazelnuts or filberts",4.7,0,114,0,6.3,113
"cereals,crm of wheat,1 minute,ckd w/ h2o,stove-top,wo/ salt",4.7,0,125,0,0,36
"kellogg's,beanatural,original 3-bean chips",4.7,0,197,0,,88
barley malt flour,4.71,0,37,,0.6,38
barley malt flr,4.71,0,37,0,0.6,38
oats,4.72,0,54,0,0,56
molasses,4.72,0,205,0,0,0
"cornmeal,yel,self-rising,degermed,enr",4.73,0,350,0,0,374
"pancakes,buckwheat,dry mix,incomplete",4.73,0,476,0,0,66
"cornmeal, self-rising, degermed, enriched, yellow",4.73,0,350,0,0,374
"cornmeal,white,self-rising,degermed,enr",4.73,0,350,0,0,375
"noodles,chinese,chow mein",4.73,0,20,0,0,165
"rice mix,white & wild,flav,unprep",4.74,0,105,0,0,180
"peanut flour,low fat",4.74,0,130,0,0,133
"beverages,coffee,inst,w/ chicory",4.76,0,103,,0,0
"jute,potherb,raw",4.76,0,208,0,37,123
"keebler, fudge shoppe, fudge grahams, 1/2 dipped, reduced fat",4.8,0,0,,0,0
"toaster pastries,kellogg,kellog's pop tarts,frstd strawberry",4.8,0,,0,,77
"kellogg's,pop-tarts,frstd wild grape toaster pastries",4.8,0,,0,,93
"kellogg's, pop-tarts, frosted wild grape toaster pastries",4.8,0,0,,0,0
"peas,grn,split,mature seeds,raw",4.82,0,37,0,1.8,274
"breakfast bar,corn flake crust w/fruit",4.86,0,41,0,0,174
chickpea flour (besan),4.86,0,45,0,0,437
"safflower sd meal,part defatted",4.86,0,77,0,0,159
"tofu,fried,prep w/ca sulfate",4.87,0,961,0,0,27
"tofu,fried",4.87,0,372,0,0,27
"cereals,crm of wheat,1 minute,ckd w/ h2o,microwaved,wo/ salt",4.88,0,126,0,0,41
"bread,white wheat",4.89,0,684,0,0,162
"snacks,corn-base,extrud,chips,barbecue-flavor,w/enr masa flr",4.9,0,131,0,1.7,200
"seeds, safflower seed kernels, dried",4.9,0,78,,0,160
"english muffins,raisin-cinnamon,tstd (incl apple-cinnamon)",4.9,0,139,0,1.4,131
"kellogg,kellogg's nutri-grain crl bars,mxd berry",4.9,0,39,0,0,108
"safflower sd krnls,dried",4.9,0,78,0,0,160
"kellogg's,pop-tarts,frstd appl strudel toaster pastries",4.9,0,,0,,94
"nuts, cashew butter, plain, with salt added",4.91,0,61,0,0,55
"cashew butter,pln,w/salt",4.91,0,61,0,0,55
"cornmeal,white,self-rising,bolted,w/ wheat flr added,enr",4.95,0,299,0,0,402
"cornmeal,yel,self-rising,bolted,w/ wheat flr added,enr",4.95,0,299,0,0,402
"cereals,cream of wheat,inst,prep w/ h2o,wo/ salt",4.96,0,64,0,0,101
"rye flour,dark",4.97,0,37,0,0,33
"beans,adzuki,mature seeds,raw",4.98,0,66,0,0,622
"archway home style cookies, old fashioned molasses",4.99,0,32,,0,0
"beans,cranberry (roman),mature seeds,raw",5,0,127,0,0,604
"beans,black,mature seeds,raw",5.02,0,123,0,0,444
"beans, black, mature seeds, raw",5.02,0,123,0,0,444
"cashew butter,pln,wo/salt",5.03,0,43,0,0,68
"snacks,bagel chips,pln",5.05,0,24,0,0,220
"wheat flr,white (industrial),10% prot,unbleached,enr",5.06,0,20,0,0,268
"wheat flr,white (industrial),9% prot,bleached,enr",5.06,0,20,0,0,268
"wheat flr,white (industrial),11.5% prot,bleached,enr",5.06,0,20,0,0,268
"wheat flr,white (industrial),13% prot,bleached,enr",5.06,0,24,0,0,268
"wheat flour, white (industrial), 10% protein, bleached, enriched",5.06,0,20,0,0,268
"wheat flour, white (industrial), 10% protein, unbleached, enriched",5.06,0,20,0,0,268
"wheat flr,white (industrial),10% prot,bleached,enr",5.06,0,20,0,0,268
"wheat flr,white (industrial),11.5% prot,unbleached,enr",5.06,0,20,0,0,268
"wheat flr,white (industrial),15% prot,bleached,enr",5.06,0,17,0,0,268
"beans,pinto,mature seeds,raw",5.07,0,113,0,6.3,525
"peppermint,fresh",5.08,0,243,0,31.8,114
"jujube,chinese,frsh,dried",5.09,0,63,,217.6,
"hyacinth bns,mature seeds,raw",5.1,0,130,0,0,23
"hyacinth beans, mature seeds, raw",5.1,0,130,0,0,23
"kellogg's,pop-tarts,frstd confetti cake toaster pastries",5.1,0,209,0,,80
"kanpyo,(dried gourd strips)",5.12,0,280,0,0.2,61
"crackers,saltines,whl wheat (includes multi-grain)",5.14,0,0,0,0,119
"soybeans,mature seeds,ckd,bld,w/salt",5.14,0,102,0,1.7,54
"soybeans,mature ckd,bld,wo/salt",5.14,0,102,0,1.7,54
"soybeans, mature seeds, cooked, boiled, with salt",5.14,0,102,0,1.7,54
"soybeans, cooked",5.14,0,102,0,1.7,0
"nuts,mxd nuts,oil rstd,wo/ pnuts,lightly salted",5.18,0,130,0,0.6,104
"cereals,malt-o-meal,original,pln,prep w/ h2o,wo/ salt",5.19,0,37,0,0,
"snacks,soy chips or crisps,salted",5.2,0,171,0,0,240
vital wheat gluten,5.2,0,142,0,0,0
"pigeon peas (red gm),mature seeds,raw",5.23,0,130,0,0,456
"sunflower sd krnls,dried",5.25,0,78,0,1.4,227
"cereals ready-to-eat, kashi golean vanilla graham clusters",5.3,0,105,,0,0
"sauce,worcestershire",5.3,0,107,0,13,8
"burger king, double whopper, with cheese",5.3,0,78,,0.2,42
"cereals,farina,enr,assorted brands,quick,ckd w/ h2o,wo/ salt",5.33,0,97,,0,119
"cereals,farina,enr,ckd w/ h2o,wo/ salt",5.33,0,97,0,0,119
"cereals,farina,enr,ckd w/ h2o,w/ salt",5.33,0,97,,0,119
"tofu,raw,reg,prep w/ca sulfate",5.36,0,350,0,0.1,15
"wheat,soft white",5.37,0,34,0,0,41
"toaster pastries,kellogg,kellogg's pop trts,frstd br sgr cin",5.4,0,,0,,103
"crackers,saltines,unsalted tops (incl oyster,soda,soup)",5.4,0,119,,0,189
"cottonseed krnls,rstd (glandless)",5.4,0,100,0,9,233
"longans,dried",5.4,0,45,,28,
"oat bran, raw",5.41,0,58,0,0,52
"oat bran,raw",5.41,0,58,0,0,52
dessicated coconut chutney (sookhe kase nariyal ki chutney),5.44,0,73.55,0,0.15,10.69
"beans,great northern,mature seeds,raw",5.47,0,175,0,5.3,482
"beans,navy,mature seeds,raw",5.49,0,147,0,,364
"peaches,dehyd (low-moisture),sulfured,unckd",5.51,0,38,0,10.6,7
"toaster pastries,fruit",5.51,0,16,0,0,174
"nuts,pine nuts,dried",5.53,0,16,0,0.8,34
"cereals,malt-o-meal,choc,prep w/ h2o,wo/ salt",5.59,0,49,0,0,
"soybean,curd cheese",5.6,0,188,0,0,22
"spices, garlic powder",5.65,0,79,,1.2,47
garlic powder,5.65,0,79,0,1.2,47
"seeds,flaxseed",5.73,0,255,0,0.6,87
"cornmeal,white,self-rising,bolted,pln,enr",5.76,0,361,0,0,356
"cornmeal,yel,self-rising,bolted,pln,enr",5.76,0,361,0,0,356
"beve,horchata,dry mix,unprep,var  brands,all w/ morro seeds",5.8,0,60,0,0.3,12
"soy flr,full-fat,rstd",5.82,0,188,0,0,227
"fungi,cloud ears,dried",5.88,0,159,0,0,38
"cereals rte,nature's path,organic flax plus flakes",5.89,0,55,0,0,6
"potatoes,microwaved,ckd,in skn,skn w/salt",5.94,0,46,0,15.3,17
"crackers,rye,wafers,plain",5.94,0,40,0,0.1,45
"potatoes,microwaved,ckd in skn,skn,wo/salt",5.94,0,46,0,15.3,17
"cereals, oats, instant, fortified, plain, prepared with water (boiling water added or microwaved)",5.96,0,80,0,0,71
"cereals,oats,inst,fort,pln,prep w/ h2o",5.96,0,80,0,0,71
"cashew nuts,dry rstd,wo/salt",6,0,45,0,0,69
"cashew nuts,dry rstd,w/salt",6,0,45,0,0,69
"shallots,freeze-dried",6,0,183,0,39,116
"peppers,hot chile,sun-dried",6.04,0,45,0,31.4,51
"nuts, cashew nuts, oil roasted, without salt added",6.05,0,43,0,0.3,25
"cashew nuts,oil rstd,w/salt",6.05,0,43,0,0.3,25
"cashew nuts,oil rstd,wo/salt",6.05,0,43,0,0.3,25
"potatoes, boiled, cooked in skin, skin, without salt",6.07,0,45,0,5.2,10
"potatoes,bld,ckd in skn,skn,w/salt",6.07,0,45,0,5.2,10
"potatoes,bld,ckd in skn,skn,wo/salt",6.07,0,45,0,5.2,10
"cereals ready-to-eat, kashi golean",6.09,0,119,,0,107
"cereals rte,kashi golean",6.09,0,119,0,0,107
"piki bread,made from blue cornmeal (hopi)",6.11,0,184,0,,
"pepeao,dried",6.14,0,113,0,1.4,160
"snacks,kellogg's,nutri-grain crl bars,fruit",6.14,0,576,0,7.8,14
"lima bns,thin seeded (baby),mature seeds,raw",6.19,0,81,0,0,400
"parsley,frsh",6.2,0,138,0,133,152
"wheat germ,crude",6.26,0,39,0,0,281
"wheat germ, crude",6.26,0,39,0,0,281
"rice,white,long-grain,preckd or inst,enr,dry",6.3,0,22,0,0,466
"crisped rice bar,choc chip",6.3,0,21,0,0,140
"apricots,dehyd (low-moisture),sulfured,unckd",6.31,0,61,0,9.5,4
"sesame butter,tahini,from unroasted krnls",6.35,0,141,0,0,98
"crisped rice bar,almond",6.35,0,74,0,11.5,0
"sesame sd krnls,dried (decort)",6.36,0,60,0,0,115
"soy flour,full-fat,raw",6.37,0,206,0,0,345
"cookies,gingersnaps",6.4,0,77,0,0,145
"cookies, molasses",6.43,0,74,,0,146
"beverages,abbott,eas soy prot pdr",6.43,0,95,0,0,100
"cookies,molasses",6.43,0,74,0,0,146
"lentils,raw",6.51,0,35,0,4.5,479
"dill weed,frsh",6.59,0,208,0,85,150
"sunflower sd flr,part defatted",6.62,0,114,0,1.3,222
"rosemary,fresh",6.65,0,317,0,21.8,109
"nuts,cashew nuts,raw",6.68,0,37,0,0.5,25
"beans,kidney,red,mature seeds,raw",6.69,0,83,0,4.5,394
"sea lion, steller, heart (alaska native)",6.7,0,5,,0,0
"broadbeans (fava beans),mature seeds,raw",6.7,0,103,0,1.4,423
"cereals,quaker,corn grits,inst,pln,prep,wo/ salt",6.71,0,64,0,0,37
"radishes,oriental,dried",6.73,0,629,0,0,295
"radishes, oriental, dried",6.73,0,629,,0,295
"babyfood,crl,rice,w/ applsauc & bananas,str",6.73,0,17,0,31.6,3
"mung beans, mature seeds, raw",6.74,0,132,0,4.8,625
"mung bns,mature seeds,raw",6.74,0,132,0,4.8,625
"beans,pink,mature seeds,raw",6.77,0,130,0,0,463
"beans, pink, mature seeds, raw",6.77,0,130,0,0,463
"sunflower sd krnls,tstd,wo/salt",6.81,0,57,0,1.4,238
"sunflower sd krnls,tstd,w/salt",6.81,0,57,0,1.4,238
"game meat, beaver, raw",6.9,0,15,,2,0
"sea lion, steller, kidney (alaska native)",7,0,9,,0,0
"beans,yel,mature seeds,raw",7.01,0,166,0,0,389
"beans, yellow, mature seeds, raw",7.01,0,166,0,0,389
"potatoes,bkd,skn,wo/salt",7.04,0,34,0,13.5,22
"potatoes,bkd,skn only,w/ salt",7.04,0,34,0,13.5,22
"potatoes, baked, skin, with salt",7.04,0,34,0,13.5,22
"wheat flr,white,tortilla mix,enr",7.05,0,205,0,0,215
"allspice,ground",7.06,0,661,0,39.2,36
"desserts,rennin,tablets,unswtnd",7.07,0,3733,,0,0
"pancakes,whl wheat,dry mix,incomplete",7.11,0,158,0,0,125
"bear, black, meat (alaska native)",7.2,0,0,,0,0
"seasoning mix, dry, taco, original",7.2,0,0,,0,0
"seeds, watermelon seed kernels, dried",7.28,0,54,,0,58
"watermelon sd krnls,dried",7.28,0,54,0,0,58
"wheat flr,white,cake,enr",7.32,0,14,0,0,282
"lentils,pink or red,raw",7.39,0,48,0,1.7,204
"babyfood, cereal, oatmeal, with applesauce and bananas, junior",7.5,0,6,0,24.5,4
"babyfood,crl,oatmeal,w/ applsauc & bananas,str",7.5,0,6,0,13.9,38
"lima bns,lrg,mature seeds,raw",7.51,0,81,0,0,395
"mungo beans, mature seeds, raw",7.57,0,138,0,0,216
"mungo bns,mature seeds,raw",7.57,0,138,0,0,216
"leeks,(bulb&lower-leaf portion),freeze-dried",7.6,0,360,0,118,366
"amaranth grain, uncooked",7.61,0,159,0,4.2,82
"amaranth grain,unckd",7.61,0,159,0,4.2,82
"chia seeds,dried",7.72,0,631,,1.6,49
"crackers,saltines,fat-free,low-sodium",7.72,0,22,0,0,202
"beans,sml white,mature seeds,raw",7.73,0,173,0,0,386
"sesame sd krnls,tstd,w/salt (decort)",7.78,0,131,0,0,96
"sesame sd krnls,tstd,wo/salt (decort)",7.78,0,131,0,0,96
"kellogg's,pop-tarts mini crisps,cinn brown sugar bkd bites",7.8,0,,0,,174
papad,7.8,0,143,0,0,219
"pepper,red or cayenne",7.8,0,148,0,76.4,106
"celery flakes,dried",7.83,0,587,0,86.5,107
"celery flakes, dried",7.83,0,587,,86.5,107
"pancakes,whole-wheat,dry mix,incomplete",7.84,0,449,0,0,102
"cereals,quaker,inst oatmeal,dinosaur eggs,brown sugar,dry",7.91,0,220,0,0,176
"cereals rte,sun country,kretschmer honey crunch wheat germ",8.05,0,50,0,5.5,805
"pumpkin&squash sd krnls,rstd,wo/salt",8.07,0,52,0,1.8,57
"cereals,quaker,oat bran,quaker/mother's oat bran,dry",8.07,0,79,0,0,38
"pumpkin&squash sd krnls,rstd,w/salt",8.07,0,52,0,1.8,57
"leavening agents,baking pdr,low-sodium",8.17,0,4332,0,0,0
"lemon grass (citronella),raw",8.17,0,65,0,2.6,75
"beans,kidney,all types,mature seeds,raw",8.2,0,143,0,4.5,394
"soy flour,low-fat",8.2,0,285,0,0,289
"cereals,quaker,inst oatmeal,maple & brown sugar,dry",8.22,0,226,0,0,208
"cereals, quaker, instant oatmeal, maple and brown sugar, dry",8.22,0,226,0,0,208
"cowpeas,common (blackeyes,crowder,southern),mtre seeds,raw",8.27,0,110,0,1.5,633
"cereals,quaker,inst oatmeal,cinnamon-spice,dry",8.31,0,229,0,0.1,314
"cinnamon,ground",8.32,0,1002,0,3.8,6
"kellogg's,pop-tarts,frstd cookies & creme toaster pastries",8.4,0,241,0,,82
"cereals,oats,inst,fort,w/ cinn & spice,dry",8.46,0,234,0,0,314
"corn flr,masa,enr,white",8.5,0,138,0,0,335
"corn flr,yel,masa,enr",8.5,0,138,0,0,335
"snacks,kellogg's lofat granola bar,crunchy almd/brn sugar",8.6,0,35,,0,0
natto,8.6,0,217,0,13,8
"yardlong bns,mature seeds,raw",8.61,0,138,0,1.6,658
"yardlong beans, mature seeds, raw",8.61,0,138,0,1.6,658
"beans,kidney,royal red,mature seeds,raw",8.7,0,131,0,4.5,393
"beans,black turtle,mature seeds,raw",8.7,0,160,0,0,444
"beans, kidney, royal red, mature seeds, raw",8.7,0,131,0,4.5,393
"snac, grano bar, gener mills, natur valle, chewy trail mix",8.71,0,116,0,0.1,142
"cereals,quaker,inst oatmeal,appls & cinn,dry",8.78,0,243,0,1.2,205
"cereals, quaker, instant oatmeal, apples and cinnamon, dry",8.78,0,243,0,1.2,0
"cereals,quaker,weight control inst oatmeal,banana bread",8.78,0,243,0,0.1,204
"pumpkin&squash sd krnls,dried",8.82,0,46,0,1.9,58
"seeds, pumpkin and squash seed kernels, dried",8.82,0,46,,1.9,58
"cereals,quaker,inst oatmeal,weight control,cinn",8.84,0,245,0,0.1,205
"beverages,tea,inst,swtnd w/ na saccharin,lemon-flavored,pdr",8.87,0,21,,0,35
"beverages,tea,inst,decaffeinated,lemon,diet",8.87,0,21,0,0,35
"seaweed,irishmoss,raw",8.9,0,72,0,3,182
"seaweed, irishmoss, raw",8.9,0,72,,3,182
"sesame butter,tahini,from rstd&tstd krnls (most common type)",8.95,0,426,0,0,98
dragon fruit,9,0,8,0,9,0
"babyfood,crl,rice w/ pears & appl,dry,inst fort",9,0,38,0,250,5
"tomatoes,sun-dried",9.09,0,110,0,39.2,68
"cereals rte,wheat germ,tstd,pln",9.09,0,45,0,6,352
"cereals,quaker,inst oatmeal,raisin & spice,dry",9.1,0,235,0,0.7,348
"spices,mustard sd,ground",9.21,0,266,0,7.1,162
"soy flour,defatted",9.24,0,241,0,0,305
"beans,kidney,california red,mature seeds,raw",9.35,0,195,0,4.5,394
"beans, kidney, california red, mature seeds, raw",9.35,0,195,0,4.5,394
"kellogg's, pop-tarts mini crisps, frosted strawberry baked bites",9.4,0,0,0,0,0
"kellogg's,pop-tarts mini crisps,frstd strawberry bkd bites",9.4,0,,0,,251
"cereals,quaker,inst oatmeal,cinn swirl,hi fiber",9.41,0,278,0,0.2,249
"cereals,oats,inst,fort,w/ raisins & spice,dry",9.43,0,228,0,0.7,348
"pepper,black",9.71,0,443,0,0,17
"tofu,dried-frozen (koyadofu),prep w/ca sulfate",9.73,0,2134,0,0.7,92
"tofu,dried-frozen (koyadofu)",9.73,0,364,0,0.7,92
poppy seed,9.76,0,1438,0,1,82
"peppers,pasilla,dried",9.83,0,97,0,6.4,170
"peppers, pasilla, dried",9.83,0,97,,6.4,170
"cowpeas, catjang, mature seeds, raw",9.95,0,85,,1.5,639
"cowpeas,catjang,mature seeds,raw",9.95,0,85,0,1.5,639
"cereals,quaker,inst oatmeal,banana bread,dry",10.07,0,277,0,0.9,247
"cereals, quaker, weight control instant oatmeal, maple and brown sugar",10.13,0,268,0,0.1,0
"cereals,quaker,wt control inst oatmeal,maple & brown sugar",10.13,0,268,0,0.1,235
"cereals,oats,inst,fort,maple & brown sugar,dry",10.36,0,258,0,0,240
"peppers,swt,red,freeze-dried",10.4,0,134,0,1900,229
"peppers, sweet, green, freeze-dried",10.4,0,134,,1900,229
"peppers,swt,grn,freeze-dried",10.4,0,134,0,1900,229
"beans,white,mature seeds,raw",10.44,0,240,0,0,388
"cereals rte,usda cmdty rice crisps (includes all  brands)",10.53,0,5,0,46,
"wheat bran,crude",10.57,0,73,0,0,79
"cereals, quaker, instant oatmeal, raisins, dates and walnuts, dry",10.7,0,297,0,0.8,381
"cereals,quaker,inst oatmeal,raisins,dates & walnuts,dry",10.7,0,297,0,0.8,381
"soy prot conc,produced by acid wash",10.78,0,363,0,0,340
"soy protein concentrate, produced by acid wash",10.78,0,363,,0,340
"soy prot conc,produced by alcohol extraction",10.78,0,363,0,0,340
"soy protein concentrate, produced by alcohol extraction",10.78,0,363,,0,340
"mothbeans, mature seeds, raw",10.85,0,150,0,4,649
"mothbeans,mature seeds,raw",10.85,0,150,0,4,649
"peppers,ancho,dried",10.93,0,61,0,2,69
"leavening agents,baking pdr,double-acting,na al sulfate",11.02,0,5876,0,0,0
saffron,11.1,0,111,0,80.8,93
"leavening agents,baking pdr,double-acting,straight po4",11.27,0,7364,0,0,0
"cloves,ground",11.83,0,632,0,0.2,25
"spearmint,fresh",11.87,0,199,0,13.3,105
"cereals,quaker,inst oatmeal,cinn spice,red sugar",12,0,313,0,0.3,273
"beverages,prot pdr soy bsd",12,0,178,0,0,289
"cookies,choc sndwch,w/creme filling,reg",12.14,0,21,0,0,102
"cottonseed flr,lofat (glandless)",12.58,0,474,0,2.4,228
"seeds, cottonseed flour, low fat (glandless)",12.58,0,474,,2.4,228
"cottonseed flr,part defatted (glandless)",12.66,0,478,0,2.4,229
"cereals,quaker,inst oatmeal,appl & cinn,red sugar",12.77,0,355,0,1.3,284
"cereals rte,weetabix whl grain crl",12.86,0,57,0,0,46
"seal, bearded (oogruk), meat, raw (alaska native)",12.9,0,10,,0,0
"kellogg's,corn flakes crumbs",13.3,0,,0,,60
"cottonseed meal,part defatted (glandless)",13.35,0,504,0,2.5,242
"winged bns,mature seeds,raw",13.44,0,440,0,0,45
"soy meal,defatted,raw",13.7,0,244,0,0,303
"cocoa,dry pdr,unswtnd",13.86,0,128,0,0,32
"cocoa, dry powder, unsweetened",13.86,0,128,,0,32
"mace,ground",13.9,0,252,0,21,76
"spices,cardamom",13.97,0,383,0,21,
"seeds, sesame flour, low-fat",14.22,0,149,,0,29
"sesame flour,low-fat",14.22,0,149,0,0,29
"sesame flr,part defatted",14.3,0,150,0,0,29
"babyfood,oatmeal crl w/ fruit,dry,inst,todd fort",14.3,0,286,0,2.7,374
"babyfood, oatmeal cereal with fruit, dry, instant, toddler",14.3,0,286,0,2.7,18
"pepper,white",14.31,0,265,0,21,10
"cocoa,dry pdr,hi-fat or brkfst,proc w/alkali",14.5,0,122,0,0,38
"soy protein isolate, potassium type",14.5,0,178,,0,176
soy protein isolate,14.5,0,178,0,0,176
"cocoa,dry pdr,hi-fat or brkfst,pln",14.5,0,122,0,0,38
"cereals rte,general mills,oatmeal crisp,hearty raisin",14.5,0,32,0,0.4,96
"soy prot isolate,k type",14.5,0,178,0,0,176
"sesame meal,part defatted",14.55,0,153,0,0,30
"sesame seeds,whole,dried",14.55,0,975,0,0,97
"sesame seeds,whl,rstd&tstd",14.76,0,989,0,0,98
"cereals rte,general mills,oatmeal crisp,crunchy almond",15,0,33,0,0,100
"sesame flour,high-fat",15.17,0,159,0,0,31
"cocoa,dry pdr,unswtnd,proc w/alkali",15.52,0,111,0,0,32
"soybeans,mature seeds,raw",15.7,0,277,0,6,375
"cockles, raw (alaska native)",16.2,0,30,,0,0
caraway seed,16.23,0,689,0,21,10
coriander seed,16.32,0,709,0,21,0
"spices, coriander seed",16.32,0,709,,21,0
dill seed,16.33,0,1516,0,21,10
"beverages,rich choc,pdr",16.36,0,909,9.1,54.5,0
"beverages,ovaltine,choc malt pdr",16.36,0,909,9.1,54.5,0
"beverages,ovaltine,classic malt pdr",16.36,0,909,9.1,54.5,0
"peanut butter,smooth,vit & mineral fort",16.6,0,43,0,0,540
chili powder,17.3,0,330,0,0.7,28
"baking chocolate, unsweetened, squares",17.4,0,101,0,0,28
"thyme,frsh",17.45,0,405,0,160.1,45
"peanut butter,chunky,vitamin&mineral fort",17.5,0,45,0,0,467
"cereals rte,quaker,swt crunch/quisp",18.35,0,9,0,0,2630
"cereals rte,quaker,cap'n crunch's pnut butter crunch",18.36,0,9,0,0,2629
"rice bran,crude",18.54,0,57,0,0,63
fennel seed,18.54,0,1196,0,21,
curry powder,19.1,0,525,0,0.7,56
"sesame butter,paste",19.2,0,960,0,0,100
"cereals rte,quaker,cap'n crunch",19.42,0,11,0,0,2630
"cereals ready-to-eat, quaker, honey graham oh!s",19.52,0,11,,36.4,945
"cereals rte,quaker,honey graham oh!s",19.52,0,11,0,36.4,945
"seal, ringed, meat (alaska native)",19.6,0,5,,0,0
"cereals rte,quaker,cap'n crunch's halloween crunch",19.6,0,11,,0.1,1615
"spices, pumpkin pie spice",19.71,0,682,,23.4,24
pumpkin pie spice,19.71,0,682,0,23.4,24
"cereals rte,quaker,christmas crunch",19.78,0,11,0,0.1,2600
"cereals rte,quaker,cap'n crunch w/ crunchberries",19.8,0,11,0,0.1,2757
"ginger,ground",19.8,0,114,0,0.7,13
"chives,freeze-dried",20,0,813,0,660,108
paprika,21.14,0,229,0,0.9,49
"seaweed,agar,dried",21.4,0,625,0,0,580
"cereals rte,quaker,cap'n crunch's oops! all berries crl",21.57,0,11,,0.4,1353
"parsley,dried",22.04,0,1140,0,125,180
"babyfood,bkd product,finger snacks crl fort",22.5,0,400,0,10,180
"cereals rte,quaker,quaker oat cinn life",23.22,0,387,0,0.1,2227
"cereals ready-to-eat, quaker, quaker oat cinnamon life",23.22,0,387,0,0.1,2227
"cereals rte,kashi 7 whl grain nuggets",24,0,41,0,0,
"cereals ready-to-eat, kashi 7 whole grain nuggets",24,0,41,0,0,0
"cereals,oats,inst,fort,pln,dry",24.72,0,351,0,0,32
"babyfood,finger snacks,gerber,graduates,puffs,appl & cinn",24.74,0,535,0,1.3,20
"cereals rte,post,grape-nuts crl",28,0,32,0,0.1,573
"sage,ground",28.12,0,1652,0,32.4,274
"cereals,crm of rice,dry",28.44,0,5,0,0,29
"cereals, cream of rice, dry",28.44,0,5,0,0,29
"seaweed,spirulina,dried",28.5,0,120,0,10.1,94
"cereals,cream of wheat,inst,dry",28.6,0,357,0,0,583
"cereals,crm of wheat,reg,10 minute cooking,dry",28.6,0,606,0,0,182
"cereals rte,quaker,maple brown sugar life crl",28.69,0,349,,0,1436
"cereals rte,quaker oatmeal squares,golden maple",29,0,201,0,11.5,723
"rosemary,dried",29.25,0,1280,0,61.2,307
"cereals rte,quaker,oatmeal squares",29.3,0,201,0,11.5,1214
"cereals rte,quaker,quaker oat life,pln",29.33,0,351,0,0,2205
"cereals rte,quaker,oatmeal squares,cinn",29.5,0,210,0,12,1221
"cereals ready-to-eat, quaker, quaker honey graham life cereal",29.73,0,366,,0,0
"cereals rte,quaker,quaker honey graham life crl",29.73,0,366,,0,1311
"cereals,crm of wheat,1 minute cook time,dry",29.75,0,801,0,0,
"cereals rte,quaker,tstd multigrain crisps",29.9,0,242,0,11.5,1240
"cereals,quaker,inst grits,butter flavor,dry",30,0,413,,0,171
"cereals,quaker,inst grits,country bacon flavor,dry",30.38,0,418,,0,178
"cereals,malt-o-meal,original,pln,dry",30.86,0,286,0,0,1925
"cereals rte,quaker,quaker crunchy bran",30.98,0,71,0,0,2629
"cereals,malt-o-meal,maple & brown sugar hot wheat crl,dry",31.29,0,318,0,1,1498
"cereals rte,rice,puffed,fort",31.7,0,6,0,0,19
"cereals rte,wheat,puffed,fort",31.7,0,28,0,0,32
"chervil,dried",31.95,0,1346,0,50,274
"cereals,crm of wheat,2 1/2 minute cook time,dry",32.02,0,882,0,0,
"cereals, cream of wheat, 2 1/2 minute cook time, dry",32.02,0,882,0,0,0
"spices, tarragon, dried",32.3,0,1139,,50,274
"spices,tarragon,dried",32.3,0,1139,0,50,274
"cereals,farina,enr,assorted brands,dry",33.39,0,711,0,0,182
fenugreek seed,33.53,0,176,0,3,57
"cereals rte,usda cmdty corn & rice (includes all  brands)",34.06,0,10,0,38.5,
poultry seasoning,35.3,0,996,0,12,138
"cocoa, dry powder, unsweetened, hershey's european style cocoa",36,0,0,,0,0
"spices,oregano,dried",36.8,0,1597,0,2.3,237
"spices, oregano, dried",36.8,0,1597,,2.3,237
anise seed,36.96,0,646,0,21,10
"babyfood,rice&appls,dry",37,0,850,0,0,19
"savory,ground",37.88,0,2132,0,50,
"cereals,quaker,corn grits,inst,pln,dry",38.75,0,378,0,0,270
"cereals,malt-o-meal,farina hot wheat crl,dry",40.93,0,377,0,0,
"cereals,quaker,inst grits,redeye grvy country ham flavor,dry",42.03,0,441,,0,187
"coriander leaf,dried",42.46,0,1246,0,566.7,274
"cereals,malt-o-meal,choc,dry",42.88,0,375,0,0,1924
"spices,bay leaf",43,0,834,0,46.5,180
"spices, celery seed",44.9,0,1767,,17.1,10
celery seed,44.9,0,1767,0,17.1,10
"babyfood,crl,rice,w/ bananas,dry",47.5,0,691,0,2,12
"babyfood,crl,brown rice,dry,inst",47.6,0,55,0,0,15
"dill weed,dried",48.78,0,1784,0,50,
"cereals,quaker,quick oats w/ iron,dry",49.45,0,47,0,0,49
"cereals, quaker, quick oats with iron, dry",49.45,0,47,0,0,0
"parsley,freeze-dried",53.9,0,176,0,149,194
"turmeric,ground",55,0,168,0,0.7,20
cumin seed,66.36,0,931,0,7.7,10
"babyfood,crl,oatmeal,w/honey,dry",67.23,0,1154,0,0,35
"spices, marjoram, dried",82.71,0,1990,,51.4,274
"marjoram,dried",82.71,0,1990,0,51.4,274
"spearmint,dried",87.47,0,1488,0,0,530
"spearmint, dried",87.47,0,1488,,0,530
"spices, basil, dried",89.8,0,2240,,0.8,310
"spices,basil,dried",89.8,0,2240,0,0.8,310
"spices,thyme,dried",123.6,0,1890,0,50,274
"butter oil,anhydrous",0,0.01,4,0,0,0
"butter oil, anhydrous",0,0.01,4,,0,0
"frostings,vanilla,creamy,dry mix,prep w/ margarine",0.01,0.01,6,,0,0
"candies,taffy,prepared-from-recipe",0.01,0.01,8,,0,0
"candies,divinity,prepared-from-recipe",0.02,0.01,5,,0,0
"soup,bf broth or bouillon,pdr,prep w/h2o",0.02,0.01,4,0,0,0
"soup,bf broth,cubed,prep w/h2o",0.02,0.01,4,0,0,0
"soup, beef broth or bouillon, powder, prepared with water",0.02,0.01,4,,0,0
"alcoholic bev,malt beer,hard lemonade",0.03,0.01,4,0,2.8,4
"soup,chick broth cubes,dry,prep w/ h2o",0.05,0.01,5,,0,1
"frostings,white,fluffy,dry mix,prep w/h2o",0.06,0.01,4,,0,2
"frostings, white, fluffy, dry mix, prepared with water",0.06,0.01,4,,0,2
"puddings, lemon, dry mix, instant",0.08,0.01,2,,0,0
"puddings,lemon,dry mix,inst",0.08,0.01,2,,0,0
"frostings,white,fluffy,dry mix",0.09,0.01,4,,0,3
"babyfood,dssrt,fruit pudd,orange,str",0.1,0.01,32,0,9.1,8
"puddings,banana,dry mix,inst",0.12,0.01,6,0,0,0
"puddings,banana,dry mix,inst,w/ added oil",0.12,0.01,6,0,0,0
"babyfood,mshd cheddar potatoes&broccoli,toddler",0.16,0.01,20,0,1.5,6
"babyfood,dssrt,cherry vanilla pudd,jr",0.17,0.01,5,0,1.1,0
"babyfood,dssrt,cherry vanilla pudd,str",0.19,0.01,5,0,1.1,0
"alcoholic beverages,wine,rose",0.2,0.01,10,0,0,1
"babyfood,fruit,tutti frutti,str",0.2,0.01,15,0,12.4,3
"fast foods, coleslaw",0.22,0.01,30,,14.6,
"babyfood,dssrt,custard pudd,vanilla,str",0.24,0.01,55,0.5,0.8,6
"babyfood, dessert, custard pudding, vanilla, strained",0.24,0.01,55,,0.8,6
"babyfood,fruit,tutti frutti,jr",0.3,0.01,14,0,7.2,3
"babyfood,dssrt,banana pudd,str",0.3,0.01,11,0.1,12,6
"pie,blueberry,commly prep",0.3,0.01,8,0,2.7,43
"babyfood,corn & swt potatoes,str",0.31,0.01,18,0,5,14
"babyfood,dinner,veg&turkey,jr",0.36,0.01,16,0,0.4,7
"soup,chick gumbo,cnd,prep w/ eq volume h2o",0.37,0.01,10,0,2,2
"babyfood,dinner,chick noodle,jr",0.38,0.01,21,0,0.1,8
"beverages,whiskey sour mix,pdr",0.39,0.01,272,,2.7,0
"pie, apple, commercially prepared, enriched flour",0.45,0.01,11,0,3.2,43
"pie,appl,commly prep,enr flr",0.45,0.01,11,0,3.2,43
"pie,cherry,commly prep",0.48,0.01,12,0,0.9,40
"babyfood, dinner, vegetables chicken, strained",0.53,0.01,27,0,0.1,5
"babyfood,dinner,veg chick,str",0.53,0.01,27,0.1,0.1,5
"muffins,blueberry,toaster-type,tstd",0.54,0.01,14,0,0,94
"candies,nougat,w/ almonds",0.59,0.01,32,0,0.3,5
"soup,bean w/ pork,cnd,prep w/ eq volume h2o",0.75,0.01,31,0,0.6,12
"split pea soup,cnd,red na,prep w/ h2o or ready-to serve",0.77,0.01,17,0,0,20
"sweet potato,ckd,candied,home-prepared",0.79,0.01,26,0.1,9,6
"pasta w/ tomato sau,no meat,cnd",0.91,0.01,13,0,0,50
"frostings,choc,creamy,dry mix,prep w/ margarine",0.93,0.01,12,,0,2
"bread stuffing,cornbread,dry mix,prep",0.94,0.01,26,0,0.8,159
"cookies,choc chip,commly prep,reg,higher fat,unenr",1,0.01,25,,0,9
"snacks, granola bar, general mills, nature valley, with yogurt coating",1.03,0.01,286,0,0,205
"snack,gran bar,general mills, nature valley, w yogu coati",1.03,0.01,286,0,0,205
"bread stuffing, bread, dry mix, prepared",1.09,0.01,32,,0,54
ice crm cookie sndwch,1.1,0.01,73,0,0,5
"pie, apple, commercially prepared, unenriched flour",1.21,0.01,11,0,3.2,4
"pie,appl,commly prep,unenr flr",1.21,0.01,11,,3.2,4
"candies,pnut brittle,prepared-from-recipe",1.22,0.01,27,0,0,46
"mcdonald's,hotcakes (with 2 pats margarine & syrup)",1.28,0.01,57,,0,65
"cookies,fortune",1.44,0.01,12,0,0,105
"popcorn,caramel-coated,wo/pnuts",1.74,0.01,43,0,0,5
"beans,chili,barbecue,ranch style,ckd",1.86,0.01,31,0,1.7,26
"cookies, oatmeal sandwich, with creme filling",1.88,0.01,0,0,0,56
"cookies,oatmeal sndwch,w/ creme filling",1.88,0.01,0,0,0,56
"cake,fruitcake,commly prep",2.07,0.01,33,0,0.5,32
"bread,boston brown,canned",2.1,0.01,70,0,0,14
"cookie,w/ pnut butter filling,chocolate-coated",2.1,0.01,35,0,0,74
"cookies,vanilla sndwch w/ creme filling,red fat",2.25,0.01,42,0,0,148
"cookies,shortbread,commly prep,pecan",2.43,0.01,30,,0,102
"cookies,pnut butter sndwch,spl dietary",2.55,0.01,43,0,0,69
"pasta mix, classic beef, unprepared",2.71,0.01,21,,2.6,197
"pasta mix,classic bf,unprep",2.71,0.01,21,0,2.6,197
"crackers, standard snack-type, sandwich, with peanut butter filling",2.77,0.01,81,0,0,122
"crackers,std snack-type,sndwch,w/pnut butter filling",2.77,0.01,81,0,0,122
"cookies,oatmeal,commly prep,soft-type",2.79,0.01,90,0,0.2,52
"snacks, granola bars, hard, chocolate chip",3.05,0.01,77,,0.1,13
"granola bars,hard,choc chip",3.05,0.01,77,,0.1,13
"puddings,choc flavor,lo cal,inst,dry mix",3.11,0.01,126,0,0,6
"leavening agents, yeast, baker's, compressed",3.25,0.01,19,,0.1,785
"leavening agents,yeast,baker's,compressed",3.25,0.01,19,0,0.1,785
"bread stuffing,cornbread,dry mix",3.25,0.01,78,0,3.5,269
"rolls,hamburger or hotdog,mixed-grain",3.95,0.01,95,0,0,171
"muffins,oat bran",4.2,0.01,63,0,0,139
"toaster pastries,fruit,frstd",4.35,0.01,12,0,0,115
"ice crm sndwch,vanilla,lt,no sugar added",0,0.02,86,0,0,19
"puddings,vanilla,dry mix,inst",0.01,0.02,12,0,0,0
"alcoholic beverage, beer, regular, all",0.02,0.02,4,,0,6
"alcoholic bev,beer,reg,all",0.02,0.02,4,0,0,6
"alcoholic beverages,beer,higher alcohol",0.03,0.02,8,0,0,18
"alcoholic bev,beer,lt,higher alcohol",0.03,0.02,4,0,0,6
"alcoholic bev,beer,lt",0.03,0.02,4,0,0,6
"malt bev,incl non-alcoholic beer",0.06,0.02,7,0,0.5,14
"soup,chick broth,rts",0.07,0.02,4,0,0,0
"ice crm sndwch,made w/ lt ice crm,vanilla",0.09,0.02,30,0,0,19
"soup,chick veg w/potato&chs,chunky,rts",0.16,0.02,15,0,4,9
"soup,crm of potato,cnd,prep w/ eq volume h2o",0.2,0.02,8,0,0,1
"soup,chick noodle,dry,mix,prep w/ h2o",0.2,0.02,2,0,0,11
"soup,crm of mushroom,lo na,rts,cnd",0.21,0.02,19,0,0.4,9
"sauce,tartar,rts",0.25,0.02,26,0,2.3,5
"sauce, tartar, ready-to-serve",0.25,0.02,26,,2.3,5
"soup,crm of onion,cnd,prep w/ eq volume h2o",0.26,0.02,14,,0.5,3
"babyfood,veg,corn,crmd,jr",0.27,0.02,4,0,2.2,20
"babyfood,veg,corn,crmd,str",0.28,0.02,20,0,2.1,17
"babyfood,dinner,turkey&rice,str",0.29,0.02,18,0,0.2,4
"soup, broccoli cheese, canned, condensed, commercial",0.3,0.02,41,,2,40
"soup,broccoli chs,cnd,cond,comm",0.3,0.02,41,0,2,40
"babyfood,appls w/ham,str",0.3,0.02,4,0.1,0.1,2
"soup, cream of asparagus, canned, prepared with equal volume water",0.33,0.02,12,,1.1,9
"babyfood,dinner,veg&chick,jr",0.33,0.02,27,0,0.2,3
"soup,crm of asparagus,cnd,prep w/ eq volume h2o",0.33,0.02,12,,1.1,9
"dressing, honey mustard, fat-free",0.36,0.02,24,,2.1,9
"dressing,honey mustard,fat-free",0.36,0.02,24,0,2.1,9
"soup,chick mushroom,cnd,prep w/ eq volume h2o",0.36,0.02,12,,0,0
"babyfood,dinner,veg&turkey,str",0.37,0.02,27,0,0.7,10
"babyfood,dinner,appls&chick,str",0.38,0.02,18,0,0.2,1
"soup,chunky veg,red na,cnd,rts",0.4,0.02,25,0,0.7,10
"babyfood,dinner,turkey & rice,jr",0.41,0.02,24,0,0.3,8
"soup,crm of mushroom,cnd,cond,red na",0.48,0.02,13,0,0,11
"muffins,blueberry,toaster-type",0.51,0.02,13,0,0,103
"babyfood,dinner,chick noodle,str",0.64,0.02,27,0.1,0.1,13
"soup,chick noodle,lo na,cnd,prep w/ eq volume h2o",0.66,0.02,6,0,0,12
"soup,chick gumbo,cnd,cond",0.71,0.02,19,,4,5
"sauce,pizza,cnd,rts",0.9,0.02,54,,11.3,10
"frostings,choc,creamy,dry mix,prep w/ butter",0.93,0.02,12,0.2,0,3
"bread stuffing,bread,dry mix,prep",0.95,0.02,30,0,0,50
"cookies,choc chip sndwch,w/ creme filling",1.06,0.02,0,0,0,88
"cookies,sugar,refr dough",1.85,0.02,8,,0,63
"snacks,shrimp cracker",1.91,0.02,20,0,0,23
"candies,hersheys,payday bar",1.92,0.02,94,0,0,51
"beans,liq from stwd kidney bns",1.96,0.02,13,0,0,33
"beans, liquid from stewed kidney beans",1.96,0.02,13,0,0,33
"cookies,brownies,commly prep,red fat,w/ added fiber",1.99,0.02,0,0,0,66
"pie crust,cookie-type,prep fr recipe,graham cracker,chilled",2.12,0.02,20,,0,53
"jellyfish,dried,salted",2.27,0.02,2,0,0,1
"coffeecake,fruit",2.43,0.02,45,0,0.8,67
"rice & vermicelli mix,rice pilaf flavor,unprep",2.44,0.02,83,0,4.1,347
"sweet rolls,cinn,refr dough w/frstng",2.44,0.02,31,,0.2,79
"bread,cracked-wheat",2.81,0.02,43,0,0,76
"muffins,wheat bran,toaster-type w/raisins,tstd",2.83,0.02,39,0,0,46
"bread,oatmeal,toasted",2.94,0.02,72,0,0.3,75
"cookie,choc,w/ icing or coating",3,0.02,15,0,0,92
"cereals rte,mom's best,honey nut toasty o's",3.02,0.02,380,0,0,30
"bread,white,prep from recipe,made w/nonfat dry milk",3.18,0.02,32,,0,126
"bread,white,commly prep,tstd,lo na no salt",3.33,0.02,119,,0,143
"bread,white,commly prep,tstd",3.33,0.02,119,0,0,160
"bread, white, commercially prepared, toasted, low sodium no salt",3.33,0.02,119,,0,143
wonton wrappers (incl egg roll wrappers),3.36,0.02,47,,0,134
wonton wrappers (includes egg roll wrappers),3.36,0.02,47,,0,134
"bread stuffing,bread,dry mix",3.81,0.02,97,0,0,225
"nabisco,nabisco oreo crunchies,cookie crumb topping",4.9,0.02,24,,,30
"cookies,choc sndwch,w/ex creme filling",7.8,0.02,16,0,0,69
"egg,white,raw,frz,past",0.04,0.03,8,0,0,10
"beverages,clam & tomato juc,cnd",0.15,0.03,8,,5,8
"salad drsng,caesar,lo cal",0.18,0.03,24,0,0,2
"kfc,coleslaw",0.21,0.03,28,,14.6,
"cake,angelfood,dry mix,prep",0.23,0.03,84,0,0,29
"babyfood,dinner,veg&ham,jr",0.24,0.03,14,0,1.1,8
"soup,egg drop,chinese restaurant",0.26,0.03,7,0.2,6.5,7
"babyfood,dinner,macaroni&chs,jr",0.3,0.03,51,0,1.3,18
"pie crust, standard-type, frozen, ready-to-bake, unenriched",0.38,0.03,18,,0,10
"pie crust,standard-type,frz,rtb,unenr",0.38,0.03,18,,0,10
"babyfood,dinner,spaghetti&tomato&meat,jr",0.53,0.03,15,0,0.2,44
"split pea w/ ham soup,cnd,red na,prep w/ h2o or rts",0.7,0.03,16,0,1,29
"ravioli,cheese-filled,cnd",0.74,0.03,33,0,0,26
"soup,bean w/ frankfurters,cnd,prep w/ eq volume h2o",0.94,0.03,35,0,0.4,12
"candies,fudge,choc marshmllw,prepared-from-recipe",0.96,0.03,45,,0.2,5
"soup,bean&ham,cnd,red na,prep w/h2o or rts",1.02,0.03,38,0,1.1,29
"salad drsng,caesar drsng,reg",1.08,0.03,48,0.1,0.3,2
"candies,fudge,choc marshmllw,w/ nuts,prepared-by-recipe",1.11,0.03,49,0,0.3,11
"candies, fudge, chocolate marshmallow, with nuts, prepared-by-recipe",1.11,0.03,49,0,0.3,11
"soup,bean w/ ham,cnd,chunky,rts",1.33,0.03,32,0,1.8,12
"muffins,corn,toaster-type",1.47,0.03,19,0,0,89
"snacks,granola bar,quaker,chewy,90 cal bar",1.5,0.03,333,0,0.5,17
"soup,bean w/ pork,cnd,cond",1.53,0.03,60,0,1.2,24
"cookies,raisin,soft-type",2.29,0.03,46,0,0.4,48
"fast foods,biscuit,w/ham",2.41,0.03,142,0.3,0.1,53
"cookie, butter or sugar, with chocolate icing or filling",2.44,0.03,19,,0,94
"cookie,butter or sugar,w/ choc icing or filling",2.44,0.03,19,0,0,94
"bread,oatmeal",2.7,0.03,66,0,0,87
"bread,white,commly prep,lo na,no salt",3.03,0.03,108,0,0,171
"crackers,chs,red fat",4.8,0.03,67,0,0,349
"cookies, chocolate chip, commercially prepared, regular, higher fat, enriched",5.58,0.03,21,,0,92
"cookies,choc chip,commly prep,reg,higher fat,enr",5.58,0.03,21,0,0,92
"cereals,quaker,inst oatmeal,fruit & crm var,dry",11.3,0.03,307,0,0.3,411
"cereals,quaker,inst oatmeal,fruit & crm,red sugar",12.13,0.03,246,0,0.1,170
"salad drsng,mayonnaise-type,lt",0.12,0.04,5,0,0,6
"salad drsng,mayo type,reg,w/salt",0.12,0.04,5,0,0,6
"soup,crm of chick,cnd,prep w/ eq volume h2o",0.25,0.04,14,,0.1,1
"salad drsng,caesar,fat-free",0.29,0.04,33,0,0.1,2
"salad dressing, caesar, fat-free",0.29,0.04,33,,0.1,2
"soup,crm of potato,cnd,cond",0.34,0.04,17,0,0.2,2
"soup,crm of celery,cnd,cond",0.5,0.04,32,0,0.2,2
"mushrooms,white,raw",0.5,0.04,3,0.2,2.1,17
"soup,crm of onion,cnd,cond",0.5,0.04,27,0,1,6
"cake,pudding-type,white,unenr,dry mix",0.52,0.04,77,,0,9
"soup,crm of asparagus,cnd,cond",0.64,0.04,23,0,2.2,19
"candies, nestle, butterfinger bar",0.79,0.04,36,,0,28
"candies,nestle,butterfinger bar",0.79,0.04,36,0,0,28
"english muffins,pln,unenr,w/ca prop (incl sourdough)",0.89,0.04,174,,0,37
"english muffins,pln,unenr,wo/ca prop (incl sourdough)",0.89,0.04,52,,0.1,37
"candies,mars snackfood us,milky way midnight bar",1.2,0.04,53,0,0.2,7
"cake,pudding-type,white,enr,dry mix",1.36,0.04,77,0,0,135
"pork,frsh,var meats&by-products,ears,frz,ckd,simmrd",1.5,0.04,18,,0,0
"cookies,marshmllw,w/ rice crl & choc chips",1.64,0.04,0,0.9,0,59
"cookies,pnut butter,refr dough",1.7,0.04,101,0,0,89
"cake,pudding-type,carrot,dry mix",1.8,0.04,172,,1.2,104
"cookies,pnut butter,commly prep,reg",2.11,0.04,41,0,0,78
"cookies,oatmeal,refr dough",2.14,0.04,31,0,0,53
"cookies,oatmeal,refr dough,bkd",2.38,0.04,35,0,0.1,41
"english muffins,pln,enr,wo/ca prop (incl sourdough)",2.5,0.04,52,,0,100
"bread,reduced-calorie,rye",3.1,0.04,76,0,0.4,83
"cookie,vanilla w/ caramel,cocnt,& choc coating",3.2,0.04,40,0,0.2,42
"english muffin, pln,enched.w/ca prop (incld sourdough)",4,0.04,163,0,1.8,132
"candies,halavah,plain",4.53,0.04,33,,0.1,65
"cookies,choc sndwch,w/creme filling,spl dietary",4.72,0.04,98,0,0,98
"yogurt,frz,flavors other than choc,lowfat",0,0.05,200,0,0,3
"milk,human,mature,fluid",0.03,0.05,32,0.1,5,5
"frostings,glaze,prepared-from-recipe",0.03,0.05,17,,0,1
"beverages,cocoa mix,pdr,prep w/ h2o",0.17,0.05,21,,0,1
"soup,crm of chick,cnd,cond,red na",0.2,0.05,11,0,0,4
"mcdonald's,newman's own cobb drsng",0.2,0.05,50,0,0.5,0
ice crm sndwch,0.26,0.05,86,0,0,53
"cake,angelfood,dry mix",0.27,0.05,153,0,0,60
"salad drsng,honey mustard,reg",0.29,0.05,12,0.1,0.2,5
"mushrooms,portabella,raw",0.31,0.05,3,0.3,0,28
"mushrooms,portabella,exposed to uv lt,raw",0.31,0.05,3,28.4,0,28
"puddings,all flavors xcpt choc,lo cal,inst,dry mix",0.38,0.05,143,0,0,1
"babyfood,dinner,swt potatoes&chick,str",0.45,0.05,30,0.1,0,6
"candies, nestle, butterfinger crisp",0.6,0.05,33,0,0.1,25
"soup,chick mushroom,cnd,cond",0.7,0.05,23,0,0,2
"babyfood,ravioli,chs filled,w/tomato sau",0.8,0.05,54,0,0.1,36
"cake,pudding-type,yel,dry mix",1.57,0.05,115,0,0,171
"doughnuts, french crullers, glazed",2.42,0.05,26,0,0,66
"doughnuts,french crullers,glazed",2.42,0.05,26,0,0,66
"biscuit, pln or butmlk, refri dough, higher fat",2.48,0.05,51,,0.1,89
"bread,cinn",2.54,0.05,71,0,0,81
"sweet rolls,cinn,refr dough w/frstng,bkd",2.65,0.05,34,,0.2,89
"bread, irish soda, prepared from recipe",2.69,0.05,81,,0.8,73
"bread,irish soda,prep from recipe",2.69,0.05,81,,0.8,73
"cookies, animal crackers (includes arrowroot, tea biscuits)",2.75,0.05,43,,0,165
"cookies,animal crackers (incl arrowroot,tea biscuits,)",2.75,0.05,43,0,0,165
"rice and vermicelli mix, beef flavor, unprepared",2.82,0.05,32,0,1.9,292
"rice & vermicelli mix,bf flavor,unprep",2.82,0.05,32,0,1.9,292
"cookies, chocolate sandwich, with creme filling, regular, chocolate-coated",3.13,0.05,35,0,0,26
"cookies,choc sndwch,w/creme filling,reg,chocolate-coated",3.13,0.05,35,0,0,26
"snacks,tortilla chips,nacho-flavor,made w/enr masa flr",3.7,0.05,147,,1.8,130
"english,muffin,pln,tstd,enr,w/ca prop(incl sourdough)",4.65,0.05,197,0,1.7,180
"mayonnaise,lo na,lo cal or diet",0,0.06,0,0,0,0
"margarine-like sprd w/ yogurt,70% fat,stk,w/ salt",0.01,0.06,20,0,0.1,1
"veg oil sprd,37% fat,unspec oils,w/ salt,w/ added vitamin d",0.02,0.06,6,10.7,0.1,1
"margarine-like, vegetable oil spread, unspecified oils, approximately 37% fat, with salt",0.02,0.06,6,0,0.1,1
"veg oil sprd,unspec oils,approx 37% fat,w/ salt",0.02,0.06,6,0,0.1,1
"pudding,lemon,dry mix,reg,prep w/ sugar,egg yolk & h2o",0.13,0.06,8,,0,4
"pudding, lemon, dry mix, regular, prepared with sugar, egg yolk and water",0.13,0.06,8,,0,4
"babyfood,dssrt,fruit pudd,pnappl,str",0.18,0.06,31,0,27.2,5
"soup, tomato, dry, mix, prepared with water",0.18,0.06,29,,2,11
"soup,tomato,dry,mix,prep w/ h2o",0.18,0.06,29,0,2,11
"candies,nestle,bit-o'-honey candy chews",0.2,0.06,35,0,0.8,2
"soup,chick broth,less/reduced na,ready to serve",0.26,0.06,8,0,0.4,3
"babyfood,dinner,veg&bacon,str",0.3,0.06,14,0,0.3,3
"babyfood, dinner, vegetables and bacon, strained",0.3,0.06,14,0,0.3,3
"beverages,chocolate-flavored drk,whey & milk bsd",0.33,0.06,100,1.3,2,1
"chocolate-flavored drink, whey and milk based",0.33,0.06,100,,2,1
"soup,chick noodle,cnd,prep w/ eq volume h2o",0.33,0.06,5,0,0,10
"soup,turkey noodle,cnd,prep w/ eq volume h2o",0.39,0.06,5,,0.1,13
"babyfood,dinner,veg&ham,str",0.41,0.06,16,0.1,1.6,3
"babyfood,crl,w/egg yolks,jr",0.51,0.06,24,,0.7,3
"cake,angelfood,commly prep",0.52,0.06,140,,0,57
"babyfood,macaroni&chs,todd",0.6,0.06,102,0,0,40
"babyfood,veg,spinach,crmd,str",0.62,0.06,89,0,8.7,61
"candies,nestle,baby ruth bar",0.63,0.06,47,0,0,12
"candies, nestle, baby ruth bar",0.63,0.06,47,,0,12
"cake,white,prep from recipe w/cocnt frstng",1.16,0.06,90,0.2,0.1,51
"snacks, granola bar, quaker, dipps, all flavors",1.16,0.06,65,0.1,0.3,12
"spaghetti w/ meat sau,frz entree",1.25,0.06,18,0,5.4,72
"spaghetti with meat sauce, frozen entree",1.25,0.06,18,,5.4,72
"syrups,choc,fudge-type",1.3,0.06,49,0,0.2,4
"fast foods, potato, baked and topped with cheese sauce and chili",1.55,0.06,104,0,8,12
"snacks,tortilla chips,lt (baked w/ less oil)",1.63,0.06,159,0,0.2,16
"soup, bean with frankfurters, canned, condensed",1.78,0.06,66,0,0.7,24
"soup,bean w/ frankfurters,cnd,cond",1.78,0.06,66,0,0.7,24
"cookies,pnut butter,refr dough,bkd",1.87,0.06,111,0,0,69
"doughnuts,cake-type,pln (includes unsugared,old-fashioned)",2.53,0.06,40,0,0,145
"doughnuts, cake-type, plain (includes unsugared, old-fashioned)",2.53,0.06,40,0,0,145
"cereals rte,quaker,lofat 100% nat granola w/ raisins",2.58,0.06,65,0,0.4,29
"cake,gingerbread,prep from recipe",2.88,0.06,71,,0.1,51
"crackers,chs,whl grain",3.46,0.06,128,0.1,0,146
"cake, snack cakes, creme-filled, chocolate with frosting",3.6,0.06,116,,1.9,35
"cake,snack cakes,creme-filled,choc w/ frstng",3.6,0.06,116,0,1.9,35
"margarine-like,veg oil sprd,60% fat,stk,w/ salt",0,0.07,21,0,0.1,1
"veg oil sprd,60% fat,stk,w/ salt,w/ added vitamin d",0,0.07,21,10.7,0.1,1
"campbell's,healthy request,chick w/ rice,cond",0,0.07,0,0,1,3
"margarine-like vegetable-oil spread, stick/tub/bottle, 60% fat, with added vitamin d",0,0.07,21,0,0.1,1
"margarine-like, vegetable oil spread, 60% fat, stick, with salt",0,0.07,21,0,0.1,1
"veg-oil sprd,stick/tub/bottle,60% fat,w/ added vitamin d",0,0.07,21,10.7,0.1,1
"margarine-like,veg oil sprd,60% fat,stick/tub/bottle,w/ salt",0,0.07,21,0,0.1,1
"butter,whipped,w/ salt",0.05,0.07,23,0,0,4
"milk,goat,fluid,w/ added vitamin d",0.05,0.07,134,1.3,1.3,1
"salad drsng,italian drsng,red cal",0.13,0.07,6,0,0.4,3
"creamy dressing, made with sour cream and/or buttermilk and oil, reduced calorie",0.13,0.07,6,,0.4,6
"creamy drsng,made w/sour crm and/or bttrmlk&oil,red cal",0.13,0.07,6,0,0.4,6
"soup,bf broth or bouillon cnd,rts",0.17,0.07,6,0,0,2
"soup, chicken with dumplings, canned, prepared with equal volume water",0.26,0.07,6,,0,1
"potatoes,mshd,home-prepared,whl milk & margarine added",0.26,0.07,21,0.2,10.5,9
"potatoes,mshd,home-prepared,whl milk & butter added",0.26,0.07,24,0.2,6,8
"potatoes,mshd,home-prepared,whl milk added",0.27,0.07,24,0.2,6.2,8
chicken breast  fat-free  mesq flavor  sliced,0.3,0.07,4,,0,1
"fast foods,potato,mashed",0.31,0.07,18,0,0,9
"soup,chick w/ rice,cnd,prep w/ eq volume h2o",0.31,0.07,9,0,0.1,0
"soup,turkey veg,cnd,prep w/ eq volume h2o",0.32,0.07,7,,0,2
"babyfood,dinner,potatoes w/chs&ham,todd",0.4,0.07,53,0,0.1,6
"candies,fudge,vanilla w/ nuts",0.41,0.07,47,0,0.1,12
"candies, fudge, vanilla with nuts",0.41,0.07,47,0,0.1,12
"frozen yogurts,flavors other than choc",0.46,0.07,100,0.1,0.7,4
"frozen yogurts,choc",0.46,0.07,100,0.1,0,12
"frozen yogurts, flavors other than chocolate",0.46,0.07,100,,0.7,4
"babyfood,crl,w/egg yolks,str",0.47,0.07,24,,0.7,3
"ice crm,lowfat,no sugar added,cone,added pnuts & choc sau",0.48,0.07,133,0.2,0,17
potato salad with egg,0.5,0.07,15,0,0.8,13
potato salad w/ egg,0.5,0.07,15,0.1,0.8,13
"restaurant,chinese,chick & veg",0.56,0.07,20,0,8.1,40
"restaurant,chinese,chick chow mein",0.67,0.07,21,,2,
"chicken, broilers or fryers, separable fat, raw",0.7,0.07,7,,0,1
"chicken,broilers or fryers,fat,raw",0.7,0.07,7,3.3,0,1
"fast foods,nachos,w/chs",0.75,0.07,63,0,1.1,10
"fast foods, nachos, with cheese",0.75,0.07,63,,1.1,10
"taco bell,nachos",0.75,0.07,63,,,10
"snacks, granola bites, mixed flavors",1.56,0.07,41,,0.2,38
"snacks,granola bites,mxd flavors",1.56,0.07,41,0,0.2,38
"frozen novelties,no sugar added,fudgsicle pops",1.58,0.07,231,0,0,6
"granola bar,w/cocnt,choc coatd",1.75,0.07,42,0,0.5,9
"snacks, granola bar, with coconut, chocolate coated",1.75,0.07,42,0,0.5,9
"cookies,sugar,refr dough,bkd",1.84,0.07,90,0,0,113
"candies,fudge,choc,w/ nuts,prepared-from-recipe",1.97,0.07,57,0,0.2,16
"leavening agents,yeast,baker's,active dry",2.17,0.07,30,0,0.3,2340
"cookies,brownies,commly prep",2.25,0.07,29,0,0,72
"pork,frsh,var meats&by-products,ears,frz,raw",2.4,0.07,21,,0,0
"cookies,choc,made w/ rice crl",2.49,0.07,32,0,0,37
"cookies,choc chip,refr dough,bkd",2.5,0.07,28,,0,70
"cake,shortcake,biscuit-type,prep from recipe",2.54,0.07,205,,0.2,83
"nabisco,nabisco snackwell's fat free devil's fd cookie cakes",2.78,0.07,30,,0.1,19
"babyfood,cookies,arrowroot",3,0.07,32,0,5.5,53
"bread, wheat germ",3.45,0.07,89,0,0.2,162
"babyfood, teething biscuits",3.55,0.07,263,,9.1,69
"babyfood,teething biscuits",3.55,0.07,263,0.5,9.1,69
"bread,wheat germ,toasted",3.88,0.07,100,0,0.3,160
"margarine,reg,80% fat,comp,tub,wo/ salt",0,0.08,3,0,0.1,1
"topping,smucker's magic shell",0,0.08,0,0,0,6
"margarine, regular, 80% fat, composite, tub, with salt, with added vitamin d",0,0.08,3,,0.1,1
"margarine,reg,80% fat,comp,tub,w/ salt,w/ added vitamin d",0,0.08,3,10.7,0.1,1
"margarine,reg,80% fat,comp,tub,w/ salt",0,0.08,3,0,0.1,1
"candies, fudge, vanilla, prepared-from-recipe",0.02,0.08,38,,0,1
"candies,fudge,vanilla,prepared-from-recipe",0.02,0.08,38,0,0,1
"alcoholic bev,liqueur,coffee w/ crm,34 proof",0.13,0.08,16,0,0.2,2
"kiwifruit,zespri sungold,raw",0.21,0.08,17,0,161.3,31
"restaurant,latino,arroz con leche (rice pudding)",0.23,0.08,90,0,,
"babyfood,dinner,veg,noodles&chick,str",0.35,0.08,28,,0.7,3
"soup,chunky chick noodle,cnd,rts",0.35,0.08,11,0,0.4,11
"soup,bf mushroom,cnd,prep w/ eq volume h2o",0.36,0.08,2,,1.9,4
"soup,bf noodle,cnd,prep w/ eq volume h2o",0.44,0.08,8,0,0.2,12
"soup,tomato bf w/ noodle,cnd,prep w/ eq volume h2o",0.45,0.08,9,0,0,11
"soup, tomato beef with noodle, canned, prepared with equal volume water",0.45,0.08,9,,0,11
"soup, crab, canned, ready-to-serve",0.5,0.08,27,,0,6
"babyfood,crl,w/eggs,str",0.54,0.08,27,,0.8,9
"popovers,dry mix,unenr",0.82,0.08,32,,0.1,25
"restaurant,mexican,spanish rice",1.15,0.08,20,0,0.1,82
"pie,fried pies,cherry",1.22,0.08,22,,1.3,29
"pie,fried pies,lemon",1.22,0.08,22,,0,29
"pie, fried pies, fruit",1.22,0.08,22,0,1.3,29
"pie,fried pies,fruit",1.22,0.08,22,0,1.3,29
"dumpling,potato- or cheese-filled,frz",1.26,0.08,35,0,5.3,100
"cookies,oatmeal,red fat",1.45,0.08,0,0,0,76
"cake,pnappl upside-down,prep from recipe",1.48,0.08,120,,1.2,39
"cake,white,prep from recipe wo/frstng",1.52,0.08,130,,0.2,60
"restaurant,mexican,refried bns",1.62,0.08,57,0,0,29
"subway,oven rstd chick sub on white brd w/ lettuce & tomato",1.72,0.08,154,,1.2,68
"fast foods,submarine sndwch,oven rstd chck wht brd lttc  tmt",1.72,0.08,154,0,1.2,103
"cookies,choc chip,refr dough",2,0.08,14,,0,91
"cookies,choc chip,prep from recipe,made w/margarine",2.46,0.08,39,,0.3,47
"cookies,fudge,cake-type (incl trolley cakes)",2.48,0.08,34,,0.1,67
"cookies, fudge, cake-type (includes trolley cakes)",2.48,0.08,34,,0.1,67
"cookies,choc chip,prep from recipe,made w/butter",2.48,0.08,38,,0.2,47
miso,2.49,0.08,57,0,0,19
"burrito, bean and cheese, frozen",2.51,0.08,52,0,0.3,138
"cookies, oatmeal, prepared from recipe, with raisins",2.65,0.08,100,0,0.5,43
"cookies,oatmeal,prep from recipe,w/raisins",2.65,0.08,100,0,0.5,43
tempeh,2.7,0.08,111,0,0,24
"biscuits,pln or bttrmlk,prep from recipe",2.9,0.08,235,,0.2,95
"popovers,dry mix,enriched",2.97,0.08,32,,0.1,229
"bread,white,prep from recipe,made w/lofat (2%) milk",2.97,0.08,57,,0.2,125
"garlic bread,frz",3.05,0.08,27,0.2,0.2,221
"crackers,milk",3.58,0.08,172,0,0.2,139
"snacks,granola bars,quaker oatmeal to go,all flavors",6,0.08,333,0.1,0.9,113
"ice crm bar,stk or nugget,w/ crunch coating",0,0.09,63,0.1,0,3
"margarine-like,veg oil-butter sprd,tub,w/ salt",0.04,0.09,24,0,0.1,1
"egg,white,raw,fresh",0.08,0.09,7,0,0,4
"gravy,heinz home style,savory bf",0.13,0.09,6,,0,4
"pork,bacon,rendered fat,ckd",0.13,0.09,1,,0,0
"soup,wonton,chinese restaurant",0.21,0.09,5,0,0.7,18
"sauce,horseradish",0.23,0.09,12,0.2,0.2,1
"salad drsng,poppyseed,creamy",0.25,0.09,59,0.1,0.3,3
"salad dressing, poppyseed, creamy",0.25,0.09,59,,0.3,3
"salad drsng,bacon&tomato",0.27,0.09,4,0,8.8,0
"mcdonald's, newman's own creamy caesar dressing",0.28,0.09,104,,0,0
"mcdonald's,newman's own creamy caesar drsng",0.28,0.09,104,,0,4
chicken breast  oven-roasted  fat-free  sliced,0.32,0.09,6,,0,1
"babyfood,dinner,bf w/veg",0.33,0.09,19,0,0,11
"babyfood,dinner,veg&dumplings&bf,str",0.39,0.09,14,,0.8,7
"beverages,cocoa mix,w/ asprt,pdr,prep w/ h2o",0.39,0.09,48,,0,1
"babyfood,crl,egg yolks&bacon,jr",0.47,0.09,28,,0.9,4
"babyfood,dinner,veg&dumplings&bf,jr",0.47,0.09,14,,0.8,7
"babyfood,dinner,veg,noodles&chick,jr",0.49,0.09,26,,0.8,3
"bread,cornbread,dry mix,unenr (incl corn muffin mix)",0.59,0.09,57,0,0.1,11
"noodles,egg,unenr,ckd,wo/ added salt",0.6,0.09,12,0.1,0,7
"doughnuts,yeast-leavened,glazed,unenr (incl honey buns)",0.6,0.09,43,0,0.1,22
"noodles,egg,ckd,unenr,w/ salt",0.6,0.09,12,,0,7
"frosting,glaz,chc,prep-frm-rcip,w/ butr,nfsmi recip no. c-32",0.6,0.09,32,,0.1,2
"turkey breast,lo salt,prepackaged or deli,luncheon meat",0.63,0.09,8,0.1,5.7,4
"danish pastry,raspberry,unenr",0.75,0.09,46,0,3.9,16
"danish pastry,lemon,unenr",0.75,0.09,46,,3.9,16
"t.g.i. friday's,chick fingers,from kids' menu",0.79,0.09,27,,,
"pie,cocnt custard,commly prep",0.8,0.09,81,,0.6,19
"macaroni & chs,cnd,microwavable",0.91,0.09,57,,0,
"on the border, mexican rice",1.18,0.09,39,0,0.3,0
"on the border,mexican rice",1.18,0.09,39,0,0.3,52
"pie,pumpkin,prep from recipe",1.27,0.09,94,,1.7,28
"puddings,choc,rte",1.27,0.09,51,0,0.3,3
"noodles,egg,ckd,enr,w/ salt",1.47,0.09,12,,0,138
"noodles,egg,enr,ckd",1.47,0.09,12,0.1,0,138
"pie crust,cookie-type,prep from recipe,vanilla wafer,chilled",1.63,0.09,42,0.5,0.1,79
"candies,fudge,choc,prepared-from-recipe",1.77,0.09,49,0,0,4
"danish pastry,fruit,enr",1.77,0.09,46,0,3.9,68
"candies, fudge, chocolate, prepared-from-recipe",1.77,0.09,49,,0,4
"snacks,granola bar,chewy,red sugar,all flavors",2.03,0.09,417,0,0.1,17
"restaurant,chinese,swt & sour chick",2.12,0.09,45,0.2,2.4,15
"cookies,pnut butter,prep from recipe",2.23,0.09,39,0,0.1,81
"cookies,sugar,prep from recipe,made w/margarine",2.33,0.09,73,0.5,0.1,98
"bread, cornbread, dry mix, enriched (includes corn muffin mix)",2.5,0.09,57,0,0.1,150
"bread,cornbread,dry mix,enr (incl corn muffin mix)",2.5,0.09,57,0,0.1,150
"cookies,oatmeal,prep from recipe,wo/raisins",2.7,0.09,105,0,0.2,48
"muffins,corn,commly prep",2.81,0.09,74,0,0,82
"cookies,fig bars",2.9,0.09,64,0,0.3,53
"cookies,chocolate wafers",4.01,0.09,31,0,0,75
"crackers,saltines,lo salt (incl oyster,soda,soup)",5.13,0.09,119,0,0,221
"crackers,saltines (incl oyster,soda,soup)",5.57,0.09,19,0,0,216
"margarine,reg,hard,soybn (hydr)",0,0.1,30,,0.2,1
"margarine, regular, 80% fat, composite, stick, without salt, with added vitamin d",0.06,0.1,3,,0.2,1
"margarine,reg,80% fat,comp,stk,w/ salt",0.06,0.1,3,0,0.2,1
"margarine, regular, 80% fat, composite, stick, without salt",0.06,0.1,3,,0.2,1
"margarine,reg,80% fat,comp,stk,wo/ salt",0.06,0.1,3,0,0.2,1
"margarine,reg,80% fat,comp,stk,wo/ salt,w/ added vitamin d",0.06,0.1,3,10.7,0.2,1
"margarine,reg,80% fat,comp,stk,w/ salt,w/ added vitamin d",0.06,0.1,3,10.7,0.2,1
"candies,confectioner's coating,butterscotch",0.08,0.1,34,0,0.1,1
"margarine-like,butter-margarine blend,80% fat,stk,wo/ salt",0.09,0.1,28,0.3,0.1,2
"margarine-like,veg oil-butter sprd,red cal,tub,w/ salt",0.09,0.1,28,0,0.1,2
"soup,crm of chick,dry,mix,prep w/ h2o",0.1,0.1,29,0,0.2,2
"babyfood,dinner,veg&noodles&turkey,str",0.19,0.1,32,,0.8,2
"babyfood,dinner,chick&rice",0.2,0.1,18,0,1,3
"potatoes,mshd,dehyd,prep from gran w/ milk,h2o & marg added",0.2,0.1,35,0.3,6.5,8
"soup,chick broth,cnd,prep w/ eq volume h2o",0.21,0.1,4,0,0,2
"soup,chick broth,lo na,cnd",0.21,0.1,4,0,0,0
fish broth,0.21,0.1,30,0,0,4
"soup,crm of celery,cnd,prep w/ eq volume h2o",0.26,0.1,16,,0.1,1
"creamy drsng,w/sour crm and/or bttrmlk&oil,red cal,chol-free",0.26,0.1,36,0,0,4
"salad drsng,coleslaw drsng,red fat",0.26,0.1,36,0,0,0
"soup, cream of celery, canned, prepared with equal volume water",0.26,0.1,16,,0.1,1
"babyfood,turkey,rice&veg,todd",0.4,0.1,11,0,0.3,3
"mushrooms, brown, italian, or crimini, raw",0.4,0.1,18,,0,25
"mushrooms,brown,italian,or crimini,exposed to uv lt,raw",0.4,0.1,18,31.9,0,28
"mushrooms,brown,italian,or crimini,raw",0.4,0.1,18,0.1,0,25
"babyfood, dinner, beef noodle, junior",0.43,0.1,8,,1.4,17
"babyfood,dinner,bf noodle,jr",0.43,0.1,8,0,1.4,17
"cake,yel,unenr,dry mix",0.48,0.1,135,,0.2,9
"cake, yellow, dry mix, regular, unenriched",0.48,0.1,135,,0.2,9
"gravy,au jus,canned",0.6,0.1,4,,1,2
"soup,veg chick,cnd,prep w/ h2o,lo na",0.61,0.1,11,0,2.3,19
"soup,hot & sour,chinese restaurant",0.64,0.1,19,0.1,0,8
"soup, hot and sour, chinese restaurant",0.64,0.1,19,,0,8
"mcdonald's,bacon ranch salad wo/ chick",0.67,0.1,63,,13.5,53
"soup,chick,cnd,chunky,rts",0.69,0.1,10,0,0.5,2
"gravy,bf,cnd,rts",0.7,0.1,6,0,0,2
"gravy,meat or poultry,lo na,prep",0.7,0.1,6,0,0,25
"gravy,turkey,cnd,rts",0.7,0.1,4,0,0,2
"soup,chick veg,cnd,cond",0.71,0.1,14,0,0.8,4
"lasagna,chs,frz,unprep",0.76,0.1,84,0,1.5,69
"danish pastry,cinn,unenr",0.78,0.1,71,,0.2,33
"soup,pea,split w/ham,cnd,chunky,rts",0.89,0.1,14,0,2.9,2
"soup,pea,split w/ ham,cnd,prep w/ eq volume h2o",0.9,0.1,9,,0.6,1
"babyfood,meat,ham,junior",1.01,0.1,5,0.4,2.1,2
"babyfood,meat,ham,str",1.03,0.1,6,0.4,2.1,2
"kashi pizza, four cheese",1.1,0.1,183,,0,0
"pasta,homemade,made w/egg,ckd",1.16,0.1,10,,0,60
"bread,banana,prep from recipe,made w/margarine",1.4,0.1,21,0,1.7,48
"morningstar farms pizza,baja black bean,single serve,frz,unp",1.5,0.1,121,0,0,37
"loma linda tender bits,cnd,unprep",1.6,0.1,17,,0,
"on the border,refried bns",1.67,0.1,57,,0,36
"egg rolls, chicken, refrigerated, heated",1.69,0.1,47,,11.2,93
"egg rolls,chick,refr,htd",1.69,0.1,47,0,11.2,93
"morningstar farms tomato & basil pizza burger,frz,unprep",1.7,0.1,174,0,0,11
"pancakes,pln,red fat",1.71,0.1,57,0.1,0,177
"danish pastry,cinn,enr",1.96,0.1,71,0,0.1,92
"cookies, graham crackers, chocolate-coated",2,0.1,46,0,0.1,77
"cookies,graham crackers,chocolate-coated",2,0.1,46,0,0.1,77
"cake,yel,enr,dry mix",2.08,0.1,211,0,0,108
"doughnuts,cake-type,choc,sugared or glazed",2.27,0.1,213,0,0.1,64
"bread,red-cal,oatmeal",2.3,0.1,115,0,0.2,70
"crackers,std snack-type,sndwch,w/chs filling",2.39,0.1,257,0,0.1,160
"mother's,macaroon cookies",2.4,0.1,,,,58
"kellogg's,all-bran,multigrain crackers",2.5,0.1,,0,,26
"mornngstr frms brkfst sndwch ssge egg&chs eng muff,frz,unprp",2.5,0.1,220,0.25,0,8
"kellogg's,eggo,biscuit scramblers,bacon,egg & chs",2.7,0.1,124,0,,75
"kellogg's,eggo,biscuit scramblers,egg & chs",2.7,0.1,133,0,,75
"rolls,hamburger or hotdog,red-cal",2.99,0.1,59,0,0.2,171
"bread,egg",3.04,0.1,93,0.4,0,130
"kashi,tlc,original 7-grain crackers",3.8,0.1,136,0,,41
"kellogg's, special k, savory herb crackers",3.9,0.1,0,,0,0
"kellogg's,spl k,savory herb crackers",3.9,0.1,,0,,30
"doughnuts,cake-type,pln,chocolate-coated or frstd",4,0.1,24,0,1.3,90
"babyfd,snk,ge,grad,lil crunch,bkd,whlgrn,corn snk",6.4,0.1,285,0.1,0,19
"margarine-like,veg oil sprd,fat free,liq,w/ salt",0.03,0.11,38,0,0.3,2
"candies,toffee,prepared-from-recipe",0.03,0.11,34,,0.2,2
"candies, toffee, prepared-from-recipe",0.03,0.11,34,,0.2,2
"salad drsng,blue or roquefort chs drsng,lt",0.14,0.11,68,0,0,28
"potatoes,mshd,dehyd,prep from flakes wo/ milk,whl milk & but",0.16,0.11,32,0.3,9.7,7
"soup, chicken and vegetable, canned, ready-to-serve",0.25,0.11,14,0,0,13
"soup,chick & veg,cnd,rts",0.25,0.11,14,0,0,13
"candies,reese's pieces candy",0.49,0.11,69,0,0,55
"cracker barrel, chicken tenderloin platter, fried",0.59,0.11,12,,0,0
"cracker barrel,chick tenderloin platter,fried",0.59,0.11,12,,,7
"chicken pot pie,frz entree,prep",0.76,0.11,20,0.1,1,50
"restaurant,chinese,kung pao chick",0.76,0.11,20,0,7.1,16
"restaurant,latino,tamale,pork",0.87,0.11,75,0.3,16.4,60
"popeyes,mild chick strips,analyzed 2006",0.91,0.11,12,,0,
"chicken, broilers or fryers, skin only, cooked, stewed",1.13,0.11,12,,0,2
"chicken,broilers or fryers,skn only,ckd,stwd",1.13,0.11,12,0.2,0,2
"restaurant,chinese,lemon chick",1.22,0.11,40,0.1,2.3,9
"cake,yel,lt,dry mix",1.31,0.11,155,,0,126
"subway,swt onion chick sub wht brd lttc,tmt & swt onion sau",1.52,0.11,142,,1.1,58
"fast foods,sub,swt onion chick wit brd w/ lttc,tmt swt onion",1.52,0.11,142,0,1.1,82
"doughnuts, yeast-leavened, glazed, enriched (inc honey buns)",2.38,0.11,101,0.1,1.2,155
"doughnuts, yeast-leavened, glazed, enriched (includes honey buns)",2.38,0.11,101,0,1.2,155
"fast foods, miniature cinnamon rolls",2.55,0.11,54,,0,0
"fast foods,miniature cinn rolls",2.55,0.11,54,,0,
"bread,pan dulce,swt yeast bread",2.87,0.11,86,0,1.2,155
"bread, egg, toasted",3.34,0.11,102,,0,128
"bread,egg,toasted",3.34,0.11,102,0.5,0,128
"mayonnaise, reduced fat, with olive oil",0,0.12,0,,0,0
"mayonnaise,red fat,w/ olive oil",0,0.12,0,0,0,0
"salad drsng,mayo,reg",0.21,0.12,8,0.2,0,5
"babyfood,dinner,veg&noodles&turkey,jr",0.26,0.12,32,,0.8,3
"babyfood, dinner, chicken soup, strained",0.27,0.12,37,,1,5
"babyfood,dinner,chick soup,str",0.27,0.12,37,0.1,1,5
"salad drsng,peppercorn drsng,comm,reg",0.35,0.12,22,0.1,0.6,4
"t.g.i. friday's,macaroni & chs,from kid's menu",0.53,0.12,89,,,
"macaroni & chs,frz entree",0.57,0.12,114,0,0,7
"macaroni and cheese, frozen entree",0.57,0.12,114,,0,7
"salad drsng,russian drsng,lo cal",0.6,0.12,19,0,6,3
"soup,chick noodle,cnd,cond",0.67,0.12,6,0,0,21
"soup, chicken noodle, canned, condensed",0.67,0.12,6,,0,21
"side dishes,potato salad",0.73,0.12,14,0,1.1,25
"t.g.i. friday's, chicken fingers",0.77,0.12,26,,0,0
"t.g.i. friday's,chick fingers",0.77,0.12,26,,,
"pie,cocnt creme,commly prep",0.8,0.12,29,0.2,0,8
"pie, coconut creme, commercially prepared",0.8,0.12,29,0,0,8
"snacks, m&m mars, combos snacks cheddar cheese pretzel",0.92,0.12,197,,0,8
"snacks,m&m mars,combos snacks cheddar chs pretzel",0.92,0.12,197,0.1,0,8
"pie,pecan,commly prep",0.93,0.12,22,0.1,0,43
"pie,lemon meringue,prep from recipe",1,0.12,12,,3.3,36
"soup,lentil w/ham,cnd,rts",1.07,0.12,17,,1.7,20
"pie,choc creme,commly prep",1.49,0.12,66,0.1,0,28
"pie, chocolate creme, commercially prepared",1.49,0.12,66,,0,28
"fast foods, taco with chicken, lettuce and cheese, soft",1.59,0.12,122,,0.2,80
"fast foods,taco w/ chick,lettuce & chs,soft",1.59,0.12,122,0.1,0.2,80
"taco bell, soft taco with chicken, cheese and lettuce",1.59,0.12,122,,0.2,69
"taco bell,soft taco w/ chick,chs & lettuce",1.59,0.12,122,,0.2,69
"mcdonald's,southern style chick biscuit",1.76,0.12,44,,0.7,64
"fast foods,biscuit,w/ crispy chick fillet",1.76,0.12,44,0.1,0.7,89
"subway,black forest ham sub on white brd w/ lettuce & tomato",1.78,0.12,169,,0.9,72
"fast foods,submarine sndwch,ham on wht brd w/ lttc & tmt",1.78,0.12,169,0.2,0.9,109
"fast foods,submarine sndwch,trky brst wht brd lttc & tmt",1.84,0.12,169,0,1.2,102
"subway,turkey breast sub on white bread w/ lettuce & tomato",1.84,0.12,169,,1.2,66
"cheese,goat,hard type",1.88,0.12,895,0.7,0,4
"crackers,rye,sandwich-type w/chs filling",2.45,0.12,222,,0.4,127
"crackers, rye, sandwich-type with cheese filling",2.45,0.12,222,,0.4,127
"crackers,wheat,sndwch,w/chs filling",2.62,0.12,204,0,1.5,96
"cereals ready-to-eat, alpen",3,0.12,147,,8.7,30
"cereals rte,alpen",3,0.12,147,0,8.7,30
"babyfood,dssrt,banana yogurt,str",0.14,0.13,30,0,13.9,7
"sherbet,orange",0.14,0.13,54,0,2.3,4
"soup,chick w/ rice,cnd,cond",0.25,0.13,41,0,0,1
"soup,veg bf,cnd,prep w/ eq volume h2o",0.45,0.13,8,0,1,4
"cracker barrel,chick tenderloin platter,fried,frm kid's menu",0.58,0.13,12,,,7
"restaurant,family style,chick tenders",0.74,0.13,18,,,11
"danish pastry,fruit,unenr (incl appl,cinn,raisin,strawberry)",0.75,0.13,46,0,3.9,16
"restaurant,family style,chick fingers,from kid's menu",0.76,0.13,21,,,7
"soup,chick rice,cnd,chunky,rts",0.78,0.13,14,0,1.6,2
chicken sprd,0.87,0.13,16,,0,3
"olive garden, spaghetti with meat sauce",1.03,0.13,15,,0.6,0
"olive garden,spaghetti w/ meat sau",1.03,0.13,15,,0.6,30
"pork skins,barbecue-flavor",1.04,0.13,43,,1.5,31
"snacks, pork skins, barbecue-flavor",1.04,0.13,43,,1.5,31
"butter,lt,stk,wo/salt",1.09,0.13,48,0,0,1
"butter,lt,stk,w/salt",1.09,0.13,48,0,0,1
"inf formula,pbm produc,sto bra,rtf (formerly wyeth-ayerst)",1.18,0.13,41,0.9,5.6,9
"infant formula, pbm products, store brand, ready-to-feed (formerly wyeth-ayerst)",1.18,0.13,41,,5.6,9
"chick-fil-a,chick sndwch",1.77,0.13,58,,,47
"fast foods,chick fillet sndwch,pln w/ pickles",1.77,0.13,58,0.1,0.8,56
"cookies,vanilla wafers,lower fat",2.38,0.13,48,0,0,96
"cookies, vanilla wafers, lower fat",2.38,0.13,48,,0,96
"rolls, dinner, pln,comm prepared (inc brown -n- serve)",3.72,0.13,178,0,0.2,150
"bread,roll,mexican,bollilo",3.9,0.13,41,0,0.2,176
"snacks,general mills,chex mix,traditional flavor",4.4,0.13,50,0,0.1,135
"fast foods,breadstick,soft,prep w/ garlic & parmesan chs",4.65,0.13,87,0,0,233
"cream,fluid,lt (coffee crm or table crm)",0.05,0.14,91,1.1,0.8,2
"sauce,chs,rts",0.21,0.14,184,,0.4,4
"candies,fudge,pnut butter,prepared-from-recipe",0.22,0.14,42,0,0,9
"frozen novelties,juc type,juc w/ crm",0.28,0.14,141,0,21.2,11
"frozen novelties, juice type, juice with cream",0.28,0.14,141,,21.2,11
"soup,progresso,bf barley,traditional,ready to serve",0.39,0.14,12,,0.3,10
"chicken breast, deli, rotisserie seasoned, sliced, prepackaged",0.39,0.14,11,,0,7
"chicken breast,deli,rotisserie seasoned,sliced,prepackaged",0.39,0.14,11,0.1,0,7
"babyfood,dinner,chick&noodle w/veg,todd",0.4,0.14,11,0,1.7,12
"babyfood, dinner, chicken and noodle with vegetables, toddler",0.4,0.14,11,0,1.7,12
"soup,bf broth bouillon & consomme,cnd,cond",0.43,0.14,7,,0.7,5
"milk dssrt bar,frz,made from lowfat milk",0.53,0.14,184,0.1,0.9,4
"cake,pound,commly prep,other than all butter,unenr",0.6,0.14,64,,0.1,9
babyfood  dinner  chick stew  todd,0.66,0.14,36,0.2,1.9,27
"ice creams,choc,lt",0.69,0.14,159,0.1,1.2,4
"denny's,chick strips",0.72,0.14,11,,,14
"denny's, chicken strips",0.72,0.14,11,,0,0
"salad drsng,french drsng,comm,reg",0.8,0.14,24,0,3.6,0
"applebee's,chick tenders platter",0.9,0.14,23,0,,
"applebee's, chicken tenders platter",0.9,0.14,23,0,0,0
"ravioli,chs w/ tomato sau,frz,not prep,incl reg & lt entrees",0.93,0.14,79,0.1,2.8,70
"noodles,egg,spinach,enr,ckd",1.09,0.14,19,0.1,0,94
"pasta,fresh-refrigerated,spinach,ckd",1.11,0.14,18,,0,96
"pasta,fresh-refrigerated,pln,ckd",1.14,0.14,6,,0,104
"shad,american,ckd,dry heat",1.24,0.14,60,,0,17
"snacks,m&m mars,kudos whl grain bars,choc chip",1.4,0.14,1084,0,0.1,13
"mcdonald's, hotcakes and sausage",1.41,0.14,78,,0,0
"mcdonald's,hotcakes & sausage",1.41,0.14,78,,0,54
"kfc,popcorn chick",1.42,0.14,32,0,,
"coffeecake,cinn w/crumb topping,dry mix,prep",1.43,0.14,136,0.5,0.2,73
"snacks,granola bars,soft,almond,confectioners coating",1.49,0.14,136,0,0.2,18
"sweet rolls,cinn,commly prep w/raisins",1.6,0.14,72,0,2,106
"cake,pound,commly prep,other than all butter,enr",1.62,0.14,64,,0.1,55
"doughnuts,yeast-leavened,w/creme filling",1.83,0.14,25,0,0,109
"turnover,chicken- or turkey-,& vegetable-filled,red fat,frz",2.13,0.14,157,0.1,0,61
"tempeh,ckd",2.13,0.14,96,0,,21
"tempeh, cooked",2.13,0.14,96,,0,21
"muffins, blueberry, prepared from recipe, made with low fat (2%) milk",2.27,0.14,189,0,1.5,73
"muffins,blueberry,prep from recipe,made w/lofat (2%) milk",2.27,0.14,189,0,1.5,73
"chicken,broilers or fryers,neck,meat&skn,ckd simmrd",2.3,0.14,27,0.1,0,3
"cereals rte,quaker,nat granola appl cranberry almond",2.47,0.14,98,0,3.1,31
"croutons, seasoned",2.82,0.14,96,,0,151
"croutons,seasoned",2.82,0.14,96,0,0,151
"rolls,dinner,pln,prep from recipe,made w/lofat (2%) milk",2.96,0.14,60,,0.2,123
"burrito,bf & bean,microwaved",3.12,0.14,39,0,1,113
"biscuits,pln or bttrmlk,frz,bkd",3.3,0.14,49,0,0,111
"crackers,wheat,red fat",5.02,0.14,80,0,0,197
"margarine-like sprd w/ yogurt,approx 40% fat,tub,w/ salt",0.02,0.15,50,0,0.2,3
"puddings,vanilla,rte",0.09,0.15,49,0,0.2,2
"puddings, rice, ready-to-eat",0.11,0.15,95,0,1.3,4
"soup,chick noodle,red na,cnd,rts",0.33,0.15,11,0,0.4,10
"soup,bf barley,ready to serve",0.45,0.15,11,0,0.5,11
"babyfood,dinner,macaroni&tomato&bf,str",0.46,0.15,17,0,0.3,12
"babyfood,veg,grn bns&potatoes",0.5,0.15,60,0,1.1,10
"cracker barrel,macaroni n' chs plate,from kid's menu",0.55,0.15,146,,,31
"burger king,chick strips",0.62,0.15,13,,1.1,9
"soup,chili bf,cnd,prep w/ eq volume h2o",0.79,0.15,18,0,1.5,4
"soup,tomato bf w/ noodle,cnd,cond",0.89,0.15,14,,0,21
"soup, tomato beef with noodle, canned, condensed",0.89,0.15,14,,0,21
"applebee's,chick tenders,from kids' menu",0.9,0.15,23,0,,
"applebee's, chicken tenders, from kids' menu",0.9,0.15,23,0,0,0
"macaroni and cheese, canned entree",0.9,0.15,35,,0,21
"macaroni & chs,cnd entree",0.9,0.15,35,0,0,21
"shad,american,raw",0.97,0.15,47,4.8,0,15
"cake, yellow, commercially prepared, with vanilla frosting",1.07,0.15,62,,0,40
"cake,yel,commly prep,w/vanilla frstng",1.07,0.15,62,0.4,0,40
"ravioli,meat-filled,w/ tomato sau or meat sau,cnd",1.09,0.15,12,0,0,28
"cookies,sugar wafer,chocolate-covered",1.24,0.15,0,0,0,23
"sausage,chick or turkey,italian style,lower na",1.29,0.15,0,0.1,0,71
"candies,crispy bar w/ pnut butter filling",1.3,0.15,70,0,0.6,68
"candies,hershey,reesesticks crispy wafers,pnut but,milk choc",1.3,0.15,70,0,0.6,40
"fast foods,crispy chick in tortilla,w/ lttc,chs,& ranch sau",1.47,0.15,88,0.1,0.3,70
"mcdonald's,ranch snack wrap,crispy",1.47,0.15,88,,0.3,
"mcdonald's,premium grilled chick classic sndwch",1.48,0.15,37,,3.2,
"egg rolls,pork,refr,htd",1.55,0.15,34,0.1,29.3,103
"puddings,choc,rte,fat free",1.69,0.15,39,0,0,3
"bread,potato",2.25,0.15,188,0.1,0,149
"muffins,pln,prep from recipe,made w/lofat (2%) milk",2.39,0.15,200,,0.3,78
"bread,cornbread,prep from recipe,made w/lofat (2%) milk",2.5,0.15,249,0,0.3,118
"cereals rte,quaker,quaker granola w/ oats,wheat& raisins",2.69,0.15,101,0,0.5,33
"cream,fluid,hvy whipping",0.1,0.16,66,1.6,0.6,4
"inf formula, abbott nutr, similac, lo iron, rtf",0.14,0.16,51,1,5.9,17
"milk,cnd,evap,w/ vit a",0.19,0.16,261,,1.9,8
"milk,cnd,evap,wo/ vit a",0.19,0.16,267,4,16,8
"milk,cnd,evap,wo/ added vit a & vitamin d",0.19,0.16,261,0.1,1.9,8
"milk,cnd,evap,w/ added vitamin d & wo/ added vit a",0.19,0.16,261,2,1.9,8
"milk, canned, evaporated, with added vitamin d and without added vitamin a",0.19,0.16,261,,1.9,8
"inf formula,mead johnson,enfami,premature,20 cal rtf lo iron",0.33,0.16,108,3.9,13.1,45
"inf formula,mead johnson,enfaml,premature,24 cal rtf lo iron",0.33,0.16,108,3.9,13.1,45
"babyfood,dinner,veg&lamb,jr",0.34,0.16,13,0,1.7,4
"babyfood, dinner, vegetables and lamb, strained",0.35,0.16,12,0,1.2,4
"babyfood,dinner,veg&lamb,str",0.35,0.16,12,0,1.2,4
"cake,boston crm pie,commly prep",0.38,0.16,23,0.1,0.2,18
"beef,nz,imp,subcutaneous fat,raw",0.38,0.16,20,0.3,0,
"mcdonald's,tangy honey mustard sau",0.42,0.16,23,,0,0
"candies,mars snackfood us,3 musketeers bar",0.67,0.16,54,0,0.2,4
"soup,bf mushroom,cnd,cond",0.7,0.16,4,,0,7
"candies,mars snackfood us,snickers bar",0.72,0.16,93,0,0.5,31
"fast foods,chick tenders",0.73,0.16,17,0.2,1.1,23
"soup,bf noodle,cnd,cond",0.88,0.16,12,0,0.3,23
"restaurant,latino,chick & rice,entree,prep",0.95,0.16,18,0,,
"mac & chs,dry mix,prep w/ 2% milk & 80% stk margarine dry mx",0.99,0.16,63,,0,114
"inf formula, abbo nutr, simil, for spit up, rtf,w/ ara & dha",1.18,0.16,55,1,5.9,17
"inf formula, abbott nutr, similac, advance, w/ iron, rtf",1.18,0.16,53,1,5.9,17
"inf formula, abbott nutr, similac, w/ iron, rtf",1.18,0.16,51,1,5.9,17
"inf formula,mead johnson,enfamil,premature,20 cal rtf",1.18,0.16,108,3.9,13.1,45
"inf formula,mead johnson,enfamil,premature,24 calo rtf",1.18,0.16,108,3.9,13.1,45
"inf formula,nestle,good start 2 essentials,w/ iron,rtf",1.2,0.16,78,1.1,5.9,17
"muffins,blueberry,commly prep (includes mini-muffins)",1.3,0.16,44,0.1,0.9,73
"denny's,chick nuggets,star shaped,from kid's menu",1.34,0.16,16,,,29
"denny's, chicken nuggets, star shaped, from kid's menu",1.34,0.16,16,,0,0
"cinnamon buns,frstd (includes honey buns)",1.37,0.16,183,0,0.3,109
"tortellini,pasta w/ chs filling,fresh-refrigerated",1.5,0.16,152,0,0,117
"tortellini, pasta with cheese filling, fresh-refrigerated, as purchased",1.5,0.16,152,,0,117
"cake,choc,prep from recipe wo/frstng",1.61,0.16,60,,0.2,39
"snacks,granola bar,kashi golean,chewy,mxd flavors",1.62,0.16,103,0.2,0.4,39
"cake,yel,prep from recipe wo/frstng",1.64,0.16,146,,0.2,51
"cookies,brownies,prep from recipe",1.84,0.16,57,,0.3,39
"muffins, corn, dry mix, prepared",1.94,0.16,75,0,0.1,89
"muffins,corn,dry mix,prep",1.94,0.16,75,0,0.1,89
"muffin,blueberry,commly prep,low-fat",2,0.16,35,0.1,0.9,73
"croissants,butter",2.03,0.16,37,0,0.2,130
"taco bell,bean burrito",2.37,0.16,124,0,0.4,68
"fast foods, burrito, with beans and cheese",2.37,0.16,124,0,0.4,128
"fast foods,burrito,w/bns&chs",2.37,0.16,124,0.1,0.4,128
"muffins,corn,prep from recipe,made w/lofat (2%) milk",2.61,0.16,259,0,0.3,115
"bagels,egg",3.98,0.16,13,,0.6,134
"martha white foods,martha white's bttrmlk biscuit mix,dry",4.06,0.16,168,,0.2,
"butter, salted",0.02,0.17,24,,0,3
"butter,with salt",0.02,0.17,24,0,0,3
"butter,without salt",0.02,0.17,24,0,0,3
"beverages,powerade zero ion4,calorie-free,assorted flavors",0.05,0.17,2,0,2.5,0
"eggs,scrmbld,frz mixture",0.23,0.17,17,1.8,0,17
"salad drsng,ranch drsng,reg",0.3,0.17,28,0.1,0,4
"salad drsng,mayo,lt,smart balance,omega plus lt",0.31,0.17,13,,0,
"soup,chs,cnd,prep w/ eq volume milk",0.32,0.17,115,,0.5,4
"soup,tomato bisque,cnd,prep w/ eq volume milk",0.35,0.17,74,,2.8,9
"chicken, broiler or fryers, breast, skinless, boneless, meat only, enhanced, cooked, braised",0.43,0.17,5,,0,0
"ckn,brler or fryers,brst,sknls,bnls,mt only,w added sln,brsd",0.43,0.17,5,0,0,
"campbell's chunky soups,hearty bf barley soup",0.49,0.17,10,,0.8,12
"soup,bf & veg,cnd,rts",0.51,0.17,18,0,3.6,9
"soup, beef and vegetables, canned, ready-to-serve",0.51,0.17,18,0,3.6,9
"pie,lemon meringue,commly prep",0.61,0.17,56,0.2,3.2,35
cheesecake commly prep,0.63,0.17,51,0.5,0.4,20
"kfc, crispy chicken strips",0.69,0.17,25,,0,0
"kfc,crispy chick strips",0.69,0.17,25,,,
"soup,pea,grn,cnd,prep w/ eq volume milk",0.79,0.17,68,,1.1,3
"soup, pea, green, canned, prepared with equal volume milk",0.79,0.17,68,,1.1,3
"cream puff,eclair,custard or crm filled,iced",0.95,0.17,35,0.3,0,100
"cream puff, eclair, custard or cream filled, iced",0.95,0.17,35,,0,100
"restaurant,italian,spaghetti w/ meat sau",0.97,0.17,17,,0.7,30
"inf formula, abb nutr, simi,sens (lact fre) rtf,w/ ara & dha",1.24,0.17,58,1,6,18
"chicken,broilers or fryers,skn only,ckd,fried,batter",1.43,0.17,26,0.2,0,62
"mcdonald's,ranch snack wrap,grilled",1.45,0.17,93,,0.4,45
"fast foods,grilled chick in tortilla,w/ lttc,chs,& ranch sau",1.45,0.17,93,0,0.4,69
"pie,pecan,prep from recipe",1.48,0.17,32,,0.2,34
"mcdonald's,mcchicken sndwch (without mayonnaise)",1.78,0.17,96,,0.9,72
"cookies, marshmallow, chocolate-coated (includes marshmallow pies)",2.53,0.17,46,0,0.1,37
"cookies,marshmllw,chocolate-coated (incl marshmllw pies)",2.53,0.17,46,0,0.1,37
"chicken,broilers or fryers,neck,meat only,ckd,simmrd",2.63,0.17,44,0.1,0,6
"cereals rte,quaker,100% nat granola,oats,wheat & honey",2.81,0.17,109,0,0.2,37
"toppings,butterscotch or caramel",0,0.18,49,0,0.5,2
"whey,acid,fluid",0.08,0.18,103,,0.1,2
"egg,white,dried",0.15,0.18,62,0,0,18
"pork,fresh,backfat,raw",0.18,0.18,2,3.1,0.1,1
"babyfood,dinner,veg&bf,str",0.35,0.18,17,0,0.2,7
"candies,mars snackfood us,milky way bar",0.49,0.18,115,0.4,0.7,4
"candies,reese's fast break,candy bar",0.64,0.18,36,0,0,28
"beve,dary drk mix,chc,red cal,w/ asprt,pdr,prep w/ h2o & ice",0.68,0.18,127,,0.5,3
"restaurant,family style,macaroni & chs,from kids' menu",0.68,0.18,99,0.1,0,42
"coffeecake,cinn w/crumb topping,commly prep,unenr",0.78,0.18,54,,0.3,32
"chicken tenders,breaded,frz,prep",0.84,0.18,39,0.1,0.5,33
"usda cmdty,chick,cnd,meat only,w/ h2o",0.93,0.18,10,,0,5
"ice creams,choc,rich",1.02,0.18,142,0.3,0.5,5
"chicken,broilers or fryers,wing,meat&skn,ckd,stwd",1.13,0.18,12,0.1,0,3
"candies,5th avenue candy bar",1.2,0.18,73,0,0.4,36
"chicken,broilers or fryers,back,meat&skn,ckd,stwd",1.22,0.18,18,0.1,0,5
"chicken,broilers or fryers,skn only,ckd,fried,flr",1.52,0.18,14,,0,53
"pancakes,bttrmlk,prep from recipe",1.7,0.18,157,,0.4,56
"pancakes, buttermilk, prepared from recipe",1.7,0.18,157,,0.4,56
"coffeecake,cinn w/crumb topping,commly prep,enr",1.91,0.18,54,,0.3,81
"subway,b.l.t. sub on white bread w/ bacon,lettuce & tomato",2.14,0.18,210,,1.3,89
"fast foods,submarine sndwch,bacon,lettuce,& tomato wht brd",2.14,0.18,210,0,1.3,135
"granola bars,soft,uncoated,raisin",2.44,0.18,101,0,0,21
"taquitos,frz,chick & chs,oven-heated",2.47,0.18,104,0.1,0,99
"crackers,rusk toast",2.72,0.18,27,,0,103
"snacks,granola bar,fruit-filled,nonfat",4,0.18,3,0,1.7,527
"cake,snk cakes,creme-filled,choc w/ frstng,l-f,w/ add fiber",4.01,0.18,149,0.2,0,105
"chocolate,dk,60-69% cacao sol",6.32,0.18,62,,,
"cookies,marie biscuit",0,0.19,0,0,0,186
"cream,half & half,lowfat",0,0.19,133,0,0,3
"cream,fluid,half and half",0.05,0.19,107,0,0.9,3
"ckn,broilers/fryers,brst,sknls,bnls,meat only,w added sln,rw",0.34,0.19,5,0,0,8
"babyfood,dinner,bf noodle,str",0.41,0.19,10,0,0.1,11
"mcdonald's,fruit 'n yogurt parfait",0.45,0.19,86,0,13.9,13
"infant formula,mead johnson,enfamil,lo iron,rtf",0.46,0.19,51,1,7.9,18
"inf for,me john,enfam,lipil,lo iron,ready to fe,w/ ara & dha",0.46,0.19,51,1,7.9,18
"cracker barrel,macaroni n' chs",0.57,0.19,145,,,28
"denny's,macaroni & chs,from kid's menu",0.79,0.19,83,,,36
"pasta w/sliced franks in tomato sau,cnd entree",0.91,0.19,60,0.4,3.8,49
"soup,shark fin,rest-prep",0.94,0.19,10,,0.1,9
"chick-fil-a,chick-n-strips",0.97,0.19,25,,1,40
"spaghetti,w/ meatballs in tomato sau,cnd",1.03,0.19,29,0.2,1.9,29
"candies,mars snackfood us,m&m's pnut butter choc candies",1.06,0.19,88,0,0.5,45
"inf formula,nestle,good start soy,w/ dha & ara,rtf",1.15,0.19,67,1,7.7,17
"inf formula, mead johnson, pregestimil, w/iron, prep fro pdr",1.17,0.19,75,0.9,7.8,18
"infant formula, mead johnson, pregestimil, with iron, prepared from powder",1.17,0.19,75,,7.8,18
"inf formula, mead john, enfamil lipil,w/ iron,rtf,w/ ar & dh",1.18,0.19,51,1,7.9,18
"inf formula,mead johnson,enfamil,lipil,rtf,w/ ara & dha",1.18,0.19,54,1,7.9,18
"inf formula, mead johnson, enfamil, lactofree, rtf",1.18,0.19,53,1,7.9,18
"inf formu,me johns,enfam,nutra,lipi,w/ iro,rtf,w/ ara & dha",1.18,0.19,62,0.8,7.9,18
"inf formula, mead johnson, enfamil, w/iron, rtf",1.18,0.19,51,1,7.9,18
"inf formula,mejohn,prosobe lipi,w/ iro,re to fe,w/ ara & dha",1.18,0.19,69,1,7.9,18
"inf formula,mead johnson,prosobee,w/ iron,rtf",1.18,0.19,69,1,7.9,18
"inf formula,mead johnson,enfamil,nutramigen,w/ iron,rtf",1.18,0.19,62,0.8,7.9,18
"infant formula, mead johnson, enfamil, nutramigen, lipil, with iron, ready-to-feed, with ara and dha",1.18,0.19,62,0,7.9,18
"infant formula, mead johnson, next step, prosobee, lipil, ready to feed, with ara and dha",1.31,0.19,128,,7.9,18
"inf formula,mead johnson,next step prosobee,prep from pdr",1.31,0.19,128,1,7.9,18
"inf form,me jo,next step,proso,lipil,reato feed,w/ ara & dha",1.31,0.19,128,1,7.9,18
"cake,snack cakes,creme-filled,sponge",1.36,0.19,24,0.1,0.1,54
"chicken,broilers or fryers,thigh,meat&skn,ckd,stwd",1.37,0.19,11,0.1,0,6
"chicken, broilers or fryers, thigh, meat and skin, cooked, stewed",1.37,0.19,11,,0,6
"mcdonald's,mcchicken sndwch",1.74,0.19,88,,0,
"fast foods,quesadilla,w/ chick",1.77,0.19,269,0.2,0.1,81
"cheese,goat,soft type",1.9,0.19,140,0.4,0,12
"cookies,sugar,commly prep,reg (incl vanilla)",2.24,0.19,35,0,0.1,95
"rolls,hamburger or hot dog,whl wheat",2.42,0.19,198,0,1.3,42
"crackers,matzo,egg",2.7,0.19,40,,0.1,24
"pasta mix,italian lasagna,unprep",2.87,0.19,52,0,0.9,187
"rolls,hamburger or hot dog,wheat/cracked wheat",2.92,0.19,196,0,1.3,121
"hush puppies,prep from recipe",3.04,0.19,278,0,0.2,137
"restaurant,chinese,swt & sour pork",3.07,0.19,46,,2.3,
"baby food, fortified cereal bar, fruit filling",13.16,0.19,1053,0,2.4,98
"babyfood,fort crl bar,fruit filling",13.16,0.19,1053,0,2.4,98
"cream,fluid,lt whipping",0.03,0.2,69,0.6,0.6,4
"whipped topping,frz,lofat",0.1,0.2,71,0,0,3
"soup, swanson chicken broth 99% fat free",0.14,0.2,4,,0,0
"soup,swanson chick broth 99% fat free",0.14,0.2,4,,0,1
"milk,choc,lowfat,red sugar",0.16,0.2,122,1.5,0,5
"egg,white,dried,stabilized,glucose red",0.18,0.2,101,0,0,0
"soup,crm of potato,cnd,prep w/ eq volume milk",0.22,0.2,67,0,0.5,4
"soup,crm of onion,cnd,prep w/ eq volume milk",0.28,0.2,72,,1,9
"soup, cream of celery, canned, prepared with equal volume milk",0.28,0.2,75,,0.6,3
"soup,crm of celery,cnd,prep w/ eq volume milk",0.28,0.2,75,,0.6,3
"soup,crm of asparagus,cnd,prep w/ eq volume milk",0.35,0.2,70,,1.6,12
"mcdonald's, fruit 'n yogurt parfait (without granola)",0.36,0.2,87,0,14.5,0
"mcdonald's,fruit 'n yogurt parfait (without granola)",0.36,0.2,87,0,14.5,11
"soup,chick broth,cnd,cond",0.41,0.2,6,0,0,4
"ckn,brler/fryers,brst,sknls,bnls,mt only,w added sln,grilled",0.43,0.2,6,0,0,
"chicken, broiler or fryers, breast, skinless, boneless, meat only, enhanced, cooked, grilled",0.43,0.2,6,,0,0
"chickn,broilr or fryrs,brst,sknlss,bnless,meat only,ckd,brsd",0.49,0.2,6,0,0,
"candies,nestle,oh henry! bar",0.5,0.2,69,0,0,44
"coffeecake,creme-filled w/choc frstng",0.51,0.2,38,,0.1,58
"restaurant,chinese,orange chick",0.94,0.2,14,0.1,0.9,10
"usda commodity, chicken, canned, meat only, with broth",0.97,0.2,10,,0,5
"usda cmdty,chick,cnd,meat only,w/ broth",0.97,0.2,10,,0,5
"chicken,broilers or fryers,lt meat,meat&skn,ckd,stwd",0.98,0.2,13,,0,3
"popeyes,spicy chick strips,analyzed 2006",1.01,0.2,12,,0,
"croissants,apple",1.1,0.2,30,0,0.5,88
"kashi pizza,mediterranean,frz,unprep",1.1,0.2,138,0,12,10
"chicken,broilers or fryers,meat&skn,ckd,stwd",1.16,0.2,13,0,0,5
"inf formula,mead johnson,enfamil,nutramigen aa,rtf",1.18,0.2,62,0.8,7.9,18
"infant formula, pbm products, store brand, soy, ready-to-feed (formerly wyeth-ayerst)",1.18,0.2,59,,5.4,9
"inf formula,mead johnson,enfamil,premium,infant,rtf",1.18,0.2,51,1.2,7.9,18
"inf formula,mead johnson,enfamil,premium,newborn,rtf",1.18,0.2,51,1.2,7.9,18
"inf formula,pbm products,store brand,soy,rtf",1.18,0.2,59,0.9,5.4,9
"inf formula,nestle,good start essentials soy,w/ iron,rtf",1.25,0.2,68,1,7.8,17
"chicken,broilers or fryers,dk meat,meat&skn,ckd,stwd",1.31,0.2,14,,0,6
"inf formula, mead johns, enfamil, enfagrow, gentlea,tod, rtf",1.31,0.2,128,1,7.9,18
"inf formula, abbo nu,simil,go & gr,rtf,w/ ara & dha",1.31,0.2,128,1,7.9,17
"inf formula, mead johnson, enfamil, enfagrow, soy, todd rtf",1.31,0.2,128,1,7.9,18
"inf formula, gerber, good start 2 soy,w/ iron,rtf",1.31,0.2,125,1,7.9,17
"chicken,broilers or fryers,leg,meat&skn,ckd,stwd",1.35,0.2,11,0.1,0,6
"kashi pizza,tikka masala,single serve,frz,unprep",1.4,0.2,97,0,0,25
"chicken,broilers or fryers,skn only,ckd,rstd",1.51,0.2,14,0.2,0,2
"pancakes,pln,dry mix,complete,prep",1.56,0.2,126,,0.2,57
"kashi pizza,mushroom & spinach,single serve,frz,unprep",1.6,0.2,109,0,0,28
"corn-based,extruded,puffs or twists,cheese-flavor",1.69,0.2,53,0.1,0.1,80
"candies,confectioner's coating,pnut butter",1.7,0.2,110,0,0.3,77
"soup,pea,split w/ ham,cnd,cond",1.7,0.2,16,,1.1,2
"pancakes,blueberry,prep from recipe",1.72,0.2,206,0,2.2,53
"danish pastry,cheese",1.8,0.2,35,0,0.1,85
"fast foods,submarine sndwch,trky rst bf hm brd w/ lttc & tmt",1.93,0.2,153,0.1,0.8,100
"subway,subway club sub on white bread w/ lettuce & tomato",1.93,0.2,153,,0.8,65
"granola bars,soft,uncoated,pnut butter",2.13,0.2,91,0,0,32
"cereals,quaker,oatmeal,real medleys,smmr berry,dry",3.13,0.2,124,0,9.4,39
"rolls,hamburger or hotdog,pln",3.43,0.2,144,0,1.3,131
"margarine,indus,non-dairy,cttnsd,soy oil (part hydr )",0,0.21,66,0,0.4,3
"cream,sour,cultured",0.07,0.21,101,0,0.9,6
"puddings,tapioca,rte",0.11,0.21,71,0,0.3,3
"margarine, industrial, soy and partially hydrogenated soy oil, use for baking, sauces and candy",0.12,0.21,3,,0,1
"margarine,indus,soy & part hydr soy oil,baking,sauces,candy",0.12,0.21,3,,0,1
"sandwich spread, with chopped pickle, regular, unspecified oils",0.2,0.21,14,,0,6
"sandwich sprd,w/chopd pickle,reg,unspec oils",0.2,0.21,14,0.1,0,6
"salad dressing,coleslaw",0.2,0.21,14,0.1,0,14
"salad drsng,mayo & mayonnaise-type,lo cal",0.26,0.21,14,0,0,6
"pork,cured,feet,pickled",0.31,0.21,32,0.4,0,1
"puddings,vanilla,rte,fat free",0.36,0.21,40,0,1.2,3
"chicken,broiler or fryers,brst,skinless,bnless,meat only,raw",0.37,0.21,5,0,0,9
"pie, coconut cream, prepared from mix, no-bake type",0.4,0.21,72,0,0.6,23
"pie,cocnt crm,prep from mix,no-bake type",0.4,0.21,72,,0.6,23
"chckn,brolr or fryrs,brst,sknlss,bnless,meat only,ckd,grilld",0.45,0.21,5,0,0,
"pie,banana crm,prep from mix,no-bake type",0.46,0.21,73,0,0.5,31
"candies,hershey's skor toffee bar",0.57,0.21,30,0.1,0.5,2
"restaurant,chinese,shrimp & veg",0.72,0.21,36,,11.3,
"beef,nz,imp,intermuscular fat,raw",0.76,0.21,11,0.3,0,
"carrabba's italian grill,spaghetti w/ meat sau",0.89,0.21,15,,0.8,30
"chicken,broilers or fryers,breast,meat&skn,ckd,stwd",0.92,0.21,13,0.1,0,3
"pie,choc mousse,prep from mix,no-bake type",1.08,0.21,77,,0.5,42
"pie, chocolate mousse, prepared from mix, no-bake type",1.08,0.21,77,,0.5,42
"cake,cherry fudge w/choc frstng",1.1,0.21,48,0.3,13.6,11
"infform,meadjohnson,enfamil gentlease lipil,w/iron,prepfrpdr",1.18,0.21,53,1,7.9,18
"inf formula, mead johns, enfami, ar lipil, rtf,w/ ara & dha",1.23,0.21,53,1,8.2,19
"chicken,broilers or fryers,back,meat only,ckd,stwd",1.27,0.21,21,0.1,0,7
"inf formula,mead johnson,enfamil,enfacare lipil,rtf, ara&dha",1.28,0.21,86,1.4,11.3,31
"toddler formula, mead johnson, enfagrow premium, rtf",1.37,0.21,133,1,8.2,19
"chicken,broilers or fryers,thigh,meat only,ckd,stwd",1.42,0.21,11,0.1,0,7
"danish pastry, nut (includes almond, raisin nut, cinnamon nut)",1.8,0.21,94,0,1.7,122
"danish pastry,nut (incl almond,raisin nut,cinn nut)",1.8,0.21,94,0,1.7,122
"biscuits,pln or bttrmlk,dry mix,prep",2.05,0.21,185,,0.4,84
"rolls,dinner,swt",2.74,0.21,62,0,0.2,127
"cereals, quaker, oatmeal, real medleys, cherry pistachio, dry",2.99,0.21,132,0,0.7,0
"cereals,quaker,oatmeal,real medleys,cherry pistachio,dry",2.99,0.21,132,0,0.7,22
"cereals rte,mom's best,swtnd wheat-fuls",3.26,0.21,36,0,0,30
"cereals rte,sun country,kretschmer wheat germ,reg",8.34,0.21,50,0,6,892
"babyfood, cereal, rice, with bananas, dry",47.5,0.21,691,0,2,12
"milk,bttrmlk,fluid,cultured,lowfat",0.05,0.22,116,0,1,5
"cheese,cream",0.11,0.22,97,0,0,9
"potatoes,mshd,rte",0.27,0.22,34,0.1,0.1,6
"soup,crm of chick,cnd,prep w/ eq volume milk",0.27,0.22,73,,0.5,3
"strudel,apple",0.42,0.22,15,0,1.7,44
"shake, fast food, vanilla",0.46,0.22,115,,0,0
"shake,fast food,vanilla",0.46,0.22,115,0,0,0
"tamales,masa & pork filling (hopi)",0.66,0.22,18,,0,
"tamales, masa and pork filling (hopi)",0.66,0.22,18,,0,0
"inf formula,nestle,good start supreme,w/ iron,rtf",0.99,0.22,42,1.1,5.9,17
"inf form,nestle,good start supreme,iron,dha&ara,prp fr lc",0.99,0.22,42,1.1,5.9,17
"inf formula,nestle,good start supreme,w/ iron,dha & ara,rtf",0.99,0.22,42,1.1,5.9,17
"infant formula, nestle, good start supreme, with iron, dha and ara, ready-to-feed",0.99,0.22,42,,5.9,17
"mullet,striped,raw",1.02,0.22,41,1.5,1.2,9
"chicken,broilers or fryers,wing,meat only,ckd,stwd",1.12,0.22,13,0.1,0,3
"restaurant, chinese, general tso's chicken",1.16,0.22,12,,1.6,15
"restaurant,chinese,general tso's chick",1.16,0.22,12,0.2,1.6,15
"chicken,broilers or fryers,meat only,stwd",1.17,0.22,14,0.1,0,6
"inf formula,gerber good start 2,gentle plus,rtf",1.31,0.22,125,1,7.9,17
"chicken,broilers or fryers,drumstk,meat&skn,ckd,stwd",1.33,0.22,11,0.1,0,7
"cake,snk cakes,not choc,w/ icing or filling,l-f,w/ add fiber",1.34,0.22,223,0.3,0,115
"chicken,broilers or fryers,dk meat,meat only,ckd,stwd",1.36,0.22,14,0.1,0,7
"chicken, broilers or fryers, dark meat, meat only, cooked, stewed",1.36,0.22,14,,0,7
"fast fds,grilled chick filet sndwch,w/ lettuce,tomato & sprd",1.58,0.22,62,0.1,2.4,57
"cheese,goat,semisoft type",1.62,0.22,298,0.5,0,2
"candies,mars snackfood us,m&m's almond choc candies",1.73,0.22,155,0,0.6,12
"doughnuts,yeast-leavened,w/jelly filling",1.76,0.22,25,0,0,104
"pancakes,pln,prep from recipe",1.8,0.22,219,,0.3,56
"fast foods,submarine sndwch,cold cut brd w/ lettuce & tomato",1.81,0.22,171,0.2,7.5,106
"subway,cold cut sub on white bread w/ lettuce & tomato",1.81,0.22,171,,7.5,66
turkey  white  rotisserie  deli cut,2.2,0.22,16,,10,4
"babyfood,cookie,baby,fruit",2.9,0.22,83,0,1.5,167
"crackers, matzo, egg and onion",4.37,0.22,36,,0.2,262
"crackers,matzo,egg&onion",4.37,0.22,36,,0.2,262
"pork,frsh,var meats&by-products,leaf fat,raw",0.09,0.23,1,,0,0
"babyfood,dssrt,custard pudd,vanilla,jr",0.22,0.23,54,0.5,0.4,6
"babyfood, dessert, custard pudding, vanilla, junior",0.22,0.23,54,,0.4,6
"milk,choc,lowfat,w/ added vit a & vitamin d",0.23,0.23,129,1.1,0.4,3
"mcdonald's,creamy ranch sau",0.25,0.23,29,,0,0
"soymilk (all flavors),nonfat,w/ added ca,vitamins a & d",0.35,0.23,116,1,0,7
"soymilk,choc,nonfat,w/ added ca,vitamins a & d",0.35,0.23,116,1,0,7
"soymilk (all flavors), nonfat, with added calcium, vitamins a and d",0.35,0.23,116,,0,7
"soymilk,original & vanilla,lt,unswtnd,w/ added ca,vit a & d",0.46,0.23,123,1,0,7
"salad drsng,blue or roquefort chs,lo cal",0.5,0.23,89,0,0.3,3
"salad dressing, mayonnaise, imitation, milk cream",0.5,0.23,72,,0.3,3
"salad drsng,mayo,imitn,milk crm",0.5,0.23,72,,0.3,3
"t.g.i. friday's,friday's shrimp,breaded",0.53,0.23,33,,,
"t.g.i. friday's, friday's shrimp, breaded",0.53,0.23,33,,0,0
"babyfood,dinner,macaroni,bf&tomato sau,todd",0.8,0.23,12,0,1.9,14
"mcdonald's,hot mustard sau",0.86,0.23,32,,0,0
"chicken,broilers or fryers,breast,meat only,ckd,stwd",0.88,0.23,13,0.1,0,3
"babyfood,dinner,spaghetti&tomato&meat,todd",0.9,0.23,22,,4.1,50
"chicken, nuggets, dark and white meat, precooked, frozen, not reheated",0.91,0.23,21,,0,5
"chicken patty,frz,unckd",0.93,0.23,20,,0,5
"chicken,broilers or fryers,lt meat,meat only,ckd,stwd",0.93,0.23,13,0.1,0,3
"chicken,broilers or fryers,skn only,raw",1.08,0.23,11,0.6,0,3
"usda cmdty chick,cnd,meat only,drnd",1.16,0.23,12,,0,6
"chicken,stewing,meat&skn,ckd,stwd",1.37,0.23,13,,0,5
"chicken,broilers or fryers,leg,meat only,ckd,stwd",1.4,0.23,11,0.1,0,8
"chicken,nuggets,white meat,preckd,frz,not rehtd",1.43,0.23,38,,0,5
corned bf & potatoes in tortilla (apache),1.8,0.23,27,0,,70
"bread,cornbread,dry mix,prep w/ 2% milk,80% margarine,& eggs",1.85,0.23,135,0,0.1,86
"turkey patties, breaded, battered, fried",2.2,0.23,14,,0,61
"turkey stks,breaded,battered,fried",2.2,0.23,14,,0,43
"cookies, peanut butter sandwich, regular",2.6,0.23,53,0,0.1,93
"cookies,pnut butter sndwch,reg",2.6,0.23,53,0,0.1,93
"bologna, turkey",3,0.23,123,,13.3,9
bologna  turkey,3,0.23,123,0.6,13.3,9
"chocolate,dk,45- 59% cacao sol",8.02,0.23,56,,,
"candies,choc,dk,nfs (45-59% cacao sol 90%; 60-69% cacao sol",8.13,0.23,57,0,0,0
"cereals rte,sun country,kretschmer tstd wheat bran",13.88,0.23,66,0,0,193
"beverages,v8 splash smoothies,strawberry banana",0.15,0.24,41,0,24.5,
"beverages,v8 splash smoothies,peach mango",0.15,0.24,41,,24.5,
"beverages,v8 splash smoothies,tropical colada",0.15,0.24,41,,24.4,
"soup,crm of shrimp,cnd,prep w/ eq volume h2o",0.21,0.24,9,0,0,2
"milk,cnd,evap,nonfat,w/ added vit a & vitamin d",0.29,0.24,290,2,1.2,9
"milk, canned, evaporated, nonfat, with added vitamin a and vitamin d",0.29,0.24,290,,1.2,9
oven-roasted chick breast roll,0.32,0.24,6,,0,3
"babyfood, dinner, macaroni and tomato and beef, junior",0.36,0.24,14,,1.5,11
"babyfood,dinner,macaroni&tomato&bf,jr",0.36,0.24,14,0,1.5,11
"puddings,rice,dry mix,prep w/ 2% milk",0.37,0.24,105,0.8,0.7,4
"puddings, rice, dry mix, prepared with 2% milk",0.37,0.24,105,0,0.7,4
"puddings,rice,dry mix,prep w/ whl milk",0.37,0.24,103,0.8,0.7,4
"applebee's,kraft,macaroni & chs,from kid's menu",0.84,0.24,79,0,,
"turkey and gravy,frozen",0.93,0.24,14,,0,4
"doughnuts,cake-type,pln,sugared or glazed",1.06,0.24,60,0,0.1,70
"chicken,broilers or fryers,drumstk,meat only,ckd,stwd",1.37,0.24,11,0.1,0,8
"turkey thigh,pre-basted,meat&skn,ckd,rstd",1.51,0.24,8,,0,6
"turkey,diced,lt&dk meat,seasoned",1.8,0.24,1,,0,5
"turkey,young hen,skn only,ckd,rstd",1.82,0.24,32,,0,4
"school lunch,chick nuggets,whl grain breaded",1.99,0.24,32,0.3,0.6,15
"chicken,broilers or fryers,neck,meat&skn,ckd,fried,batter",2.15,0.24,31,,0,21
"granola bars,soft,uncoated,nut&raisin",2.18,0.24,84,0,0,30
"bread,chs",2.49,0.24,90,0.1,0,159
"bread, cheese",2.49,0.24,90,,0,159
"cake,sponge,commly prep",2.72,0.24,70,0.2,0,71
"rolls,dinner,egg",3.52,0.24,59,0,0,276
"pastrami,turkey",4.2,0.24,11,0.2,8.1,5
"pastrami, turkey",4.2,0.24,11,,8.1,5
"babyfood,crl,mxd,w/ bananas,dry",47.5,0.24,696,0,3.6,17
"bev,h2o,btld,yumberry,pomegranate w/ anti-oxidants, 0 cal",0,0.25,0,0,25,0
"bev,h2o w/ added vit & min,bottles,swtnd,ast fruit flavors",0,0.25,17,0,12.7,14
"beverages, water with added vitamins and minerals, bottles, sweetened, assorted fruit flavors",0,0.25,17,0,12.7,14
"beverages,powerade,zero,mxd berry",0,0.25,0,0,0,0
"beverages,energy drk,amp,sugar free",0,0.25,0,0,0,0
"water,w/ corn syrup and/or sugar & lo cal swtnr,fruit flav",0,0.25,17,0,12.7,14
"beverages,energy drk,full throttle",0.02,0.25,13,0,0,0
"puddings,banana,dry mix,reg,prep w/ 2% milk",0.05,0.25,109,0.9,0.7,4
"puddings, banana, dry mix, regular, prepared with 2% milk",0.05,0.25,109,0,0.7,4
"puddings,tapioca,dry mix,prep w/ 2% milk",0.06,0.25,105,0.9,0.7,4
"puddings,tapioca,dry mix,prep w/ whl milk",0.06,0.25,103,0.9,0.7,4
"puddings, tapioca, dry mix, prepared with 2% milk",0.06,0.25,105,,0.7,4
"puddings,vanilla,dry mix,reg,prep w/ 2% milk",0.06,0.25,108,0.9,0.7,4
"dip,salsa con queso,chs & salsa- med",0.14,0.25,98,0,0.4,6
"puddings,cocnt crm,dry mix,reg,prep w/ whl milk",0.2,0.25,111,,0.7,4
"chicken,broilers or fryers,wing,meat&skn,raw",0.46,0.25,11,0.1,0,7
"babyfood,grn bns&turkey,str",0.7,0.25,31,,2.2,29
"soup,veg bf,cnd,cond",0.89,0.25,13,0,1.9,8
"chicken,broilers or fryers,back,meat&skn,raw",0.94,0.25,13,,1.6,6
"pie,banana crm,prep from recipe",1.04,0.25,75,0.8,1.6,38
"restaurant,chinese,sesame chick",1.09,0.25,12,0.1,1,8
"chicken, broilers or fryers, wing, meat and skin, cooked, fried, batter",1.29,0.25,20,,0,26
"chicken,broilers or fryers,wing,meat&skn,ckd,fried,batter",1.29,0.25,20,,0,26
"mullet,striped,ckd,dry heat",1.41,0.25,31,,1.2,10
"snac, grano bar, gener mills nature vall, swe&sal nut, peanu",1.44,0.25,57,0,0.3,78
"poultry,mechanically deboned,from backs&necks w/skn,raw",1.57,0.25,138,,1.5,6
"chicken,stewing,dk meat,meat only,ckd,stwd",1.64,0.25,12,,0,8
"waffles,pln,prep from recipe",2.31,0.25,255,,0.4,68
"duck,domesticated,meat&skn,raw",2.4,0.25,11,0.7,2.8,13
"fast foods,hotdog,w/corn flr coating (corndog)",3.53,0.25,58,0,0,77
"soup, ramen noodle, any flavor, dry",4.11,0.25,21,,0.3,165
"soup,ramen noodle,any flavor,dry",4.11,0.25,21,0,0.3,165
"dessert topping,pdr,1.5 oz prep w/1/2 cup milk",0.04,0.26,90,0.9,0.7,4
"dessert topping, powdered, 1.5 ounce prepared with 1/2 cup milk",0.04,0.26,90,,0.7,4
"flan,caramel custard,dry mix,prep w/ 2% milk",0.06,0.26,113,0.9,0.7,4
"flan,caramel custard,dry mix,prep w/ whl milk",0.06,0.26,111,0.9,0.7,4
"flan, caramel custard, dry mix, prepared with 2% milk",0.06,0.26,113,,0.7,4
"salad drsng,blue or roquefort chs drsng,fat-free",0.12,0.26,51,0,0.5,2
"puddings, coconut cream, dry mix, regular, prepared with 2% milk",0.2,0.26,113,0,0.7,4
"puddings,cocnt crm,dry mix,reg,prep w/ 2% milk",0.2,0.26,113,,0.7,4
"salad dressing, green goddess, regular",0.35,0.26,34,,0.2,4
"salad drsng,grn goddess,reg",0.35,0.26,34,0,0.2,4
"sauce,homemade,white,thick",0.5,0.26,111,1.2,0.7,15
"sauce, homemade, white, thick",0.5,0.26,111,,0.7,15
"salad drsng,mayo,soybn&safflower oil,w/salt",0.5,0.26,18,,0,8
"kfc,fried chick,original recipe,breast,meat nly,skn brdng rd",0.53,0.26,25,,0,
"ice crm,lt,soft serve,choc",0.6,0.26,134,0.7,0,26
"potsticker or wonton,pork & veg,frz,unprep",0.74,0.26,28,0.2,8.3,18
"soup,bf stroganoff,cnd,chunky style,rts",0.88,0.26,20,0,0,74
"soup, beef stroganoff, canned, chunky style, ready-to-serve",0.88,0.26,20,,0,74
"soup,chunky bf,cnd,rts",0.97,0.26,13,0,2.9,6
"soup,bf & mushroom,lo na,chunk style",0.97,0.26,13,0,3,5
"soup, chunky beef, canned, ready-to-serve",0.97,0.26,13,,2.9,6
"soup, beef and mushroom, low sodium, chunk style",0.97,0.26,13,,3,5
"candies,reese's pnut butter cups",1.21,0.26,78,0,0.3,50
"candies,mars snackfood us,twix pnut butter cookie bars",1.32,0.26,75,0,0.3,15
"turkey ham,sliced,ex ln,prepackaged or deli-sliced",1.35,0.26,5,0,0,6
"chicken,stewing,meat only,ckd,stwd",1.43,0.26,13,,0,6
"chicken,broilers or fryers,back,meat&skn,ckd,fried,batter",1.49,0.26,26,,0,28
"turkey,mechanically deboned,from turkey frames,raw",1.61,0.26,145,,0,7
"pizza rolls,frz,unprep",1.8,0.26,125,0,0,71
"chicken,broilers or fryers,neck,meat&skn,raw",1.9,0.26,18,,0,5
"inf form,pbm prod,store brand,lc,not rec (form wyeth-ayerst)",2.36,0.26,83,1.9,11.2,17
"chicken,broilers or fryers,neck,meat&skn,ckd,fried,flr",2.42,0.26,31,,0,15
"fast foods,hotdog,w/chili",2.88,0.26,17,,2.4,78
"salad drsng,blue or roquefort chs drsng,comm,reg",0.09,0.27,37,0.1,0.7,5
"beef, variety meats and by-products, suet, raw",0.17,0.27,2,,0,1
"beef,var meats & by-products,suet,raw",0.17,0.27,2,,0,1
"babyfood, dinner, macaroni and cheese, strained",0.21,0.27,66,,0.1,15
"babyfood,dinner,macaroni&chs,str",0.21,0.27,66,0,0.1,15
"ckn,brlers/fryers,brst,mt only,ckd,rotisserie,orig seasoning",0.45,0.27,13,0,0,11
"chicken, broiler, rotisserie, bbq, breast meat only",0.46,0.27,13,,0,8
"chicken,broiler,rotisserie,bbq,breast meat only",0.46,0.27,13,0,0,8
"cheese,caraway",0.64,0.27,673,,0,18
"chicken,skn (drumsticks & thighs),w/ added soln,ckd,brsd",0.65,0.27,14,0.1,0,2
"chicken breast tenders,breaded,unckd",1.11,0.27,19,0.2,0.8,12
"macaroni & chs,box mix w/ chs sau,prep",1.17,0.27,85,,,
"chicken,stewing,lt meat,meat only,ckd,stwd",1.19,0.27,14,,0,4
"poultry,mechanically deboned,from mature hens,raw",1.22,0.27,187,,2,5
"inf form,abbot nut,simil neosu,rtf,w/ ara & dha",1.23,0.27,72,1.2,10.3,29
"chicken,roasting,meat&skn,ckd,rstd",1.26,0.27,12,,0,5
"chicken,roasting,dk meat,meat only,ckd,rstd",1.33,0.27,11,,0,7
"fast foods,french toast w/ butter",1.4,0.27,54,,0.1,76
"chicken,broilers or fryers,back,meat&skn,ckd,rstd",1.42,0.27,21,0.1,0,6
"mcdonald's,sausage mcgriddles",1.42,0.27,63,,0,37
"fast foods, griddle cake sandwich, sausage",1.42,0.27,63,,0,100
"fast foods,griddle cake sndwch,sausage",1.42,0.27,63,0.2,0,100
"chicken,broilers or fryers,dk meat,meat&skn,ckd,fried,batter",1.44,0.27,21,,0,24
"fast foods,burrito,w/bns,chs,&bf",1.82,0.27,90,0.1,1.3,67
"taco bell,burrito supreme w/ bf",1.82,0.27,90,,,68
"fast foods, burrito, with beans, cheese, and beef",1.82,0.27,90,0,1.3,67
chocolate-flavored hazelnut sprd,4.38,0.27,108,0,0,14
"snacks,tortilla chips,lofat,made w/olestra,nacho chs",4.8,0.27,128,0,5.5,16
"seaweed,canadian cultivated emi-tsunomata,rehydrated",8.07,0.27,36,0.4,3.5,23
"seaweed, canadian cultivated emi-tsunomata, rehydrated",8.07,0.27,36,,3.5,23
"whey, sweet, fluid",0.06,0.28,47,,0.1,1
"whey,sweet,fluid",0.06,0.28,47,,0.1,1
"soup, cream of mushroom, canned, prepared with equal volume low fat (2%) milk",0.1,0.28,68,,0.1,3
"soup,crm of mushroom,cnd,prep w/ eq volume lofat (2%) milk",0.1,0.28,68,0.7,0.1,3
"soup,tomato,cnd,prep w/ eq volume lofat (2%) milk",0.3,0.28,68,0.6,6.3,2
"sauce,homemade,white,med",0.33,0.28,118,1.2,0.8,10
"soup, tomato, canned, prepared with equal volume low fat (2%) milk",0.55,0.28,69,,6.3,2
"chicken,cornish game hens,meat&skn,ckd,rstd",0.91,0.28,13,0.1,0.5,2
"restaurant,latino,pupusas del cerdo (pupusas,pork)",1.01,0.28,49,0.7,0.1,4
"chicken,broilers or fryers,wing,meat&skn,ckd,fried,flr",1.25,0.28,15,,0,8
"chicken,broilers or fryers,lt meat,meat&skn,ckd,fried,batter",1.26,0.28,20,,0,23
"candies,carob,unswtnd",1.29,0.28,303,0,0.5,21
"chili con carne w/bns,cnd entree",1.34,0.28,33,0,0.2,21
"chicken, broilers or fryers, drumstick, meat and skin, cooked, fried, batter",1.35,0.28,17,,0,24
"chicken,broilers or fryers,drumstk,meat&skn,ckd,fried,batter",1.35,0.28,17,,0,24
"chicken,broilers or fryers,meat&skn,ckd,fried,batter",1.37,0.28,21,0.2,0,25
"chicken,broilers or fryers,leg,meat&skn,ckd,fried,batter",1.4,0.28,18,,0,24
"chicken, broilers or fryers, leg, meat and skin, cooked, fried, batter",1.4,0.28,18,,0,24
"chicken,broilers or fryers,thigh,meat&skn,ckd,fried,batter",1.45,0.28,18,,0,26
"chicken,broilers or fryers,back,meat&skn,ckd,fried,flr",1.62,0.28,24,,0,20
"turkey sausage,red fat,brown&serve,ckd",1.8,0.28,31,0.4,0,23
"turkey,cnd,meat only,w/broth",1.86,0.28,12,0.3,2,6
"turkey,pork,&bf sausage,lofat,smoked",2.2,0.28,10,0.1,1.9,6
"turkey, pork, and beef sausage, low fat, smoked",2.2,0.28,10,,1.9,6
"taquitos,frz,bf & chs,oven-heated",2.67,0.28,97,0,0,113
"crackers,chs,sandwich-type w/pnut butter filling",2.72,0.28,50,0,0,142
"crackers, cheese, sandwich-type with peanut butter filling",2.72,0.28,50,0,0,142
"bread,red-cal,white",3.19,0.28,94,0,0.5,138
"chocolate, dark, 70-85% cacao solids",11.9,0.28,73,,0,0
"chocolate,dk,70-85% cacao sol",11.9,0.28,73,,,
"kefir,lowfat,pln,lifeway",0.04,0.29,130,1,0.2,13
"cream,whipped,crm topping,pressurized",0.05,0.29,101,0.4,0,3
"frozen yogurts,vanilla,soft-serve",0.3,0.29,143,0.1,0.8,6
"frozen yogurts, vanilla, soft-serve",0.3,0.29,143,,0.8,6
"candies,nestle,100 grand bar",0.34,0.29,76,0,0.7,5
"candies, nestle, 100 grand bar",0.34,0.29,76,,0.7,5
"pork,cured,salt pork,raw",0.44,0.29,6,0.2,0,1
"cheese,ricotta,part skim milk",0.44,0.29,272,0.1,0,13
"restaurant,mexican,chs tamales",0.87,0.29,111,,,12
"ice creams,choc",0.93,0.29,109,0.2,0.7,16
"ice creams, regular, low carbohydrate, chocolate",0.93,0.29,109,,0.7,16
"ice creams,reg,lo carbohydrate,choc",0.93,0.29,109,0.2,0.7,16
"chicken patty,frz,ckd",0.95,0.29,19,0.3,0,7
"chicken patty, frozen, cooked",0.95,0.29,19,,0,7
"chicken, broilers or fryers, dark meat, meat and skin, raw",0.98,0.29,11,,0,7
"chicken,broilers or fryers,dk meat,meat & skn,raw",0.98,0.29,11,,0,7
bologna  pork & turkey  lite,1.15,0.29,48,,0,18
"chicken,roasting,meat only,ckd,rstd",1.21,0.29,12,,0,5
"frozen yogurts,choc,soft-serve",1.25,0.29,147,,0.3,11
"beef macaroni w/ tomato sau,frz entree,red fat",1.3,0.29,12,0,3.9,48
"chicken,broilers or fryers,dk meat,meat&skn,ckd,rstd",1.36,0.29,15,,0,7
"babyfood,meat,meat stks,jr",1.38,0.29,34,0.2,2.4,11
"oscar mayer, bologna light (pork, chicken, beef)",1.39,0.29,50,,0,18
"chicken,cnd,meat only,w/broth",1.58,0.29,14,0.1,2,4
potato pancakes,1.67,0.29,32,0.3,27.6,45
"noodles,egg,dry,unenr",1.9,0.29,35,0.3,0,29
"cereals rte,familia",2.78,0.29,173,0,0.6,16
"pancakes,whole-wheat,dry mix,incomplete,prep",3.11,0.29,250,0,0.5,35
"noodles,egg,dry,enriched",4.01,0.29,35,0.3,0,370
"babyfood, yogurt, whole milk, with fruit, multigrain cereal and added iron",4.18,0.29,98,0,3.6,7
"babyfood,yogu,whl milk,w/ frui,multigra crl & add iron fort",4.18,0.29,98,0,3.6,7
"sour cream,fat free",0,0.3,125,0,0,11
"puddings,banana,dry mix,inst,prep w/ 2% milk",0.06,0.3,102,0.8,0.8,4
"sour cream, reduced fat",0.06,0.3,141,,0.9,11
"puddings,lemon,dry mix,inst,prep w/ 2% milk",0.06,0.3,101,0.8,0.8,4
"sour cream,reduced fat",0.06,0.3,141,0.3,0.9,11
"puddings, banana, dry mix, instant, prepared with 2% milk",0.06,0.3,102,0,0.8,4
"puddings,lemon,dry mix,inst,prep w/ whl milk",0.06,0.3,99,,0.8,4
"puddings,vanilla,dry mix,inst,prep w/ whl milk",0.07,0.3,101,,0.8,4
"cream,sour,red fat,cultured",0.07,0.3,104,0.2,0.9,11
"cheese,neufchatel",0.13,0.3,117,,0,14
"cheese, neufchatel",0.13,0.3,117,,0,14
"candies, caramels",0.14,0.3,138,,0.4,4
"candies,caramels",0.14,0.3,138,0,0.4,4
"puddings,cocnt crm,dry mix,inst,prep w/ whl milk",0.15,0.3,100,,0.8,4
"puddings, coconut cream, dry mix, instant, prepared with 2% milk",0.15,0.3,102,0,0.8,4
"puddings,cocnt crm,dry mix,inst,prep w/ 2% milk",0.15,0.3,102,,0.8,4
"sauce, homemade, white, thin",0.21,0.3,126,,0.8,12
"sauce,homemade,white,thin",0.21,0.3,126,1.2,0.8,12
"ice creams,strawberry",0.21,0.3,120,0,7.7,12
"puddings,choc,dry mix,inst,prep w/ whl milk",0.29,0.3,102,,0.9,4
"sea bass,mxd sp,raw",0.29,0.3,10,5.6,0,5
"sea bass,mxd sp,ckd,dry heat",0.37,0.3,13,,0,6
"babyfood,carrots&bf,str",0.5,0.3,22,0,0.8,17
"pork,oriental style,dehyd",0.5,0.3,10,,0,2
"chicken,broiler,rotisserie,bbq,breast meat & skn",0.51,0.3,16,0,0,8
"kfc,fried chick,ex crispy,breast,meat only,skn & brding rmvd",0.51,0.3,20,,0,
"chicken, broiler, rotisserie, bbq, breast meat and skin",0.51,0.3,16,,0,8
"fast foods, fried chicken, breast, meat only, skin and breading removed",0.54,0.3,23,,0,12
"fast foods,fried chick,breast,meat only,skn & brding removed",0.54,0.3,23,0.1,0,12
"turkey, retail parts, enhanced, breast, meat only, cooked, roasted",0.59,0.3,15,,0,9
"turkey,rtl parts,breast,meat only,w/ added soln,ckd,rstd",0.59,0.3,15,0.1,0,9
"sweet rolls,cheese",0.76,0.3,118,,0.2,51
"chicken,dk meat,drumstk,meat & skn,w/ added soln,ckd,brsd",0.76,0.3,14,0.1,0,4
"chicken,cornish game hens,meat only,ckd,rstd",0.77,0.3,13,0.1,0.6,2
"pork,frsh,var meats&by-products,stomach,raw",1.01,0.3,11,0,0,3
"pie,vanilla crm,prep from recipe",1.02,0.3,90,1.2,0.5,37
"soup,bouillon cubes&granules,lo na,dry",1.03,0.3,187,0,1.1,21
"soup,chick broth or bouillon,dry",1.03,0.3,187,0,1.1,32
"salmon,sockeye,cnd,wo/salt,drnd sol w/bone",1.06,0.3,239,,0,10
"inf formula, abbott nutr, similac, alimentum, w/ iron,rtf",1.18,0.3,69,0.7,5.9,17
"inf form, abbo nutr, simil, aliment, advan, rtf,w/ ara & dha",1.18,0.3,69,0.7,5.9,17
"inf formula, abbo nutr, simil,isomi,w/ iron,rtf",1.18,0.3,69,1,5.9,17
"inf formu, abbo nutr, simil, expert care, diarrh rt",1.18,0.3,69,1,5.9,17
"inf formula, abbo nutr,simil,isomil, advance w/ iron,rtf",1.18,0.3,69,1,5.9,17
"chicken,broilers or fryers,breast,meat&skn,ckd,fried,batter",1.25,0.3,20,0.1,0,21
"chicken, broilers or fryers, meat and skin, cooked, roasted",1.26,0.3,15,,0,5
"chicken,broilers or fryers,meat&skn,ckd,rstd",1.26,0.3,15,0,0,5
"kashi pizza,greek tzatziki,single serve,frz,unprep",1.3,0.3,116,0,0,28
"chicken,broilers or fryers,back,meat only,ckd,rstd",1.39,0.3,24,0.1,0,7
"fast foods, scallops, breaded and fried",1.42,0.3,13,,0,43
"chicken,broilers or fryers,thigh,meat&skn,ckd,fried,flr",1.49,0.3,14,,0,15
"chicken,broilers or fryers,dk meat,meat&skn,ckd,fried,flr",1.5,0.3,17,,0,13
"soup,chili bf,cnd,cond",1.62,0.3,33,,3.1,9
"soup,chick broth cubes,dry",1.87,0.3,190,,1,32
"duck, domesticated, meat and skin, cooked, roasted",2.7,0.3,11,,0,6
"duck,domesticated,meat&skn,ckd,rstd",2.7,0.3,11,0.1,0,6
"pasta mix,classic cheeseburger macaroni,unprep",2.75,0.3,28,0,2.3,198
"chicken,broilers or fryers,neck,meat only,ckd,fried",2.98,0.3,41,,0,8
"chicken, broilers or fryers, neck, meat only, cooked, fried",2.98,0.3,41,,0,8
"babyfood,crl,rice,w/honey,prep w/whl milk",10.81,0.3,291,0,0,8
"babyfood,crl,oatmeal,w/honey,prep w/whl milk",11.09,0.3,289,0,,10
"babyfood,crl,mxd,w/honey,prep w/whl milk",11.27,0.3,294,,,11
"babyfood,crl,oatmeal,prep w/whl milk",12.14,0.3,220,0,1.3,10
"babyfood,crl,hi prot,prep w/whl milk",12.14,0.3,218,,,35
"babyfood,crl,hi prot,w/appl&orange,dry",47.5,0.3,751,0,3.1,190
"puddings,banana,dry mix,reg,prep w/ whl milk",0.04,0.31,101,1.1,0,4
"kefir,lowfat,strawberry,lifeway",0.04,0.31,119,1.1,1.5,22
"puddings,vanilla,dry mix,reg,prep w/ whl milk",0.04,0.31,99,1.1,0,4
"beverages,shake,fast fd,strawberry",0.11,0.31,113,0,0.8,3
"puddings,tapioca,rte,fat free",0.11,0.31,52,0,0.3,2
dulce de leche,0.17,0.31,251,0.2,2.6,11
"puddings,choc,dry mix,inst,prep w/ whole milk",0.34,0.31,106,1.1,0,4
"salad drsng,italian drsng,fat-free",0.4,0.31,30,0,0.4,12
"puddings,choc,dry mix,inst,prep w/ 2% milk",0.4,0.31,104,0.8,0.8,5
"cheesecake prepared from mix, no-bake type",0.47,0.31,172,,0.5,38
"cheesecake prep from mix,no-bake type",0.47,0.31,172,,0.5,38
"pork, cured, ham, separable fat, boneless, unheated",0.5,0.31,4,,0,0
"pork,cured,ham,fat,bnless,unhtd",0.5,0.31,4,1.2,0,0
"corn pudd,home prep",0.53,0.31,39,0.5,3.7,29
"pork,cured,ham,fat,bnless,htd",0.53,0.31,6,1.9,0,1
"kfc, fried chicken, original recipe, breast, meat and skin with breading",0.6,0.31,33,,0,0
"kfc,fried chick,original recipe,breast,meat & skn w/ brding",0.6,0.31,33,,0,
"fast foods,fried chick,breast,meat & skn & breading",0.72,0.31,45,0.1,0,28
"pork,cured,ham -- h2o added,shank,bone-in,ln & fat,unhtd",0.72,0.31,7,,0,1
"pork,cured,ham -- h2o added,shank,bone-in,ln,unhtd",0.76,0.31,7,,0,1
"chicken,dk meat,drumstk,meat only,w/ added soln,ckd,brsd",0.78,0.31,14,0.1,0,4
"chicken, broilers or fryers, meat and skin, raw",0.9,0.31,11,,1.6,6
"chicken,broilers or fryers,meat & skn,raw",0.9,0.31,11,0.2,1.6,6
"fast foods,nachos,w/ chs,bns,ground bf,& tomatoes",1.01,0.31,47,0.1,0,14
"taco bell,nachos supreme",1.01,0.31,47,,0,14
"fast foods, nachos, with cheese, beans, ground beef, and tomatoes",1.01,0.31,47,0,0,14
"chicken,roasting,lt meat,meat only,ckd,rstd",1.08,0.31,13,0.1,0,3
"chicken,broilers or fryers,meat&skn,ckd,fried,flr",1.38,0.31,17,0.1,0,11
"chicken,broilers or fryers,leg,meat&skn,ckd,fried,flr",1.43,0.31,13,,0,13
"chicken,broilers or fryers,back,meat only,ckd,fried",1.65,0.31,26,,0,9
"french toast,prep from recipe,made w/lofat (2%) milk",1.67,0.31,100,,0.3,57
"scrapple,pork",1.89,0.31,7,0.3,2.5,5
"inf formula, ne,goo star 2 essent,w/ iron,liq conc,not recon",2.25,0.31,150,2,11,32
"pasta,fresh-refrigerated,spinach,as purchased",3.3,0.31,43,,0,262
"pasta,fresh-refrigerated,pln,as purchased",3.35,0.31,15,,0,284
"school lunch,chick patty,whl grain breaded",3.77,0.31,34,0.3,0.7,12
"babyfood,yog,whl milk,w/ fruit,multig crl & add dha fort",0.15,0.32,107,0.1,1.4,8
"milk,choc,fat free,w/ added vit a & vitamin d",0.27,0.32,127,1.1,1,2
"rennin,choc,dry mix,prep w/ whl milk",0.3,0.32,124,0.9,0.8,5
"milk shakes,thick choc",0.31,0.32,132,1,0,5
"rice bowl w/ chick,frz entree,prep",0.35,0.32,13,0,3,22
"chicken,broilers or fryers,breast,meat & skn,ckd,rotisserie,",0.55,0.32,15,,0,11
"kfc,fried chick,ex crispy,breast,meat & skn w/ breading",0.57,0.32,27,,0,
"turkey breast,pre-basted,meat&skn,ckd,rstd",0.66,0.32,9,,0,5
"kfc,fried chick,original recipe,skn & breading",0.88,0.32,117,,,
"kfc, fried chicken, original recipe, skin and breading",0.88,0.32,117,,0,0
"inf formula, abbott nutr, similac, lo iron,liq conc,not reco",0.89,0.32,99,1.9,11.5,33
"olive garden,chs ravioli w/ marinara sau",0.96,0.32,121,,,44
"chicken,dk meat,thigh,meat & skn,w/ added soln,ckd,brsd",0.98,0.32,12,0.3,0,4
"chicken,stewing,meat&skn,raw",1.04,0.32,10,,0,6
"chicken,broilers or fryers,breast,meat&skn,ckd,rstd",1.07,0.32,14,0.1,0,4
"chili w/ bns,microwavable bowls",1.13,0.32,34,0,0.8,24
"chicken,broilers or fryers,lt meat,meat&skn,ckd,rstd",1.14,0.32,15,,0,3
"fast foods,taco salad",1.15,0.32,97,,1.8,57
"candies,mars snackfood us,m&m's pnut choc candies",1.16,0.32,102,0,0,55
"candies, mars snackfood us, m&m's peanut chocolate candies",1.16,0.32,102,0,0,55
"beef pot pie,frz entree,prep",1.25,0.32,14,,0.3,28
"chicken, broilers or fryers, dark meat, meat only, cooked, roasted",1.33,0.32,15,,0,8
"chicken,broilers or fryers,dk meat,meat only,ckd,rstd",1.33,0.32,15,0.1,0,8
"chicken, broilers or fryers, drumstick, meat and skin, cooked, fried, flour",1.34,0.32,12,,0,11
"chicken,broilers or fryers,drumstk,meat&skn,ckd,fried,flr",1.34,0.32,12,,0,11
"chicken,broilers or fryers,neck,meat only,raw",2.06,0.32,27,,0,8
"croissants,cheese",2.15,0.32,53,0,0.2,103
"croissants, cheese",2.15,0.32,53,,0.2,103
"inf form, ab nutr, similac, w/ iron, liq conc, not recon",2.3,0.32,99,1.9,11.5,33
"inf formu,abbo nutr,similac,advan,w/ iron,liq conc,not recon",2.3,0.32,99,1.9,11.5,33
"inf formula, abb nut,simil,sens,(lact fr),liq con,w/ ar & dh",2.32,0.32,108,1.9,11.5,33
"snack,pretzel,hard choc coatd",2.54,0.32,141,0,0,114
"pancakes,pln,dry mix,complete (incl bttrmlk)",3.6,0.32,344,,,
"gravy,au jus,dry",9.3,0.32,140,,1,81
"sour drsng,non-butterfat,cultured,filled cream-type",0.03,0.33,113,0,0.9,12
"rennin, vanilla, dry mix, prepared with 2% milk",0.05,0.33,121,,0.9,5
"rennin,vanilla,dry mix,prep w/ 2% milk",0.05,0.33,121,0.9,0.9,5
"rennin,vanilla,dry mix,prep w/ whl milk",0.05,0.33,119,0.9,0.9,5
"beverages,strawberry-flavor bev mix,pdr,prep w/ whl milk",0.08,0.33,110,0,0.9,5
"milk,choc,fluid,comm,whl,w/ added vit a & vitamin d",0.24,0.33,112,1.3,0.9,5
"milk,choc,fluid,comm,red fat,w/ added ca",0.24,0.33,194,,0,2
"milk,choc,fluid,comm,red fat",0.24,0.33,109,1.2,0,2
"rennin,choc,dry mix,prep w/ 2% milk",0.3,0.33,126,0.9,0.9,5
"babyfood,dinner,veg&bf,jr",0.35,0.33,17,0,0.2,7
"pork,cured,fat (from ham&arm picnic),unhtd",0.39,0.33,5,0.2,0,1
"turkey,rtl parts,breast,meat only,w/ added soln,raw",0.41,0.33,8,0.2,0,7
"candies,rolo caramels in milk choc",0.42,0.33,145,0,0.9,0
"babyfood,dinner,broccoli & chick,jr",0.52,0.33,37,0,17.7,76
"popeyes, fried chicken, mild, breast, meat only, skin and breading removed",0.55,0.33,20,,0,0
"popeyes, chick,mild,breast,meat only,skn & brding removed",0.55,0.33,20,,0,
"wendy's,chick nuggets",0.62,0.33,11,,1.3,
"lasagna w/ meat sau,frz,prep",0.71,0.33,88,0,2.5,36
"digiorno pizza,chs topping,rising crust,frz,bkd",0.77,0.33,192,,1.5,
"chicken,cornish game hens,meat&skn,raw",0.78,0.33,11,0,0.5,3
"chicken, cornish game hens, meat and skin, raw",0.78,0.33,11,0,0.5,3
"tky,stuffing,mshd potato w/gravy,assorted veg,frz,microwave",0.79,0.33,27,0.1,0.8,29
"candies,mars snackfood us,twix caramel cookie bars",0.81,0.33,106,0,0.6,39
"fast foods,chick,breaded & fried,bnless pieces,pln",0.83,0.33,11,0.2,0.6,15
"mcdonald's,chick mcnuggets",0.89,0.33,11,,1.2,
"chicken,broilers or fryers,lt meat,meat&skn,ckd,fried,flr",1.21,0.33,16,0.1,0,9
"chicken,broilers or fryers,meat only,rstd",1.21,0.33,15,0.1,0,6
"candies,mars snackfood us,twix choc fudge cookie bars",1.31,0.33,130,0,1,9
"candies, mr. goodbar chocolate bar",1.39,0.33,110,,0.9,38
"candies,mr. goodbar choc bar",1.39,0.33,110,0,0.9,38
"chicken,broilers or fryers,thigh,meat only,ckd,fried",1.46,0.33,13,0.2,0,9
"chicken,broilers or fryers,dk meat,meat only,ckd,fried",1.49,0.33,18,,0,9
"chicken,capons,meat&skn,ckd,rstd",1.49,0.33,14,,0,6
"wendy's,homestyle chick fillet sndwch",1.5,0.33,23,,0.3,
"wendy's,ultimate chick grill sndwch",1.55,0.33,25,,1.1,
"taco bell,burrito supreme w/ chick",1.56,0.33,94,,,64
"fast foods,crispy chick filet sndwch,w/ lettuce & mayo",1.71,0.33,72,0.2,0.3,43
"turnover,filled w/ egg,meat & chs,frz",2.13,0.33,79,0.4,0,70
"pizza hut 14"" chs pizza,pan crust",2.47,0.33,192,0,1.9,152
"gravy,brown inst,dry",7.4,0.33,116,0,1.9,99
"cereals, quaker, instant grits product with american cheese flavor, dry",30.38,0.33,418,,0,0
"cereals,quaker,inst grits product w/ american chs flavor,dry",30.38,0.33,418,,0,173
"milk,filled,fluid,w/blend of hydr veg oils",0.05,0.34,128,,0.9,5
"milk,filled,fluid,w/lauric acid oil",0.05,0.34,128,0,0.9,5
"milk, filled, fluid, with blend of hydrogenated vegetable oils",0.05,0.34,128,0,0.9,5
"cheese,ricotta,whole milk",0.38,0.34,207,0.2,0,12
"beef,nz,imp,subcutaneous fat,ckd",0.47,0.34,17,0.3,0,
"olive garden,chick parmigiana wo/ pasta",0.58,0.34,95,,,16
"coffeecake,cheese",0.64,0.34,59,,0.1,53
"coffeecake, cheese",0.64,0.34,59,,0.1,53
"chicken,broilers or fryers,breast,meat&skn,raw",0.74,0.34,11,0.4,0,4
"pork,cured,ham & h2o product,whl,bnless,ln & fat,unhtd",0.78,0.34,8,0.6,0,3
"pork,cured,ham & h2o product,whl,bnless,ln,unhtd",0.78,0.34,8,0.6,0,4
"chicken,broilers or fryers,lt meat,meat & skn,raw",0.79,0.34,11,,0,4
"guinea hen,meat&skn,raw",0.84,0.34,11,,1.3,5
"bratwurst,chick,ckd",0.87,0.34,11,,2,6
"bratwurst, chicken, cooked",0.87,0.34,11,,2,6
"chicken, broilers or fryers, breast, meat only, cooked, roasted",1.04,0.34,15,,0,4
"chicken,broilers or fryers,breast,meat only,ckd,rstd",1.04,0.34,15,0.1,0,4
"chicken,broilers or fryers,lt meat,meat only,ckd,rstd",1.06,0.34,15,0.1,0,4
"chicken, dark meat, thigh, meat only, enhanced, cooked, braised",1.07,0.34,12,,0,4
"chicken,dk meat,thigh,meat only,w/ added soln,ckd,brsd",1.07,0.34,12,0.3,0,4
"chicken, capons, meat and skin, raw",1.09,0.34,11,,1.7,6
"chicken,capons,meat&skn,raw",1.09,0.34,11,,1.7,6
"fast foods,fried chick,skn & breading from all pieces",1.12,0.34,92,0.2,0,64
"fast foods, fried chicken, skin and breading from all pieces",1.12,0.34,92,,0,64
"chicken,broilers or fryers,wing,meat only,ckd,fried",1.14,0.34,15,0.1,0,4
"chicken,roasting,dk meat,meat only,raw",1.15,0.34,9,,0,9
"chicken, broilers or fryers, wing, meat only, cooked, roasted",1.16,0.34,16,,0,4
"chicken,broilers or fryers,wing,meat only,ckd,rstd",1.16,0.34,16,0.1,0,4
"chicken,broilers or fryers,breast,meat&skn,ckd,fried,flr",1.19,0.34,16,,0,7
"pancakes,pln,dry mix,incomplete,prep",1.3,0.34,215,,0.6,54
"pancakes, plain, dry mix, incomplete, prepared",1.3,0.34,215,,0.6,54
"chicken,broilers or fryers,meat only,ckd,fried",1.35,0.34,17,0.1,0,7
"chicken,broilers or fryers,leg,meat only,ckd,fried",1.4,0.34,13,,0,9
"turkey,wing,smoked,ckd,w/skn,bone removed",1.46,0.34,24,0.1,0,6
"turkey,all classes,wing,meat&skn,ckd,rstd",1.46,0.34,24,0.1,0,6
"beans,bkd,cnd,w/franks",1.73,0.34,48,0,2.3,30
"egg sub,liq or frz,fat free",1.98,0.34,73,1.6,0.5,16
"egg substitute, liquid or frozen, fat free",1.98,0.34,73,,0.5,16
"turkey,all classes,back,meat&skn,ckd,rstd",2.19,0.34,33,0,0,8
"turkey, all classes, back, meat and skin, cooked, roasted",2.19,0.34,33,,0,8
"school lunch,pizza,sausage top,thick crust,whl grn,frz,ckd",2.21,0.34,168,0,0.4,120
"goose,domesticated,meat&skn,raw",2.5,0.34,12,,4.2,4
"goose, domesticated, meat and skin, raw",2.5,0.34,12,,4.2,4
"crackers,cheese,regular",4.88,0.34,136,0,0,241
"beverages,coffee sub,crl grain bev,pdr,prep w/ whl milk",0.11,0.35,119,0,0.9,5
"coffee substitute, cereal grain beverage, powder, prepared with whole milk",0.11,0.35,119,0,0.9,5
"cheese sau,prep from recipe",0.35,0.35,311,1,0.6,11
ice crm sundae cone,0.36,0.35,60,0.1,0,29
"pork,cured,ham -- h2o added,rump,bone-in,ln & fat,htd,rstd",0.69,0.35,8,,0,4
"chicken,broilers or fryers,wing,meat&skn,ckd,rstd",0.84,0.35,18,0.2,0,9
"pie,pumpkin,commly prep",0.9,0.35,64,0.1,0,37
"bread,salvadoran swt chs (quesadilla salvadorena)",0.98,0.35,73,0.3,0,48
"cocoa mix, powder",1.19,0.35,133,,0.2,6
"beverages,cocoa mix,pdr",1.19,0.35,133,0,0.2,6
"chicken,broilers or fryers,drumstk,meat only,ckd,fried",1.32,0.35,12,,0,9
"mcdonald's, deluxe breakfast, with syrup and margarine",1.5,0.35,50,,0.2,0
"mcdonald's,deluxe brkfst,w/ syrup & margarine",1.5,0.35,50,,0.2,
"poultry,mechanically deboned,from backs&necks wo/skn,raw",1.73,0.35,123,,3,9
"turkey,lt or dk meat,smoked,ckd,w/skn,bone removed",1.79,0.35,26,0,0,7
"hot pockets ham 'n chs stuffed sndwch,frz",2,0.35,152,0.2,0.1,84
"hot pockets,meatballs & mozzarella stuffed sndwch,frz",2.08,0.35,181,0.2,0.6,107
"turkey rst,bnless,frz,seasoned,lt&dk meat,raw",2.1,0.35,1,,0,7
"fast fd,pizza chain,14"" pizza,chs topping,thick crust",2.48,0.35,179,0,1.2,152
"hot pockets,croissant pockts chik,broc&chdr stufd sndwch,frz",2.97,0.35,152,0.2,4.9,84
"bread crumbs,dry,grated,pln",4.83,0.35,183,0,0,164
"bread crumbs,dry,grated,seasoned",4.92,0.35,182,0,2.7,183
"babyfood,crl,hi prot,w/appl&orange,prep w/whl milk",14.42,0.35,223,0,,28
"babyfood, cereal, high protein, with apple and orange, prepared with whole milk",14.42,0.35,223,0,0,28
"ice crm cone,choc covered,w/ nuts,flavors other than choc",0,0.36,63,0.1,0,35
"light ice crm,creamsicle",0,0.36,62,0.1,13.8,6
"milk, low sodium, fluid",0.05,0.36,101,,0.9,5
"milk,lo na,fluid",0.05,0.36,101,1.3,0.9,5
"milk,producer,fluid,3.7% milkfat",0.05,0.36,119,,1.5,5
"milk,indian buffalo,fluid",0.12,0.36,169,,2.3,6
"cookies,butter,commly prep,unenr",0.29,0.36,29,,0,6
"desserts,flan,caramel custard,prepared-from-recipe",0.38,0.36,83,,0,9
"burger king, vanilla shake",0.42,0.36,104,,0,0
"burger king,vanilla shake",0.42,0.36,104,,0,
"ham, sliced, packaged (96% fat free, water added)",0.58,0.36,5,,0,0
"ham,sliced,pre-packaged,deli meat (96%fat free,h2o added)",0.59,0.36,5,0.6,0,0
"kfc,fried chick,ex crispy,skn & breading",0.67,0.36,41,,,
"pork,frsh,leg (ham),rump half,ln,raw",0.67,0.36,12,0.3,0,0
"pork,cured,ham -- h2o added,rump,bone-in,ln,htd,rstd",0.71,0.36,8,,0,4
"beverages,choc malt,pdr,prep w/ fat free milk",0.74,0.36,234,1.5,3.3,5
"popeyes,fried chick,mild,breast,meat & skn w/ breading",0.74,0.36,23,,0,
"restaurant, italian, cheese ravioli with marinara sauce",0.82,0.36,120,,0,0
"restaurant,italian,chs ravioli w/ marinara sau",0.82,0.36,120,,,28
"pork sausage,red na,ckd",0.85,0.36,0,0.8,0,2
"pork,cured,ham w/ nat juices,shank,bone-in,ln & fat,unhtd",1.01,0.36,6,,0,3
"chicken, broilers or fryers, dark meat, meat only, raw",1.03,0.36,12,,3.1,10
"chicken,roasting,meat only,raw",1.03,0.36,10,,0,7
"chicken,broilers or fryers,dk meat,meat only,raw",1.03,0.36,12,,3.1,10
"chicken, broilers or fryers, back, meat only, raw",1.04,0.36,17,,0,9
"chicken,broilers or fryers,back,meat only,raw",1.04,0.36,17,,0,9
"candies,mars snackfood us,mars almond bar",1.1,0.36,168,0,0.7,9
"chicken,broilers or fryers,lt meat,meat only,ckd,fried",1.14,0.36,16,,0,4
"chicken, broilers or fryers, light meat, meat only, cooked, fried",1.14,0.36,16,,0,4
"turkey, all classes, breast, meat and skin, cooked, roasted",1.4,0.36,21,,0,6
"turkey,all classes,breast,meat&skn,ckd,rstd",1.4,0.36,21,,0,6
"cake,pound,commly prep,butter (includes frsh & frozen)",1.48,0.36,47,0.8,0,52
"tortilla chips,plain",1.52,0.36,106,0,0,12
"snacks, tortilla chips, plain, white corn, salted",1.52,0.36,106,0,0,12
"chicken,capons,meat&skn&giblets&neck,ckd,rstd",1.79,0.36,15,,0.4,26
"cookies,butter,commly prep,enr",2.22,0.36,29,0.4,0,125
"turkey,drumstk,smoked,ckd,w/skn,bone removed",2.3,0.36,32,0.1,0,9
"turkey,all classes,leg,meat&skn,ckd,rstd",2.3,0.36,32,0.1,0,9
"snacks,tortilla chips,unsalted,white corn",2.32,0.36,174,0,0,10
"digiorno pizza,chs topping,chs stuffed crust,frz,bkd",2.35,0.36,235,,0.5,
"domino's 14"" chs pizza,ultimate deep dish crust",2.49,0.36,166,,0.4,
"quail,cooked,total edible",4.43,0.36,15,0.2,2.3,6
"silk coffee,soymilk",0,0.37,123,,0,7
"puddings,banana,dry mix,inst,prep w/ whl milk",0.05,0.37,94,1.1,0,4
"yogurt, plain, whole milk, 8 grams protein per 8 ounce",0.05,0.37,121,,0.5,7
"yogurt,pln,whl milk,8 grams prot per 8 oz",0.05,0.37,121,0.1,0.5,7
"milk,bttrmlk,fluid,cultured,red fat",0.06,0.37,143,0,1.5,6
"vitasoy usa, vitasoy light vanilla soymilk",0.3,0.37,123,,0,0
"vitasoy usa,vitasoy lt vanilla soymilk",0.3,0.37,123,0.8,,10
"puddings,choc,dry mix,reg,prep w/ 2% milk",0.34,0.37,112,1,0.1,4
"turkey breast, sliced, prepackaged",0.34,0.37,7,,0,4
"turkey breast,sliced,prepackaged",0.42,0.37,14,0.2,0,4
"silk chai,soymilk",0.44,0.37,123,0.8,0,7
"canadian bacon,unprep",0.44,0.37,6,0.1,0,4
"silk mocha,soymilk",0.44,0.37,123,,0,7
"turkey,all classes,lt meat,ckd,rstd",0.71,0.37,9,0.3,0,10
"turkey, all classes, light meat, cooked, roasted",0.71,0.37,9,,0,10
"pork,cured,ham & h2o product,whl,bnless,ln & fat,htd,rstd",0.74,0.37,8,0.7,0,2
"pork, cured, ham and water product, whole, boneless, separable lean only, heated, roasted",0.74,0.37,8,,0,2
"pork,cured,ham & h2o product,whl,bnless,ln,htd,rstd",0.74,0.37,8,0.7,0,2
"pork, cured, ham and water product, whole, boneless, separable lean and fat, heated, roasted",0.74,0.37,8,,0,2
"ham,smoked,ex ln,lo na",0.76,0.37,5,0.7,0,2
"guinea hen,meat only,raw",0.77,0.37,11,,1.7,6
"guinea hen, meat only, raw",0.77,0.37,11,,1.7,6
"chicken,broilers or fryers,meat only,raw",0.89,0.37,12,0.1,2.3,7
"chicken,dk meat,thigh,meat only,w/ added soln,ckd,rstd",0.98,0.37,10,0.3,0,4
"pork,cured,ham w/ nat juices,shank,bone-in,ln,unhtd",1.1,0.37,7,,0,3
"candies,whatchamacallit candy bar",1.13,0.37,118,0,0.9,18
"chicken,broilers or fryers,breast,meat only,ckd,fried",1.14,0.37,16,0.1,0,4
"chicken, broilers or fryers, breast, meat only, cooked, fried",1.14,0.37,16,,0,4
"chicken,stewing,dk meat,meat only,raw",1.22,0.37,10,,4.6,10
"cake,sponge,prep from recipe",1.58,0.37,42,,0,53
"candies, milk chocolate coated raisins",1.71,0.37,86,0,0.2,7
"candies,milk choc coatd raisins",1.71,0.37,86,0,0.2,7
"turkey,lt or dk meat,smoked,ckd,skn & bone removed",1.78,0.37,25,0.1,0,7
"turkey, fryer-roasters, meat and skin, cooked, roasted",1.95,0.37,22,,0,7
"turkey,fryer-roasters,meat&skn,ckd,rstd",1.95,0.37,22,0,0,7
"inf form,mead johnson,enfamil,nutramigen,w/iron,lc,not recon",2.28,0.37,120,1.6,15.1,34
"inf fo,me jo,enf,nutr,lipil,w/ ir,liq co not re,w/ ara & dha",2.28,0.37,123,1.6,15.1,34
"gravy,inst turkey,dry",9.57,0.37,115,0,0.9,56
"milk,fluid,nonfat,ca fort (fat free or skim)",0.04,0.38,204,1.2,1,5
"milk, lowfat, fluid, 1% milkfat, with added nonfat milk solids, vitamin a and vitamin d",0.05,0.38,128,,1,5
"milk,red fat,fluid,2% milkfat,w/ added nfms, vit a & vit d",0.05,0.38,128,1,1,5
"milk,lowfat,fluid,1% milkfat,w/ add nonfat milk sol,vit a/ d",0.05,0.38,128,1,1,5
"beverages,choc syrup,prep w/ whl milk",0.32,0.38,89,,0,5
ham  honey  smoked  ckd,0.39,0.38,6,,0.6,2
"ice creams,choc,lt,no sugar added",0.48,0.38,121,0.1,0.7,5
poultry salad sandwich spread,0.61,0.38,10,,1,5
poultry salad sndwch sprd,0.61,0.38,10,0.2,1,5
"ice crm bar,choc or caramel covered,w/nuts",0.72,0.38,252,0.2,0.7,11
"chicken,broilers or fryers,lt meat,meat only,raw",0.73,0.38,12,,0,4
"chicken,broilers or fryers,wing,meat only,raw",0.88,0.38,13,0.1,1.2,4
"pork,frsh,spareribs,ln&fat,raw",0.91,0.38,15,2.3,0,0
"sauce,alfredo mix,dry",0.94,0.38,467,,0,4
"sauce, alfredo mix, dry",0.94,0.38,467,,0,4
"chicken,broilers or fryers,wing,meat only,ckd,rotisserie,ori",0.97,0.38,32,,0,7
"pork,cured,ham -- h2o added,slice,bone-in,ln & fat,unhtd",0.98,0.38,8,,0,1
"banquet,salisbury steak w/ gravy,family size,frz,unprep",0.98,0.38,51,,,13
"roughy,orange,raw",1.01,0.38,9,0,0,26
"chicken,stewing,meat only,raw",1.09,0.38,10,,3.3,7
"chicken,broilers or fryers,leg,meat&skn,ckd,rstd",1.09,0.38,12,0.1,0,5
"chicken, stewing, meat only, raw",1.09,0.38,10,,3.3,7
"chicken,broilers or fryers,dk meat,drumstk,meat only,ckd,rst",1.14,0.38,11,0,0,4
"popeyes,fried chick,mild,skn & breading",1.73,0.38,26,,,
"inf form,nest,good start essent soy,w/ iron,liq con,not reco",2.29,0.38,133,2,15.2,35
"infant formula, mead johnson, enfamil, lactofree, lipil, with iron, liquid concentrate, not reconstituted, with ara and dha",2.3,0.38,104,,15.3,34
"inf formula, mead johnson, prosobee,w/iron ,liq cnc, not rec",2.3,0.38,134,1.9,15.3,34
"inf formu, me joh, enf, lac, li, w/ ir,li co,n re,w/ ar & dh",2.3,0.38,104,1.9,15.3,34
"infformula, mead johns,enfamil,prosob,lipi,lc,notrec,ara&dha",2.3,0.38,134,1.9,15.3,34
"pizza hut 14"" chs pizza,hand-tossed crust",2.62,0.38,209,0,2,149
"pizza hut 14"" cheese pizza, hand-tossed crust",2.62,0.38,209,,2,149
"milk,nonfat,fluid,w/ added nonfat milk sol,vit a & vit d",0.05,0.39,129,1.2,1,5
"milk,red fat,fluid,2% milkfat,w/ nonfat milk sol,wo/ vit a",0.06,0.39,143,,1.1,5
"ice creams,reg,lo carbohydrate,vanilla",0.09,0.39,128,0.2,0.6,5
"ice creams,vanilla",0.09,0.39,128,0.2,0.6,5
"beverages,eggnog-flavor mix,pdr,prep w/ whl milk",0.12,0.39,92,,0,5
"fast foods,sundae,caramel",0.14,0.39,122,,2.2,8
"frozen novelties,ice crm type,sundae,prepackaged",0.25,0.39,120,0.1,1.8,5
"ice creams,vanilla,rich",0.34,0.39,117,0.3,0,9
"desserts,egg custard,bkd,prepared-from-recipe",0.35,0.39,107,,0,10
"vitasoy usa,vitasoy organic creamy original soymilk",0.4,0.39,127,0.9,,18
"turkey,breast,from whl bird,meat only,rstd",0.71,0.39,9,0.3,0,9
"kfc,fried chick,ex crispy,wing,meat & skn w/ breading",0.79,0.39,35,,0,
"chicken,roasting,lt meat,meat only,raw",0.89,0.39,11,,0,4
"inf form,me johns,enfam,lip,lo iron,liq conc,w/ ara & dha",0.92,0.39,102,2,15.8,36
"kfc,fried chick,original recipe,wing,meat & skn w/ breading",0.93,0.39,77,,0,
"chicken,broiler,rotisserie,bbq,wing,meat only",0.97,0.39,32,0,0,7
"pork, cured, ham -- water added, slice, bone-in, separable lean only, unheated",1.08,0.39,9,,0,1
"pork,cured,ham -- h2o added,slice,bone-in,ln,unhtd",1.08,0.39,9,,0,1
"chicken,broilers or fryers,leg,meat only,ckd,rstd",1.08,0.39,12,0.1,0,5
"chicken,broilers or fryers,drumstk,meat&skn,ckd,rstd",1.11,0.39,11,0.1,0,4
"turkey,all classes,wing,meat&skn,raw",1.26,0.39,14,,0,7
"turkey, all classes, wing, meat and skin, raw",1.26,0.39,14,,0,7
"denny's,spaghetti & meatballs",1.29,0.39,45,,0.9,36
"restaurant,family style,spaghetti & meatballs",1.29,0.39,45,,0.9,36
"restaurant, family style, spaghetti and meatballs",1.29,0.39,45,,0.9,0
"turkey,all classes,leg,meat&skn,raw",1.72,0.39,17,,0,10
"mcdonald's,sausage biscuit",2.01,0.39,55,,0,91
"cream puff shell,prep from recipe",2.02,0.39,36,1.4,0,75
"cream puff shell, prepared from recipe",2.02,0.39,36,,0,75
"macaroni & chs,box mix w/ chs sau,unprep",2.07,0.39,145,0,0.6,217
"macaroni and cheese, box mix with cheese sauce, unprepared",2.07,0.39,145,,0.6,217
"inf formula,mead johnson,enfa,prem,infant,liq conc,not rec",2.32,0.39,101,1,15.6,21
"inf formu, mea john, enfa, pre lipil, infa, liq con, not rec",2.33,0.39,101,1,15.7,21
"inf formu,mead johns,enfa,lipil,w/ iro,liq conc,w/ ara & dha",2.36,0.39,102,2,15.8,36
"infant formula, mead johnson, enfamil, lipil, with iron, liquid concentrate, with ara and dha",2.36,0.39,102,,15.8,36
"granola bars,soft,uncoated,pln",2.56,0.39,105,0,0,24
"biscuits,pln or bttrmlk,dry mix",2.77,0.39,179,0,0.3,189
"beverages,chocolate-flavor bev mix,pdr,prep w/ whl milk",0.3,0.4,95,,0.1,5
"cheese, american cheddar, imitation",0.33,0.4,562,,0,7
"cheese sprd,past process,american",0.33,0.4,562,0.4,0,7
"cheese,american cheddar,imitn",0.33,0.4,562,0,0,7
"turkey,rtl parts,breast,meat & skn,w/ added soln,raw",0.43,0.4,9,0.3,0,7
"carrabba's italian grill, cheese ravioli with marinara sauce",0.52,0.4,135,,0,0
"carrabba's italian grill,chs ravioli w/ marinara sau",0.52,0.4,135,,,11
"salmon,sockeye,cnd,total can contents",0.57,0.4,198,19,0,3
"pork,frsh,leg (ham),rump half,ln&fat,raw",0.62,0.4,12,0.5,0,0
"pork, fresh, leg (ham), rump half, separable lean and fat, raw",0.62,0.4,12,,0,0
"restaurant,italian,chick parmesan wo/ pasta",0.68,0.4,106,,,19
"chicken,cornish game hens,meat only,raw",0.74,0.4,12,0,0.6,3
"pork,cured,ham -- h2o added,whl,bnless,ln & fat,htd,rstd",0.82,0.4,9,0.7,0,1
"pork,cured,ham -- h2o added,whl,bnless,ln,htd,rstd",0.82,0.4,9,0.7,0,1
"kfc,fried chick,original recipe,thigh,meat & skn w/ breading",0.88,0.4,64,,0,
"cookies,choc crm covered biscuit stks",0.9,0.4,50,0,0,17
"chicken,stewing,lt meat,meat only,raw",0.92,0.4,11,,1.8,4
"babyfood,meat,chick,jr",0.99,0.4,55,0,1.5,11
"cheese spread, cream cheese base",1.13,0.4,71,,0,12
"cheese sprd,crm chs base",1.13,0.4,71,0.5,0,12
"beef,nz,imp,intermuscular fat,ckd",1.18,0.4,16,0.4,0,
spinach souffle,1.19,0.4,165,0.8,7.3,77
"kashi pizza,mushroom trio & spinach,frz,unprep",1.3,0.4,182,0,5,15
"kashi pizza,rstd veg,frz,unprep",1.3,0.4,176,0,12,14
"kashi pizza, roasted vegetable",1.3,0.4,176,0,12,0
"bevera,malted drk mix,nat,w/ add nutr,pdr,prep w/ whl milk",1.36,0.4,123,0,10.4,6
"babyfood,meat,chick,str",1.4,0.4,64,0.3,1.7,3
"frog legs,raw",1.5,0.4,18,0.2,0,15
"denny's,golden fried shrimp",1.54,0.4,47,,,54
"babyfood,meat,chick stks,jr",1.56,0.4,73,0.1,1.7,11
"fast foods,griddle cake sndwch,egg,chs,& bacon",1.65,0.4,109,0.3,1.8,82
"taco bell,taco salad",1.77,0.4,95,,,54
"macaroni or noodles w/ chs,made from red fat packaged mix,un",1.81,0.4,202,0,0,224
"worthington diced chik,cnd,unprep",2,0.4,55,,0,
"pizza hut 14"" cheese pizza, stuffed crust",2.04,0.4,238,,3.1,0
"fast fd,pizza chain,14"" pizza,chs topping,stuffed crust",2.04,0.4,238,0,3.1,125
"pizza hut 14"" chs pizza,stuffed crust",2.04,0.4,238,,3.1,90
"little caesars 14"" original rnd chs pizza,reg crust",2.34,0.4,233,0,0,
"inf formu,pbm produ,store br,soy,liq conc,not recon",2.36,0.4,118,2.1,10.8,17
"infant formula, pbm products, store brand, soy, liquid concentrate, not reconstituted (formerly wyeth-ayerst)",2.36,0.4,118,,10.8,17
"inf formula,nestle,good start soy,w/ dha & ara,liq conc",2.38,0.4,139,2,15.9,36
"duck,domesticated,meat only,raw",2.4,0.4,11,0.1,5.8,25
"chicken,wing,frz,glazed,barbecue flav",2.41,0.4,28,,0,10
"duck,domesticated,meat only,ckd,rstd",2.7,0.4,12,0.1,0,10
"squab,(pigeon),meat&skn,raw",3.54,0.4,12,,5.2,6
"noodles,egg,spinach,enr,dry",4.2,0.4,56,,0,354
"babyfood,crl,mxd,prep w/whl milk",10.43,0.4,220,1.1,0.3,9
"bev,choco-fla bev mix , mlk,pdr,w/ add nutr,prep w/ whl milk",0.03,0.41,141,1.2,2.3,5
"sauce,oyster,rts",0.18,0.41,32,0,0.1,15
"fast foods,sundae,hot fudge",0.37,0.41,131,,1.5,6
"pork, fresh, enhanced, loin, top loin (chops), boneless, separable lean only, raw",0.41,0.41,7,,0,0
"pork,frsh,ln,top lin (chops),bnlss,ln,w/ added sln,raw",0.41,0.41,7,0.3,0,0
"lamb,nz,imp,subcutaneous fat,raw",0.47,0.41,3,0.1,0,
"pork,frsh,loin,cntr loin (chops),bnless,ln,raw",0.48,0.41,6,0.6,0,0
"pork,cured,ham w/ nat juices,whl,bnless,ln & fat,unhtd",0.87,0.41,6,0.6,0,1
"pork,cured,ham w/ nat juices,whl,bnless,ln,unhtd",0.87,0.41,6,0.6,0,1
"kfc,fried chick,ex crispy,wing,meat only,skn & brding removd",0.89,0.41,30,,0,
"chicken,broilers or fryers,dk meat,drumstk,mt & skn,ckd,brsd",0.94,0.41,12,0.1,0,4
"chicken,broilers or fryers,dk meat,drumstk,meat oly,ckd,brsd",0.94,0.41,12,0.1,0,5
"salisbury steak w/ gravy,frz",0.95,0.41,47,0,0,13
"pork,frsh,var meats&by-products,feet,ckd,simmrd",0.98,0.41,0,0,0,2
"beef,corned bf hash,w/ potato,cnd",1,0.41,19,0,0.9,7
"digiorno pizza,supreme topping,rising crust,frz,bkd",1.01,0.41,139,,,
"chicken,dk meat,thigh,meat & skn,w/ added soln,ckd,rstd",1.02,0.41,11,0.3,0,4
"chicken, dark meat, thigh, meat and skin, enhanced, cooked, roasted",1.02,0.41,11,,0,4
"chicken,dk meat,drumstk,meat only,w/ added soln,ckd,rstd",1.1,0.41,12,0.1,0,4
pulled pork in barbecue sau,1.24,0.41,44,0.2,0.2,2
"fast foods, frijoles with cheese",1.34,0.41,113,,0.9,67
"goose,domesticated,meat&skn,ckd,rstd",2.83,0.41,13,0.1,0,2
"goose, domesticated, meat and skin, cooked, roasted",2.83,0.41,13,,0,2
"babyfood,crl,rice,prep w/whl milk",3.63,0.41,168,1.2,0.2,6
"dove,ckd (incl squab)",5.91,0.41,17,0.2,2.9,6
"sour cream, light",0.07,0.42,141,,0.9,11
"sour cream,light",0.07,0.42,141,0.2,0.9,11
"fast foods,sundae,strawberry",0.21,0.42,105,0,1.3,12
"malted drink mix, chocolate, powder, prepared with whole milk",0.21,0.42,98,,0.1,9
"fast foods, sundae, strawberry",0.21,0.42,105,0,1.3,12
"beverages,malted drk mix,choc,pdr,prep w/ whl milk",0.21,0.42,98,,0.1,9
"beverages,carob-flavor bev mix,pdr,prep w/ whl milk",0.25,0.42,98,,0,5
"pork,cured,fat (from ham&arm picnic),rstd",0.61,0.42,8,,0,2
"chicken,dk meat,drumstk,meat only,w/ added soln,raw",0.72,0.42,9,0.2,0,3
"pork,cured,ham w/ nat juices,whl,bnless,ln & fat,htd,rstd",0.84,0.42,6,0.8,0,2
"pork,cured,ham w/ nat juices,whl,bnless,ln,htd,rstd",0.85,0.42,6,0.8,0,2
"pork,cured,ham w/ nat juics,slice,bnles,ln & fat,htd,pan-brl",0.93,0.42,6,0.9,0,1
"pork, cured, ham with natural juices, slice, boneless, separable lean and fat, heated, pan-broil",0.93,0.42,6,,0,1
"pork,cured,ham w/ nat juices,slice,bnless,ln,htd,pan-broil",0.94,0.42,6,0.9,0,1
"digiorno pizza,pepperoni topping,rising crust,frz,bkd",0.95,0.42,157,,1.3,
"pork,cured,ham & h2o product,shank,bone-in,ln & fat,htd,rstd",1,0.42,8,,0,1
"ham,sliced,reg (approx 11% fat)",1.02,0.42,24,0.7,4,7
"ham, sliced, regular (approximately 11% fat)",1.02,0.42,24,,4,7
"chicken,broilers or fryers,thigh,meat only,ckd,rstd",1.13,0.42,9,0.2,0,5
"turkey,all classes,breast,meat&skn,raw",1.2,0.42,13,,0,7
"chicken,broilers or fryers,dk meat,thigh,meat only,ckd,brsd",1.27,0.42,12,0.3,0,5
"chicken, broilers or fryers, dark meat, thigh, meat only, cooked, braised",1.27,0.42,12,,0,5
"beverag,malt drk mix,choc,w/ added nutr,pdr,prep w/ whl milk",1.42,0.42,139,3.1,12,5
"malted drink mix, chocolate, with added nutrients, powder, prepared with whole milk",1.42,0.42,139,0,12,5
"pork,frsh,var meats&by-products,chitterlings,ckd,simmrd",1.47,0.42,25,0,0,1
"pork, fresh, variety meats and by-products, chitterlings, cooked, simmered",1.47,0.42,25,,0,1
"inf formula,nes,g start supr,w/ iron,liq conc,not recon",1.9,0.42,81,1.9,11,32
"beverages,malted drk mix,choc,pdr",2.28,0.42,60,0,1.5,50
"fast fd,pizza chain,14"" pizza,chs topping,reg crust",2.48,0.42,188,0,1.4,129
"babyfood,crl,barley,prep w/whl milk",3.49,0.42,162,1.2,0.2,7
"cereals ready-to-eat, quaker, quaker puffed wheat",4.41,0.42,24,0,0,240
"cereals rte,quaker,quaker puffed wheat",4.41,0.42,24,0,0,240
"cereals,quaker,inst grits,ham 'n' chs flavor,dry",38.2,0.42,409,,0,178
"milk,nonfat,fluid,prot fort,w/ add vit a & d (fat free/skim)",0.06,0.43,143,1,1.1,6
"milk,red fat,fluid,2% milkfat,prot fort,w/ added vit a & d",0.06,0.43,143,1,1.1,6
"milk, reduced fat, fluid, 2% milkfat, protein fortified, with added vitamin a and vitamin d",0.06,0.43,143,,1.1,6
"milk,lowfat,fluid,1% milkfat,prot fort,w/ added vit a & d",0.06,0.43,142,1,1.2,6
"yogurt,fruit,lofat,9 grams prot per 8 oz,fort w/ vitamin d",0.06,0.43,138,1.3,0.6,9
"yogurt,fruit,lofat,9 grams prot per 8 oz",0.06,0.43,138,0,0.6,9
"cheese,cottage,crmd,lrg or sml curd",0.07,0.43,83,0.1,0,12
"yogurt,van or lem flav,nonfat milk,swtnd w/low-calorie swtnr",0.12,0.43,143,0,1.1,8
"yogurt,van/lem flav,nonfat milk,w/ lo-cal swtnr,fort w/vit d",0.12,0.43,143,1.2,1.1,8
"yogurt, vanilla or lemon flavor, nonfat milk, sweetened with low-calorie sweetener",0.12,0.43,143,,1.1,8
"babyfood,banana juc w/lofat yogurt",0.2,0.43,79,0,33.9,6
"babyfood,mxd fruit juc w/lofat yogurt",0.2,0.43,81,0,33.9,6
"babyfood,dssrt,blueberry yogurt,str",0.2,0.43,25,0,12.4,8
"inf formula, abb nut,simi,nat ca,ad,rtf,w/ ara & dha",0.29,0.43,163,2.9,28.9,49
"babyfood,dssrt,peach yogurt",0.4,0.43,27,0,11.7,8
"babyfood, dessert, peach yogurt",0.4,0.43,27,,11.7,8
"pork,frsh,loin,cntr loin (chops),bnless,ln & fat,raw",0.48,0.43,9,0.3,0,0
"canadian bacon,ckd,pan-fried",0.56,0.43,7,0.2,0,4
"pie,egg custard,commly prep",0.58,0.43,80,0.8,0.6,20
"pie, egg custard, commercially prepared",0.58,0.43,80,,0.6,20
"veal,comp of rtl cuts,fat,raw",0.6,0.43,7,,0,4
"pork,cured,ham w/ nat juices,spirl slce,bnles,ln & fat,unhtd",0.75,0.43,4,0.7,0,1
"fast foods,fried chick,thigh,meat & skn & breading",1,0.43,54,0.2,0,34
"applebee's,double crunch shrimp",1.03,0.43,45,0,,14
"chicken,dk meat,drumstk,meat & skn,w/ added soln,ckd,rstd",1.11,0.43,13,0.2,0,4
"pork&bf sausage,frsh,ckd",1.13,0.43,10,0.7,0,2
"chicken,broilers or fryers,dk meat,thigh,meat & skn,ckd,brsd",1.21,0.43,11,0.3,0,4
"inf formula, ab nut, sim, sp ca, adv 24,w/ ir, rt,w/ ar & dh",1.41,0.43,141,2.7,29.1,49
"little caesars 14"" cheese pizza, large deep dish crust",2.31,0.43,224,,0,0
"little caesars 14"" chs pizza,lrg deep dish crust",2.31,0.43,224,,0,
"babyfood,crl,mxd,w/bananas,prep w/whl milk",3.63,0.43,153,1.2,0.4,6
"babyfood,crl,rice,w/bananas,prep w/whl milk",3.63,0.43,156,1.2,0.2,6
"babyfood,crl,oatmeal,w/bananas,prep w/whl milk",3.63,0.43,153,1.2,0.4,6
"quail,meat and skin,raw",3.97,0.43,13,,6.1,8
"sausage, italian, turkey, smoked",9.6,0.43,21,,30.4,8
sausage  italian  turkey  smoked,9.6,0.43,21,,30.4,8
sausage  turkey  hot  smoked,9.6,0.43,21,0.2,30.4,8
"milk,cnd,cond,swtnd",0.19,0.44,284,0.2,2.6,11
"pork,cured,ham & h2o product,slice,bnless,ln,htd,pan-broil",0.74,0.44,8,0.9,0,3
"pork,cured,ham & h2o prdct,slice,bnless,ln & fat,htd,pan-brl",0.74,0.44,8,0.9,0,2
"pork, cured, ham and water product, slice, boneless, separable lean and fat, heated, pan-broil",0.74,0.44,8,,0,2
"pork,cured,ham w/ nat juices,spiral slice,bnless,ln,unhtd",0.76,0.44,4,0.6,0,1
"pork,cured,ham & h2o prdct,slce,bne-in,ln & fat,htd,pan-brl",0.9,0.44,11,,0,2
"pork, fresh, loin, center rib (chops), boneless, separable lean and fat, cooked, braised",0.92,0.44,5,,0.3,4
"pork,frsh,loin,cntr rib (chops),bnless,ln&fat,ckd,brsd",0.92,0.44,5,,0.3,4
"pork,frsh,loin,cntr rib (chops),bnless,ln,ckd,brsd",0.99,0.44,5,0.9,0.3,4
"chicken breast tenders,breaded,ckd,microwaved",1,0.44,14,,0,12
"chicken,broilers or fryers,thigh,meat&skn,ckd,rstd",1.08,0.44,9,0.2,0,4
"restaurant,family style,shrimp,breaded & fried",1.16,0.44,42,0,0,62
"restaurant, chinese, egg rolls, assorted",1.41,0.44,40,,0,0
"restaurant,chinese,egg rolls,assorted",1.41,0.44,40,,0,
"fast foods,submarine sndwch,rst bf bread w/ lettuce & tomato",2.09,0.44,164,0,0,108
"subway,rst bf sub on white bread w/ lettuce & tomato",2.09,0.44,164,,0,67
"fast foods, submarine sandwich, roast beef on white bread with lettuce and tomato",2.09,0.44,164,,0,108
"lean pockets,ham n cheddar",2.15,0.44,196,0.2,0.1,84
"babyfood,crl,oatmeal,w/ applsauc & bananas,jr,fort",7.5,0.44,6,0,13.9,38
"ice creams,vanilla,fat free",0,0.45,149,0,0,7
"beverages,coffee,inst,mocha,swtnd",0,0.45,271,0,0.6,9
"milk,whl,3.25% milkfat,w/ added vitamin d",0.03,0.45,113,1.3,0,5
"milk, whole, 3.25% milkfat, with added vitamin d",0.03,0.45,113,,0,5
"milk,whl,3.25% milkfat,wo/ added vit a & vitamin d",0.03,0.45,113,0.1,0,5
"yogurt,greek,nonfat,strawberry,chobani",0.12,0.45,99,0,0.3,
"yogurt, greek, non fat, strawberry, chobani",0.12,0.45,99,0,0.3,0
eggnog,0.2,0.45,130,1.2,1.5,1
"restaurant,latino,pupusas con queso (pupusas,cheese)",0.56,0.45,325,1.2,0,3
"luncheon meat,pork w/ham,minced,cnd,incl spam (hormel)",0.64,0.45,0,0.6,0,3
"restaurant,latino,tripe soup",0.68,0.45,22,,,
"chicken, dark meat, drumstick, meat and skin, enhanced, raw,",0.69,0.45,8,,0,3
"chicken,dk meat,drumstk,meat & skn,w/ added soln,raw",0.69,0.45,8,0.2,0,3
"lamb, new zealand, imported, intermuscular fat, raw",0.72,0.45,5,,0,0
"lamb,nz,imp,intermuscular fat,raw",0.72,0.45,5,0.3,0,
"kfc, fried chicken, extra crispy, thigh, meat and skin with breading",0.83,0.45,30,,0,0
"kfc,fried chick,ex crispy,thigh,meat & skn w/ breading",0.83,0.45,30,,0,
"candies,m&m mars pretzel choc candies",0.9,0.45,50,0,0,19
"chicken,broiler,rotisserie,bbq,wing meat & skn",0.93,0.45,33,0,0,8
"chicken,broilers or fryers,wing,meat & skn,ckd,rotisserie,or",0.97,0.45,29,,0,8
"chicken,broilers or fryers,thigh,meat only,ckd,rotisserie,or",0.97,0.45,13,,0,12
"chicken,broiler,rotisserie,bbq,thigh,meat only",0.97,0.45,13,0,0,8
"lasagna w/ meat & sau,low-fat,frz entree",0.97,0.45,108,,17.9,38
"kfc,fried chick,original recipe,wing,meat only,skn brdng rd",0.98,0.45,40,,0,
"chicken,skn (drumsticks & thighs),ckd,brsd",1,0.45,9,0.1,0,3
"pork, fresh, spareribs, separable lean and fat, cooked, roasted",1.43,0.45,19,,0,0
"pork,frsh,spareribs,ln & fat,ckd,rstd",1.43,0.45,19,2.2,0,0
"pizza,meat topping,thick crust,frz,ckd",1.7,0.45,150,0,1.1,141
"granola bars,soft,uncoated,pnut butter&choc chip",1.94,0.45,80,0,0,33
"mcdonald's,sausage mcmuffin",2.04,0.45,224,,0,69
"mcdonald's, sausage mcmuffin",2.04,0.45,224,,0,0
"fast foods, chili con carne",2.05,0.45,27,,0.6,22
"milk,bttrmlk,fluid,whl",0.03,0.46,115,1.3,0,5
"malted drink mix, natural, powder, prepared with whole milk",0.09,0.46,117,,0.2,8
"beverages,malted drk mix,nat,pdr,prep w/ whl milk",0.09,0.46,117,,0.2,8
"cheese,cottage,nonfat,uncrmd,dry,lrg or sml curd",0.15,0.46,86,0,0,9
"cheese, cottage, nonfat, uncreamed, dry, large or small curd",0.15,0.46,86,,0,9
"sauce,chs sau mix,dry",0.5,0.46,204,,0.9,134
"carrabba's italian grill,chick parmesan wo/ cavatappi pasta",0.78,0.46,142,,,22
"carrabba's italian grill, chicken parmesan without cavatappi pasta",0.78,0.46,142,,0,0
"pork,cured,ham -- h2o added,whl,bnless,ln & fat,unhtd",0.85,0.46,8,0.6,0,2
"pork, cured, ham -- water added, whole, boneless, separable lean and fat, unheated",0.85,0.46,8,,0,2
"pork,cured,ham & h2o product,slice,bone-in,ln,htd,pan-broil",0.93,0.46,12,,0,2
"fast foods,fried chick,wing,meat & skn & breading",1.04,0.46,67,0.1,0,37
"pork,cured,ham & h2o product,shank,bone-in,ln,htd,rstd",1.17,0.46,9,,0,2
"crispy chick,bacon,& tomato club sndwch,w/ chs,letuce,& mayo",1.32,0.46,92,0.2,3.8,34
"pork, cured, ham and water product, slice, bone-in, separable lean and fat, unheated",1.39,0.46,8,,0,1
"pork,cured,ham & h2o product,slice,bone-in,ln & fat,unhtd",1.39,0.46,8,,0,1
"granola bar,soft,milk choc coatd,pnut butter",1.45,0.46,108,0,0.6,25
"lean pockets,meatballs & mozzarella",2.06,0.46,196,,0,
fast foods  biscuit  w/ egg,2.13,0.46,60,,0.1,59
"little caesars 14"" pepperoni pizza,lrg deep dish crust",2.3,0.46,201,,0,
"domino's 14"" chs pizza,classic hand-tossed crust",2.34,0.46,167,0,0.9,
"babyfood,cookies",4.18,0.46,101,0,7,145
"crackers,chs,lo na",4.77,0.46,151,0,0,134
"crackers,crm,gamesa sabrosas",7.38,0.46,26,,,253
"crackers, cream, gamesa sabrosas",7.38,0.46,26,,0,253
"milk,fluid,1% fat,wo/ added vit a & vit d",0.03,0.47,125,0,0,5
"milk,lowfat,fluid,1% milkfat,w/ added vit a & vitamin d",0.03,0.47,125,1.2,0,5
"yogurt,fruit,lofat,10 grams prot per 8 oz",0.07,0.47,152,0,0.7,9
"yogurt, fruit variety, nonfat",0.07,0.47,152,0,0.7,9
"yogurt, fruit, low fat, 10 grams protein per 8 ounce, fortified with vitamin d",0.07,0.47,152,0,0.7,9
"yogurt,fruit var,nonfat,fort w/ vitamin d",0.07,0.47,152,1.3,0.7,9
"yogurt,fruit,lofat,10 grams prot per 8 oz,fort w/ vitamin d",0.07,0.47,152,1.3,0.7,9
"yogurt,fruit var,non-fat",0.07,0.47,152,0,0.7,9
"yogurt, fruit, low fat, 10 grams protein per 8 ounce",0.07,0.47,152,0,0.7,9
"cheese,cottage,lowfat,2% milkfat",0.13,0.47,111,0,0,8
"ice creams,vanilla,lt",0.19,0.47,161,0.1,1.2,6
"soup,crm of shrimp,cnd,cond",0.42,0.47,14,,0,3
"desserts, mousse, chocolate, prepared-from-recipe",0.55,0.47,96,,0.1,15
"desserts,mousse,choc,prepared-from-recipe",0.55,0.47,96,,0.1,15
"pork,cured,ham & h2o product,shank,bone-in,ln & fat,unhtd",0.82,0.47,6,,0,1
"pork,cured,ham & h2o product,rump,bone-in,ln & fat,htd,rstd",0.82,0.47,10,,0,2
"pork,cured,ham -- h2o added,slce,bnless,ln & fat,htd,pan-brl",0.85,0.47,9,0.9,0,1
"pork,cured,ham -- h2o added,whl,bnless,ln,unhtd",0.86,0.47,8,0.6,0,2
"pork,cured,ham -- h2o added,slice,bnless,ln,htd,pan-broil",0.86,0.47,9,0.9,0,1
"kfc,fried chick,original recipe,thigh,meat only,skn brdng rd",0.87,0.47,20,,0,
"chick,feet,boiled",0.91,0.47,88,0.2,0,86
"pork, cured, ham with natural juices, rump, bone-in, separable lean and fat, unheated",0.94,0.47,8,,0,1
"pork,cured,ham w/ nat juices,rump,bone-in,ln & fat,unhtd",0.94,0.47,8,,0,1
"chicken, broiler, rotisserie, bbq, thigh meat and skin",0.95,0.47,16,,0,8
"chicken,broiler,rotisserie,bbq,thigh meat & skn",0.95,0.47,16,0,0,8
"chicken,broilers or fryers,thigh,meat & skn,ckd,rotisserie,o",0.97,0.47,15,,0,12
"pork,frsh,loin,tnderln,ln,w/ added sln,ckd,rstd",0.98,0.47,5,0.2,0,0
"chicken,broiler,rotisserie,bbq,drumstk,meat only",1.05,0.47,20,0,0,9
"roughy,orange,ckd,dry heat",1.13,0.47,11,0,0,5
"beverages,choc malt pdr,prep w/ 1% milk,fort",1.14,0.47,160,2.5,3,7
"bologna,meat & poultry",1.24,0.47,125,0.8,0,7
"grilled chick,bacon & tomo clb sndwch,w/ chs,lettuce,& mayo",1.37,0.47,95,0.1,4.4,36
"candies,toblerone,milk choc w/ honey & almond nougat",1.6,0.47,126,0,0,9
"quail, breast, meat only, raw",2.31,0.47,10,,5.1,4
"quail,breast,meat only,raw",2.31,0.47,10,,5.1,4
"squab, (pigeon), light meat without skin, raw",2.31,0.47,10,,5.1,4
"squab,(pigeon),lt meat wo/skn,raw",2.31,0.47,10,,5.1,4
"squab,(pigeon),meat only,raw",4.51,0.47,13,,7.2,7
"quail,meat only,raw",4.51,0.47,13,,7.2,7
"sauce,fish,ready-to-serve",0.78,0.48,43,0,0.5,51
"digiorno pizza,supreme topping,thin crispy crust,frz,bkd",0.92,0.48,161,,0.8,
"pork,frsh,loin,tnderln,ln & ft,w/ added sln,ckd,rstd",0.97,0.48,5,0.2,0,0
"snacks,corn-based,extrdd,puffs or twists,cheese-flavor,unenr",1.1,0.48,58,0,0,180
"snacks, corn-based, extruded, puffs or twists, cheese-flavor, unenriched",1.1,0.48,58,0,0,180
"restaurant,chinese,bf & veg",1.11,0.48,22,0.1,11.6,45
"pork,frsh,var meats & by-products,stomach,ckd,simmrd",1.23,0.48,15,,0,3
"gravy, chicken, dry",1.33,0.48,146,,0.6,136
"gravy,chicken,dry",1.33,0.48,146,,0.6,136
"popeyes,fried chick,mild,thigh,meat & skn w/ breading",1.38,0.48,30,,0,
"pork, cured, ham and water product, slice, bone-in, separable lean only, unheated",1.5,0.48,9,,0,1
"pork,cured,ham & h2o product,slice,bone-in,ln,unhtd",1.5,0.48,9,,0,1
"corn dogs,frz,prep",1.9,0.48,72,0.4,0.5,97
"domino's 14"" sausage pizza,classic hand-tossed crust",2.36,0.48,137,,0.6,
"pizza hut 14"" sausage pizza,pan crust",2.39,0.48,132,,1.6,
"fast fd,pizza chain,14"" pizza,sausage topping,reg crust",2.41,0.48,144,0,1.7,126
"chicken,wing,frz,glazed,barbecue flav,htd (microwave)",2.74,0.48,38,,0.5,12
"cheese,cheddar,nonfat or fat free",0,0.49,893,0.1,0,11
"bev,milk bev,red fat,flav & swtnd,rtd,added ca,vit a &  d",0.03,0.49,164,1.1,0.2,4
"yogurt,frz,flavors not choc,nonfat milk,w/ low-calorie swtnr",0.04,0.49,159,0,0.7,12
"yogurt,frz,choc,non-fat milk,w/lo cal swtnr",0.04,0.49,159,0,0.7,12
"yogurt,greek,strawberry,nonfat",0.09,0.49,97,1,0.3,20
"cheese,cottage,lowfat,1% milkfat,w/veg",0.1,0.49,56,0,4,10
"cheese, cottage, lowfat, 1% milkfat, with vegetables",0.1,0.49,56,0,4,10
"cheese,cottage,w/veg",0.1,0.49,56,0,4,17
"mcdonald's,strawberry sundae",0.1,0.49,110,0,1.5,11
"egg,white,dried,flakes,stabilized,glucose red",0.23,0.49,83,0,0,89
"froz novlt,ice crm,van ice crm,lt,no sugar added,choc coatd",0.29,0.49,222,0.2,0,7
"ice cream, bar or stick, chocolate covered",0.29,0.49,119,,0,7
"ice crm,bar or stk,choc covered",0.29,0.49,119,0.2,0,7
"cheese,lofat,cheddar or colby",0.42,0.49,415,0.1,0,11
"milk,choc bev,hot cocoa,homemade",0.42,0.49,114,1.1,0.2,5
"pork,frsh,loin,sirloin (chops or roasts),bnless,ln&fat,raw",0.55,0.49,9,0.4,0,0
"pork,frsh,loin,sirloin (chops or roasts),bnless,ln,raw",0.56,0.49,9,0.4,0,0
"pork,frsh,loin,blde (chops or roast),bnless,ln & fat oly,raw",0.74,0.49,6,0.5,0,0
"pork, fresh, loin, blade (chops or roasts), boneless, separable lean only, raw",0.77,0.49,6,,0,0
"pork,frsh,loin,blade (chops or roasts),bnless,ln,raw",0.77,0.49,6,0.4,0,0
"pork,cured,ham & h2o product,rump,bone-in,ln,htd,rstd",0.87,0.49,10,,0,2
"chicken,nuggets,dk & white meat,preckd,frz,not rehtd",0.95,0.49,47,0.3,0.4,5
"chicken,broiler,rotisserie,bbq,drumstk meat & skn",1.02,0.49,22,0,0,9
"chicken,broilers or fryers,drumstk,meat only,ckd,rotisserie,",1.09,0.49,21,,0,10
"ice crm bar,covered w/ choc & nuts",1.21,0.49,90,0.2,0,14
"candies,truffles,prepared-from-recipe",1.75,0.49,157,,0.1,9
"domino's 14"" pepperoni pizza,classic hand-tossed crust",2.33,0.49,141,0,0.8,
"pizza hut 14"" sausage pizza,thin 'n crispy crust",2.38,0.49,193,,3,
"fast fd,pizza chain,14"" pizza,sausage topping,thick crust",2.45,0.49,143,0,1,136
"pizza hut 14"" sausage pizza,hand-tossed crust",2.45,0.49,150,,2.8,
"fast food, pizza chain, 14"" pizza, sausage topping, thick crust",2.45,0.49,143,,1,136
"goose,domesticated,meat only,raw",2.57,0.49,13,,7.2,31
"goose, domesticated, meat only, cooked, roasted",2.87,0.49,14,,0,12
"goose,domesticated,meat only,ckd,rstd",2.87,0.49,14,,0,12
"frankfurter,pork",3.7,0.49,267,,2,3
"babyfood,appl yogurt dssrt,str",0,0.5,6,0,35.1,9
"yogurt,greek,fruit,whl milk",0,0.5,100,0,0,5
"milk,nonfat,fluid,w/ added vit a & vit d (fat free or skim)",0.03,0.5,122,1.2,0,5
"milk,nonfat,fluid,wo/ added vit a & vit d (fat free or skim)",0.03,0.5,122,0,0,5
"ice creams, vanilla, light, soft-serve",0.06,0.5,157,,0.9,5
"ice creams,vanilla,lt,soft-serve",0.06,0.5,157,0,0.9,5
"yogurt,greek,strawberry,lowfat",0.07,0.5,88,0,0.7,9
"ice creams,french vanilla,soft-serve",0.21,0.5,131,0.7,0.8,9
"ice crm,soft serve,choc",0.21,0.5,131,0.7,0.8,9
"ice creams, french vanilla, soft-serve",0.21,0.5,131,,0.8,9
"soup,crm of shrimp,cnd,prep w/ eq volume lofat (2%) milk",0.22,0.5,69,0.6,0.1,4
"pork,cured,bacon,unprep",0.41,0.5,5,0.4,0,0
"bacon,pre-sliced,reduced/low na,unprep",0.42,0.5,4,,0,
"yogurt,choc,nonfat milk,fort w/ vitamin d",0.42,0.5,88,1.2,0,12
"yogurt,choc,nonfat milk",0.42,0.5,88,0,0,12
"pork,frsh,loin,cntr rib (chops or roasts),bone-in,ln,raw",0.61,0.5,24,0.5,0,0
"pork,frsh,loin,cntr loin (chops),bone-in,ln,raw",0.65,0.5,18,0.4,0,0
"pork, fresh, loin, center loin (chops), bone-in, separable lean only, raw",0.65,0.5,18,,0,0
"pork,frsh,loin,cntr rib (chops or roasts),bnless,ln&fat,raw",0.71,0.5,5,1.4,0.3,6
"turkey from whl,lt meat,meat & skn,ckd,rstd",0.8,0.5,11,0.4,0,9
"pork,cured,ham w/ nat jucs,sprl slce,bnles,ln & fat,htd,rstd",0.83,0.5,4,0.8,0,1
"pork,frsh,leg (ham),shank half,ln&fat,ckd,rstd",0.87,0.5,15,0.6,0,0
"chicken,skn (drumsticks & thighs),ckd,rstd",0.9,0.5,10,0.2,0,3
"fast foods,fried chick,thigh,meat only,skn & breding removed",0.91,0.5,24,0.2,0,12
"pork,frsh,enhanced,loin,tenderloin,ln,raw",0.92,0.5,4,0.2,0,0
"pork, fresh, leg (ham), shank half, separable lean only, cooked, roasted",0.92,0.5,14,,0,0
"pork,frsh,leg (ham),shank half,ln,ckd,rstd",0.92,0.5,14,0.4,0,0
"pork,cured,ham -- h2o added,rump,bone-in,ln & fat,unhtd",1.02,0.5,6,,0,2
"bologna,chick,pork",1.12,0.5,196,,13.2,13
"kashi pizza,margherita,frz,unprep",1.4,0.5,192,0,8,10
"kashi pizza, margherita",1.4,0.5,192,,8,0
"fast foods,burrito,w/bns",2.08,0.5,52,,0.9,40
"beef stew,canned entree",2.48,0.5,12,0,0.7,14
"domino's 14"" sausage pizza, ultimate deep dish crust",2.5,0.5,154,,0.4,0
"domino's 14"" sausage pizza,ultimate deep dish crust",2.5,0.5,154,,0.4,
"fast fd,pizza chain,14"" pizza,pepperoni topping,reg crust",2.52,0.5,153,0,0.9,131
"soup,crm of veg,dry,pdr",2.6,0.5,134,0,16.6,30
"soup, cream of vegetable, dry, powder",2.6,0.5,134,0,16.6,30
"cake,pudding-type,choc,dry mix",2.92,0.5,133,0,0.1,85
"mollusks, snail, raw",3.5,0.5,10,,0,6
"snail,raw",3.5,0.5,10,0,0,6
yeast extract spread,4.04,0.5,67,0,0,5881
"cereals,quaker,corn grits,inst,cheddar chs flavor,dry",30.38,0.5,418,0,0,276
"beverages,coffee,ready to drk,vanilla,lt,milk bsd,swtnd",0,0.51,71,0,0,0
"beverages,coffee,ready to drk,milk bsd,swtnd",0.04,0.51,74,0,0,0
"mcdonald's,hot caramel sundae",0.08,0.51,127,,,2
"mcdonald's, hot caramel sundae",0.08,0.51,127,,0,0
"babyfood,meat,bf w/ veg,todd",0.5,0.51,11,0,2.5,6
"pork,frsh,loin,top loin (chops),bnless,ln,raw",0.51,0.51,5,0.3,0,0
"pork, fresh, loin, top loin (roasts), boneless, separable lean only, raw",0.54,0.51,5,,0,0
"pork,frsh,loin,top loin (roasts),bnless,ln,raw",0.54,0.51,5,0.4,0,0
"babyfood,dinner,bf&rice,todd",0.69,0.51,11,0,3.9,6
"babyfood,dinner,bf stew,todd",0.72,0.51,9,0,3,6
"chicken,broilers or fryers,dk meat,drumstk,meat only,raw",0.76,0.51,9,0,0,4
"pork,frsh,leg (ham),shank half,ln,raw",0.77,0.51,12,0.3,0,0
"ground turkey,fat free,raw",0.77,0.51,3,0.4,0,8
"prk,crd,ham w/ nat jucs,sprl slc,meat only,bnles,ln,htd,rstd",0.84,0.51,4,0.8,0,1
"babyfood,dinner,bf lasagna,todd",0.87,0.51,18,,1.9,6
"chicken,ground,crumbles,ckd,pan-browned",0.93,0.51,8,,0,2
pork  frsh  loin  tenderloin   ln only  raw,0.98,0.51,5,0.2,0,0
"pork, cured, ham with natural juices, rump, bone-in, separable lean only, unheated",1.05,0.51,9,,0,1
"pork,cured,ham w/ nat juices,rump,bone-in,ln,unhtd",1.05,0.51,9,,0,1
"chicken,broilers or fryers,drumstk,meat & skn,ckd,rotisserie",1.07,0.51,21,,0,11
"pork,pickled pork hocks",1.14,0.51,19,,0,1
"burger king,croissan'wich w/ sausage,egg & chs",1.65,0.51,90,,0,50
"fast foods,croissant,w/egg,chs,&sausage",1.65,0.51,90,0.7,0.1,74
"snack, mixed berry bar",1.89,0.51,105,0.1,0.6,28
"pizza hut 14"" chs pizza,thin 'n crispy crust",2.52,0.51,284,,4.2,135
"fast fd,pizza chain,14"" pizza,pepperoni topping,thick crust",2.55,0.51,148,0,0.7,143
"pizza hut 14"" pepperoni pizza,pan crust",2.57,0.51,147,0,1,143
"pizza hut 14"" pepperoni pizza,hand-tossed crust",2.71,0.51,166,0,1,159
"pizza hut 14"" pepperoni pizza, hand-tossed crust",2.71,0.51,166,,1,159
"gravy,pork,dry,pdr",3.94,0.51,139,0,1.4,42
"babyfood,crl,mxd,w/ applsauc & bananas,str",6.81,0.51,91,0,15.9,43
"babyfood,crl,mxd,w/ applsauc & bananas,jr,fort",6.81,0.51,91,0,15.9,43
"cream,half & half,fat free",0,0.52,96,0,0.7,4
"fat free ice crm,no sugar added,flavors other than choc",0,0.52,147,0,0,4
"yogurt,greek,pln,lowfat",0.04,0.52,115,0,0.8,12
"yogurt,fruit,lowfat,w/ lo cal swtnr,fort w/ vitamin d",0.07,0.52,152,1.3,0.7,10
"yogurt,fruit,lofat,w/lo cal sweetener",0.07,0.52,152,0,0.7,10
"yogurt,fruit,lofat,11 grams prot per 8 oz",0.07,0.52,169,0,0.7,10
"yogurt, fruit, lowfat, with low calorie sweetener, fortified with vitamin d",0.07,0.52,152,0,0.7,10
"milk shakes,thick vanilla",0.1,0.52,146,1.2,0,7
"ice creams, vanilla, light, no sugar added",0.19,0.52,136,,0.9,4
"ice creams,vanilla,lt,no sugar added",0.19,0.52,136,0.1,0.9,4
"egg custards,dry mix,prep w/ whl milk",0.34,0.52,139,1.2,0.1,9
"pork,frsh,var meats&by-products,feet,raw",0.58,0.52,70,,0,10
"pork,frsh,ln,tp ln (chps),bnless,ln,w/ added sln,ckd,pn-brld",0.63,0.52,10,,0,1
"pork,frsh,loin,cntr rib (chops),bone-in,ln,ckd,brld",0.68,0.52,26,0.8,0,0
"pork,frsh,loin,tenderloin,ln & fat,w/ added sln,raw",0.91,0.52,5,0.2,0,0
"pork, fresh, loin, tenderloin, separable lean and fat, raw",0.97,0.52,6,,0,0
"pork,frsh,loin,tenderloin,ln&fat,raw",0.97,0.52,6,0.3,0,0
"little caesars 14"" original round pepperoni pizza, regular crust",2.34,0.52,210,,0,0
"little caesars 14"" original rnd pepperoni pizza,reg crust",2.34,0.52,210,0,0,
"fast foods,hotdog,plain",2.36,0.52,24,,0.1,62
"domino's 14"" pepperoni pizza, ultimate deep dish crust",2.54,0.52,149,,0.4,0
"domino's 14"" pepperoni pizza,ultimate deep dish crust",2.54,0.52,149,,0.4,
"pasta mix,italian four chs lasagna,unprep",3.12,0.52,55,,,140
"yogurt,vanilla,non-fat",0,0.53,118,0.9,0,11
"milk,red fat,fluid,2% milkfat,wo/ added vit a & vit d",0.02,0.53,120,0,0.2,5
"milk,red fat,fluid,2% milkfat,w/ added vit a & vitamin d",0.02,0.53,120,1.2,0.2,5
"yogurt,vanilla,lofat,11 grams prot per 8 oz,fort w/ vit d",0.07,0.53,171,1.2,0.8,11
"yogurt,vanilla flavor,lowfat milk,swtnd w/ lo cal swtnr",0.07,0.53,171,0,0.8,11
"yogurt,vanilla,lofat,11 grams prot per 8 oz",0.07,0.53,171,0,0.8,11
"cheese,cottage,crmd,w/fruit",0.16,0.53,53,0,1.4,11
"egg,white,dried,pdr,stabilized,glucose red",0.24,0.53,89,0,0,96
"pork, fresh, loin, top loin (chops), boneless, separable lean and fat, raw",0.5,0.53,7,,0,0
"pork,frsh,loin,top loin (chops),bnless,ln & fat,raw",0.5,0.53,7,0.4,0,0
"pork,frsh,loin,cntr loin (chops),bone-in,ln & fat,raw",0.63,0.53,19,0.5,0,0
"pork,cured,ham & h2o product,rump,bone-in,ln & fat,unhtd",0.64,0.53,9,,0,1
"chicken,broilers or fryers,drumstk,meat&skn,raw",0.71,0.53,8,0.1,0,3
"pork,frsh,loin,blade (chops or roasts),bone-in,ln,raw",0.71,0.53,30,0.6,0,0
"pork,frsh,loin,cntr rib (chops or roasts),bnless,ln,raw",0.77,0.53,5,0.6,0.3,7
"pork,frsh,loin,whl,ln&fat,raw",0.79,0.53,18,0.5,0.6,1
"pork, leg sirloin tip roast, boneless, separable lean and fat, raw",0.8,0.53,5,,0,0
"pork,leg sirloin tip rst,bnless,ln & fat,raw",0.8,0.53,5,,0,0
"pork,frsh,loin,sirloin (chops or roasts),bone-in,ln,raw",0.85,0.53,12,0.4,0,0
"fast foods,shrimp,breaded&fried",0.86,0.53,29,0,0,62
"kfc,fried chick,ex crispy,thigh,meat only,skn & brding rmvd",0.96,0.53,21,,0,
"kfc, fried chicken, extra crispy, thigh, meat only, skin and breading removed",0.96,0.53,21,,0,0
"pork,cured,ham,rump,bone-in,ln & fat,unhtd",1.01,0.53,7,,0,1
"candies,mars snackfood us,m&m's milk choc candies",1.11,0.53,105,0,0.5,8
"candies,milk choc coatd pnuts",1.31,0.53,104,0,0,51
"mcdonald's,sausage,egg & chs mcgriddles",1.51,0.53,96,,0,
"fast foods,griddle cake sndwch,egg,chs,& sausage",1.51,0.53,96,0.5,0,70
"fast foods, enchilada, with cheese and beef",1.6,0.53,119,,0.7,35
"burger king, croissan'wich with egg and cheese",1.9,0.53,231,,0,0
"burger king,croissan'wich w/ egg & chs",1.9,0.53,231,,0,
"beverages,meal supp drk,cnd,pnut flavor",2.2,0.53,110,0,0.7,
"snacks, popcorn, cheese-flavor",2.24,0.53,113,0,0.5,11
"popcorn,cheese-flavor",2.24,0.53,113,0,0.5,11
"pork,frsh,fat,ckd",0.46,0.54,22,1.8,0,0
"pork,frsh,loin,top loin (roasts),bnless,ln&fat,raw",0.53,0.54,7,0.5,0,0
"pork,frsh,loin,cntr rib (chops or roasts),bone-in,ln&fat,raw",0.59,0.54,25,0.7,0,0
"pork,frsh,leg (ham),shank half,ln&fat,raw",0.69,0.54,12,0.5,0,0
"pork,frsh,loin,cntr loin (chops),bone-in,ln,ckd,brld",0.8,0.54,23,0.7,0,0
"pork loin,frsh,backribs,bone-in,raw,ln",0.84,0.54,26,0.9,0,0
"frankfurter,meat & poultry,lo fat",0.91,0.54,12,0.1,0.4,3
"kfc,fried chick,ex crispy,drumstk,meat & skn w/ breading",0.91,0.54,25,,0,
"pork,cured,ham,shank,bone-in,ln & fat,unhtd",0.92,0.54,6,,0,0
"kfc,fried chick,original recipe,drumstk,meat & skn w/ brding",0.97,0.54,29,,0,
"usda cmdty,chick fajita strips,frz",0.99,0.54,13,,0,4
"pork,frsh,loin,whl,ln&fat,ckd,brsd",1.07,0.54,21,1.2,0.6,3
"pork,cured,ham -- h2o added,rump,bone-in,ln,unhtd",1.13,0.54,7,,0,3
"frankfurter,chicken",1.17,0.54,74,0.5,0,9
tamales (navajo),1.22,0.54,29,,1.7,15
"chicken,thighs,frz,breaded,rehtd",1.26,0.54,75,,0,20
"pork, fresh, ground, cooked",1.29,0.54,22,,0.7,6
"pork,fresh,ground,cooked",1.29,0.54,22,0.5,0.7,6
"pickle&pimiento loaf,pork",1.33,0.54,109,0.8,7.8,37
"popeyes,fried chick,mild,wing,meat & skn w/ breading",1.38,0.54,31,,0,
"milk dssrt,frz,milk-fat free,choc",0.04,0.55,154,0,0.7,6
"sauce, white, thin, prepared-from-recipe, with butter",0.22,0.55,131,,0,13
"sauce,white,thin,prepared-from-recipe,w/ butter",0.22,0.55,131,,0,13
"fruit juc smoothie,bolthouse farms,grn goodness",0.34,0.55,18,0,6.2,17
"veal,breast,fat,ckd",0.45,0.55,6,,0,5
"pork,frsh,shldr,arm picnic,ln,raw",0.62,0.55,11,0.6,0,0
"pork,frsh,ln,tpln(chps),bnls,ln & ft,w/added sln,ckd,pn-brld",0.63,0.55,10,,0,1
"pork,frsh,loin,top loin (roasts),bnless,ln,ckd,rstd",0.64,0.55,6,0.4,0,0
"pork,frsh,loin,blade (chops or roasts),bone-in,ln&fat,raw",0.66,0.55,35,0.7,0,0
"olive garden,lasagna classico",0.75,0.55,211,,0.7,35
"pork,frsh,var meats&by-products,tail,ckd,simmrd",0.79,0.55,14,,0,4
"mcdonald's, hot fudge sundae",0.83,0.55,139,,0,0
"mcdonald's,hot fudge sundae",0.83,0.55,139,,,0
"chicken,broiler,rotisserie,bbq,skin",0.86,0.55,34,0,0,9
"digiorno pizza,pepperoni topping,thin crispy crust,frz,bkd",0.9,0.55,209,,0.9,
"pork,cured,ham & h2o product,shank,bone-in,unhtd,ln",0.97,0.55,8,,0,1
"veal,comp of rtl cuts,fat,ckd",1,0.55,4,,0,5
"pork,frsh,loin,cntr rib (roasts),bnless,ln,ckd,rstd",1,0.55,6,0.7,0.4,9
"pork,frsh,loin,whl,ln,ckd,brsd",1.13,0.55,18,0.8,0.6,4
"pork,cured,ham -- h2o added,shank,bone-in,ln & fat,htd,rstd",1.37,0.55,9,,0,1
"pork, cured, ham -- water added, shank, bone-in, separable lean and fat, heated, roasted",1.37,0.55,9,,0,1
"burger king,croissan'wich w/ sausage & chs",1.87,0.55,107,,0,
"chicken,wing,frz,glazed,bbq flav,htd (conventional oven)",1.97,0.55,28,,0,10
"digiorno pizza,pepperoni topping,chs stuffed crust,frz,bkd",2.3,0.55,226,,1.1,
"domino's 14"" extravaganzza fst pizza,clssic hand-tossed crst",2.32,0.55,113,,0,
"fast foods,submarine sndwch,meatball marinara on white bread",2.32,0.55,176,0,0.4,113
"subway,meatball marinara sub on white bread (no toppings)",2.32,0.55,176,,0.4,79
"yogurt,greek,strawberry,dannon oikos",0.07,0.56,86,0,,
"yogurt,pln,lofat,12 grams prot per 8 oz",0.08,0.56,183,0,0.8,11
"candies, white chocolate",0.24,0.56,199,,0.5,7
"candies,white choc",0.24,0.56,199,0,0.5,7
"pork,frsh,loin,tp ln (chps),bnlss,ln & ft,w/ added sln,raw",0.42,0.56,9,0.3,0,0
"chicken, dark meat, thigh, meat only, enhanced, raw",0.6,0.56,8,,0,3
"chicken,dk meat,thigh,meat only,w/ added soln,raw",0.6,0.56,8,0.1,0,3
"pork,frsh,loin,top loin (chops),bnless,ln,ckd,brld",0.63,0.56,5,0.6,0,0
"pork, fresh, loin, top loin (chops), boneless, separable lean only, cooked, broiled",0.63,0.56,5,,0,0
"ling,raw",0.65,0.56,34,,0,7
"chicken,broilers or fryers,leg,meat&skn,raw",0.69,0.56,9,0.1,0.2,4
"pork,frsh,backribs,ln&fat,raw",0.76,0.56,31,1.1,0,0
"pork, fresh, loin, sirloin (chops or roasts), bone-in, separable lean and fat, raw",0.82,0.56,14,,0,0
"chicken,ground,raw",0.82,0.56,6,,0,1
"pork,frsh,loin,sirloin (chops or roasts),bone-in,ln&fat,raw",0.82,0.56,14,0.5,0,0
"pork,frsh,loin,cntr rib (roasts),bnless,ln&fat,ckd,rstd",0.93,0.56,6,1.1,0.4,8
"candies,kit kat wafer bar",1,0.56,125,0,0,18
"pork, cured, ham -- water added, slice, bone-in, separable lean and fat, heated, pan-broil",1.07,0.56,11,,0,2
"pork,cured,ham -- h2o added,slce,bne-in,ln & fat,htd,pan-brl",1.07,0.56,11,,0,2
"pork,cured,ham,rump,bone-in,ln,unhtd",1.08,0.56,7,,0,1
"chicken,skn (drumsticks & thighs),w/ added soln,ckd,rstd",1.17,0.56,15,0.1,0,3
"chi formu,abbt nutr,pediasu,rtf,w/ iron & fib (former ross)",1.32,0.56,92,1.2,9.6,48
"rice mix,chs flavor,dry mix,unprep",4.74,0.56,140,0,2.1,240
"crab,alaska king,imitn,made from surimi",0.39,0.57,13,0,0,0
"pork,frsh,shldr,arm picnic,ln&fat,raw",0.57,0.57,12,0.8,0,0
"chicken, broilers or fryers, leg, meat only, raw",0.78,0.57,10,,0,4
"chicken,broilers or fryers,leg,meat only,raw",0.78,0.57,10,0,0,4
"pork, cured, ham with natural juices, slice, bone-in, separable lean and fat, unheated",1.05,0.57,9,,0,1
"pork,cured,ham w/ nat juices,slice,bone-in,ln & fat,unhtd",1.05,0.57,9,,0,1
"pork,frsh,loin,tenderloin,ln,ckd,rstd",1.15,0.57,6,0.2,0,0
"pork,frsh,loin,tenderloin,ln&fat,ckd,rstd",1.15,0.57,6,0.3,0,0
"pork,cured,ham,slice,bone-in,ln & fat,unhtd",1.15,0.57,12,,0,1
"pork, fresh, loin, tenderloin, separable lean and fat, cooked, roasted",1.15,0.57,6,,0,0
"lasagna,chs,frz,prep",1.27,0.57,111,0,17.1,51
"child formula,abbott nutr,pediasure,rtf (formerly ross)",1.34,0.57,93,1.2,9.5,60
"fast fd,pizza chain,14"" pizza,chs topping,thin crust",1.71,0.57,288,0,3,135
"mcdonald's,big brkfst",1.74,0.57,51,,0.4,
"child formula,mead johnson,portagen,w/ iron,prep from pdr",1.75,0.57,88,1.6,7.6,25
"child formula, mead johnson, portagen, with iron, prepared from powder",1.75,0.57,88,,7.6,25
"granola bars,soft,coatd,milk choc coating,choc chip",2.33,0.57,103,0,0,26
"egg custards,dry mix,prep w/ 2% milk",0.33,0.58,146,1.1,0.2,8
"fast foods,vanilla,lt,soft-serve ice crm,w/ cone",0.35,0.58,129,0,0.9,18
"mcdonald's,vanilla red fat ice crm cone",0.35,0.58,129,,0,9
"mcdonald's,mcflurry w/ oreo cookies",0.61,0.58,129,,,5
"light ice cream, soft serve, blended with cookie pieces",0.61,0.58,129,,0.8,13
"light ice crm,soft serve,blended w/ cookie pieces",0.61,0.58,129,0,0.8,13
"pork,frsh,loin,top loin (roasts),bnless,ln&fat,ckd,rstd",0.64,0.58,7,0.5,0,0
"pork,cured,ham & h2o product,rump,bone-in,ln,unhtd",0.67,0.58,10,,0,2
"pork,frsh,loin,cntr rib (chops),bone-in,ln&fat,ckd,brld",0.68,0.58,28,0.9,0,0
"pork, fresh, loin, center rib (chops), bone-in, separable lean and fat, cooked, broiled",0.68,0.58,28,,0,0
"sausage,smoked link sausage,pork & bf",0.75,0.58,12,1.1,0,2
"pork, cured, ham, shank, bone-in, separable lean only, unheated",0.99,0.58,6,,0,0
"pork,cured,ham w/ nat juices,rump,bone-in,ln & fat,htd,rstd",0.99,0.58,10,,0,1
"pork,cured,ham,shank,bone-in,ln,unhtd",0.99,0.58,6,,0,0
"pork,leg sirloin tip rst,bnless,ln & fat,ckd,brsd",1.06,0.58,5,,0,1
"pork,cured,ham -- h2o added,slice,bone-in,ln,htd,pan-broil",1.12,0.58,11,,0,2
"pork,cured,ham w/ nat juics,slce,bne-in,ln & fat,htd,pan-brl",1.15,0.58,12,,0,1
"pork & turkey sausage,pre-cooked",1.3,0.58,74,,0.7,10
"pork,cured,ham,shank,bone-in,ln & fat,htd,rstd",1.42,0.58,7,1,0,1
"fast fd,pizza chain,14"" pizza,sausage topping,thin crust",1.73,0.58,213,0,2.1,123
"subway,steak & chs sub on wht brd w/ american chs,lttc & tmt",2.02,0.58,183,,0.6,63
"fast foods,submarine sndwch,stk chs wht brd w/ chs,lttc tmt",2.02,0.58,183,0.2,0.6,101
"turnover,meat- & cheese-filled,tomato-based sau,red fat,frz",2.13,0.58,197,0.1,0,90
"inf formula, abb nutr, simil, isomil, adva w/ iron,liq conc",2.3,0.58,134,1.9,11.5,33
"inf formula, abbott nutr, similac, isomil,w/ iron,liq conc",2.3,0.58,134,1.9,11.5,33
"gravy,turkey,dry",3.29,0.58,146,,0.2,93
"pork,frsh,var meats&by-products,mechanically separated,raw",4.25,0.58,315,,0.7,3
"pork, fresh, variety meats and by-products, mechanically separated, raw",4.25,0.58,315,,0.7,3
"yogurt,greek,nonfat,strawberry,dannon oikos",0.06,0.59,94,1,0.2,20
"lasagna, vegetable, frozen, baked",0.55,0.59,150,0,1.1,14
"lasagna,veg,frz,bkd",0.55,0.59,150,0,1.1,14
"pork,frsh,loin,top loin (chops),bnless,ln & fat,ckd,brld",0.63,0.59,7,0.1,0,0
"pork,frsh,loin,cntr rib (chops),bnless,ln&fat,ckd,pan-fried",0.73,0.59,11,0.9,0,7
"pork,frsh,loin,cntr loin (chops),bone-in,ln&fat,ckd,brld",0.79,0.59,24,0.8,0,0
"fast foods,fried chick,wing,meat only,skn & breading removed",0.96,0.59,40,0.1,0,8
"chicken,broilers or fryers,skn only,ckd,rotisserie,original",0.98,0.59,25,,0,11
"fast foods,fried chick,drumstk,meat & skn w/ breading",0.99,0.59,24,0.1,0,29
"popeyes,fried chck,mild,thigh,meat only,skn & brding removed",1.03,0.59,34,,0,
"popeyes, fried chicken, mild, thigh, meat only, skin and breading removed",1.03,0.59,34,,0,0
"wendy's,frosty dairy dssrt",1.04,0.59,128,,0,
"pork,shldr petite tender,bnless,ln & fat,raw",1.07,0.59,6,,0,2
"bologna,chick,pork,bf",1.25,0.59,92,,15.8,7
"fast foods,fish sndwch,w/tartar sau&chs",1.56,0.59,120,0.9,1.5,65
"sausage,egg & chs brkfst biscuit",1.85,0.59,136,0.7,0.1,78
"fast foods, burrito, with beans, cheese, and chili peppers",2.29,0.59,86,0,2,53
"beverages,energy drk,amp",0.02,0.6,13,0,0,0
"light ice crm,soft serve,blended w/ milk choc candies",0.27,0.6,135,0,0.9,3
"mcdonald's,mcflurry w/ m&m's candies",0.27,0.6,135,,,3
"chicken,dk meat,thigh,meat & skn,w/ added soln,raw",0.57,0.6,8,0.2,0,3
"chicken,broiler,rotisserie,bbq,back meat & skn",0.83,0.6,33,0.1,0,7
"grouper,mixed species,raw",0.89,0.6,27,,0,9
"beverages,slimfast,meal replcmnt,hi prot shake,rtd,3-2-1",0.96,0.6,130,1.1,19.4,69
"beverages, slimfast, meal replacement,  high protein shake, ready-to-drink, 3-2-1 plan",0.96,0.6,130,,19.4,69
"morningstar farms spicy blk bean enchilada entree,frz,unprep",1.1,0.6,69,0.05,0,15
"pork,cured,ham w/ nat juices,slice,bone-in,ln,unhtd",1.1,0.6,9,,0,1
"fish,mahimahi,raw",1.13,0.6,15,,0,5
"pork,cured,ham w/ nat juices,slice,bone-in,ln,htd,pan-broil",1.2,0.6,12,,0,1
"pork, cured, ham with natural juices, slice, bone-in, separable lean only, heated, pan-broil",1.2,0.6,12,,0,1
"pork,cured,ham,slice,bone-in,ln,unhtd",1.23,0.6,13,,0,1
"pork, cured, ham -- water added, shank, bone-in, separable lean only, heated, roasted",1.56,0.6,9,,0,1
"pork,cured,ham -- h2o added,shank,bone-in,ln,htd,rstd",1.56,0.6,9,,0,1
"beverages,abbott,ensure plus,rtd",1.79,0.6,79,1,11.9,67
"beverages, abbott, ensure plus, ready-to-drink",1.79,0.6,79,,11.9,67
"fast foods,biscuit,w/sausage",1.86,0.6,47,0.3,0,75
"candies,m&m mars 3 musketeers truffle crisp",1.88,0.6,150,0,0,9
"taco bell,burrito supreme w/ steak",2,0.6,101,,,54
"mcdonald's,sausage biscuit w/ egg",2.03,0.6,58,,0,85
"yogurt,pln,skim milk,13 grams prot per 8 oz",0.09,0.61,199,0,0.9,12
"pork,frsh,loin,cntr lon (chps),bnless,ln & fat,ckd,pan-brled",0.62,0.61,9,0.3,0,0
"luncheon meat,pork,ham,&chick,mincd,cnd,red na,vit c, (spam)",0.64,0.61,0,0.6,43,4
"pork,frsh,carcass,ln&fat,raw",0.69,0.61,19,,0.4,4
"pork,frsh,loin,cntr rib (chops),bnless,ln,ckd,pan-fried",0.78,0.61,5,0.6,0.3,8
"chicken,broilers or fryers,dk meat,thigh,meat only,raw",0.81,0.61,7,0,0,4
"chicken,broiler,rotisserie,bbq,back meat only",0.82,0.61,33,0,0,7
"pork,frsh,loin,blade (chops),bone-in,ln,ckd,brsd",0.85,0.61,49,0.9,0,0
"pork,shldr breast,bnless,ln & fat,ckd,brld",0.92,0.61,7,,0,2
"pork,frsh,loin,sirloin (roasts),bone-in,ln,ckd,rstd",0.96,0.61,13,0.7,0,0
"pork,cured,ham w/ nat juices,rump,bone-in,ln,htd,rstd",1.04,0.61,10,,0,1
"beef, new zealand, imported, striploin, separable lean and fat, raw",1.38,0.61,7,,0,0
"beef,nz,imp,striploin,ln & fat,raw",1.38,0.61,7,0.2,0,
"luncheon meat, pork and chicken, minced, canned, includes spam lite",1.4,0.61,39,,38.5,4
"luncheon meat,pork&chick,minced,cnd,incl spam lite",1.4,0.61,39,0.6,38.5,4
"pork,cured,ham,rump,bone-in,ln & fat,htd,rstd",1.46,0.61,7,0.8,0,0
"pork,cured,ham,shank,bone-in,ln,htd,rstd",1.54,0.61,7,0.9,0,1
"fast foods,croissant,w/egg&chs",1.73,0.61,192,,0.1,43
"little caesars 14"" original rnd meat & veg pizza,reg crust",2.11,0.61,167,,0,
"pizza,pepperoni topping,reg crust,frz,ckd",2.43,0.61,168,0,1.9,107
"formulated bar,south beach prot bar",5.4,0.61,322,0,27.9,184
"chicken,broilers or fryers,thigh,meat&skn,raw",0.68,0.62,7,0.1,0,3
"chicken, broilers or fryers, thigh, meat and skin, raw",0.68,0.62,7,,0,3
"digiorno pizza,chs topping,thin crispy crust,frz,bkd",0.68,0.62,275,,0.1,
"pork,frsh,loin,sirloin (chops),bnless,ln&fat,ckd,brsd",0.71,0.62,11,0.4,0,0
"pork,frsh,loin,blade (chops),bone-in,ln&fat,ckd,brsd",0.81,0.62,51,1,0,0
"popeyes,fried chick,mild,drumstk,meat & skn w/ breading",1.06,0.62,20,,0,
"pizza,meat & veg topping,reg crust,frz,ckd",1.36,0.62,152,0,3.4,57
"pizza hut 12"" super supreme pizza,hand-tossed crust",2,0.62,129,,0,
"pizza,chs topping,thin crust,frz,ckd",2.14,0.62,228,0,0.1,122
"fast foods,biscuit,w/egg&ham",2.37,0.62,115,0.6,0,46
"anchovy,european,raw",3.25,0.62,147,,0,9
"gravy,inst bf,dry",6.27,0.62,141,0,0.9,48
"cheese,cottage,lowfat,1% milkfat,no na",0.14,0.63,61,0,0,12
"cheese,cottage,lowfat,1% milkfat,lactose red",0.14,0.63,53,0,0,12
"cheese,cottage,lowfat,1% milkfat",0.14,0.63,61,0,0,12
"beverages,rice milk,unswtnd",0.2,0.63,118,1,0,2
"fruit juc smoothie,naked juc,grn machine",0.42,0.63,11,0,8.2,15
"turkey from whole, enhanced, light meat, meat only, raw",0.54,0.63,14,,0,0
"turkey,wing,from whl bird,meat only,w/ added soln,raw",0.54,0.63,14,0.1,0,7
"turkey from whl,lt meat,meat only,w/ added soln,raw",0.54,0.63,14,0.1,0,7
"turkey,breast,from whl bird,meat only,w/ added soln,raw",0.54,0.63,14,0.1,0,7
"pork,frsh,loin,cntr loin (chops),bnless,ln,ckd,pan-broiled",0.64,0.63,6,0.7,0,0
"pork,frsh,loin,sirloin (chops),bone-in,ln&fat,ckd,brsd",0.71,0.63,12,0.6,0,0
"pork,frsh,loin,sirloin (chops),bnless,ln,ckd,brsd",0.71,0.63,11,0.4,0,0
"turkey,breast,from whl bird,meat only,raw",0.73,0.63,11,0.1,0,7
"turkey from whl,lt meat,raw",0.73,0.63,11,0.1,0,7
"turkey,drumstk,from whl bird,meat only,raw",0.73,0.63,11,0.1,0,7
"turkey,wing,from whl bird,meat only,raw",0.73,0.63,11,0.1,0,7
"pork,frsh,loin,whl,ln,raw",0.84,0.63,17,0.5,0.6,5
"pork,frsh,leg (ham),whl,ln&fat,raw",0.85,0.63,5,0.5,0.7,7
"pork,frsh,loin,cntr rib (chops),bone-in,ln,ckd,brsd",0.87,0.63,51,0.8,0,0
"kfc,fried chick,ex crispy,drumstk,meat only,skn & brdng rmvd",1.05,0.63,16,,0,
"pork,cured,ham,slice,bone-in,ln & fat,htd,pan-broil",1.34,0.63,14,1,0,2
"beverages,abbott,ensure,nutritional shake,rtd",1.9,0.63,127,1.1,12.7,72
"yogurt,greek,vanilla,nonfat",0.04,0.64,99,0.9,0,11
"yogurt,greek,vanilla,lowfat",0.04,0.64,100,0.9,0,9
"cheese,roquefort",0.56,0.64,662,,0,49
"pork,frsh,loin,sirloin (chops),bone-in,ln,ckd,brsd",0.73,0.64,11,0.4,0,0
"pork,frsh,comp of rtl cuts (loin & shldr blade),ln & fat,raw",0.74,0.64,16,0.5,0.1,1
"stew,hominy w/ mutton (navajo)",0.81,0.64,8,,0,0
"pork,frsh,loin,cntr rib (chops),bone-in,ln&fat,ckd,brsd",0.81,0.64,53,0.9,0,0
"stew, hominy with mutton (navajo)",0.81,0.64,8,,0,0
"pork,frsh,comp of rtl cuts (leg,loin,shldr),ln,raw",0.82,0.64,13,0.5,0.2,2
"pork, leg cap steak, boneless, separable lean and fat, raw",0.84,0.64,7,,0,1
"pork,leg cap steak,bnless,ln & fat,raw",0.84,0.64,7,,0,1
"pork,ground,96% ln / 4% fat,raw",0.86,0.64,15,0.1,0,2
"snacks, pork skins, plain",0.88,0.64,30,,0.5,0
"pork skins,plain",0.88,0.64,30,0,0.5,0
"usda commodity,pork,ground,fine/coarse,frz,raw",0.91,0.64,14,,0.6,5
"domino's 14"" cheese pizza, crunchy thin crust",0.91,0.64,292,,1.7,0
"domino's 14"" chs pizza,crunchy thin crust",0.91,0.64,292,,1.7,
"pork,frsh,loin,sirloin (roasts),bone-in,ln&fat,ckd,rstd",0.94,0.64,15,0.7,0,0
"kfc,fried chick,original recipe,drumstk,meat only,skn brg rd",1.04,0.64,16,,0,
"pork,cured,ham w/ nat juices,shank,bone-in,ln & fat,htd,rstd",1.11,0.64,7,,0,3
"jimmy dean,sausage,egg,& chs brkfst biscuit,frz,unprep",1.84,0.64,137,,,52
"pizza hut 12"" chs pizza,pan crust",1.86,0.64,208,,0,
"pizza hut 12"" pepperoni pizza,pan crust",2.14,0.64,146,,0,
"candies,confectioner's coating,yogurt",0.14,0.65,205,0,0.5,8
"chicken,skn (drumsticks & thighs),raw",0.37,0.65,6,0.2,0,2
"ling,cooked,dry heat",0.83,0.65,44,,0,8
"pork,cured,ham,bnless,ex ln (approx 5% fat),rstd",1.48,0.65,8,0.8,0,3
"pork,cured,ham,bnless,lo na,ex ln (approximatly 5% fat),rstd",1.48,0.65,8,0.8,0,3
"pork, cured, ham, boneless, extra lean (approximately 5% fat), roasted",1.48,0.65,8,,0,3
"pork,cured,ham,rump,bone-in,ln,htd,rstd",1.59,0.65,8,,0,0
"pork, cured, ham, rump, bone-in, separable lean only, heated, roasted",1.59,0.65,8,,0,0
"candies,milk choc coatd coffee bns",2.29,0.65,169,0,0,10
"duck,wild,meat&skn,raw",4.16,0.65,5,,5.2,21
"yogurt,greek,nonfat,vanilla,dannon oikos",0.04,0.66,89,0.9,0,
"smoked link sausage,pork",0.59,0.66,11,1.1,0,1
"bacon,turkey,lo na",0.72,0.66,10,0.2,24,6
"restaurant,italian,lasagna w/ meat",0.79,0.66,197,0,0.7,38
"pork, fresh, loin, center loin (chops), bone-in, separable lean and fat, cooked, braised",0.86,0.66,55,,0,0
"pork,frsh,comp (leg,loin,shldr,&spareribs),ln&fat,raw",0.86,0.66,19,,0.5,5
"pork,frsh,loin,cntr loin (chops),bone-in,ln&fat,ckd,brsd",0.86,0.66,55,0.8,0,0
"pork,frsh,loin,blade (chops),bone-in,ln&fat,ckd,brld",0.87,0.66,56,1,0,0
"pork,frsh,comp of rtl cuts (loin&shldr blade),ln,raw",0.88,0.66,17,,0.6,5
"pork,frsh,loin,cntr loin (chops),bone-in,ln,ckd,brsd",0.91,0.66,53,0.7,0,0
"pork,frsh,loin,blade (chops),bone-in,ln,ckd,brld",0.91,0.66,55,0.9,0,0
"pork,frsh,loin,top loin (chops),bnless,ln,ckd,brsd",0.91,0.66,8,0.9,0,0
"domino's 14"" sausage pizza,crunchy thin crust",1.07,0.66,234,,1.1,
"fast foods,croissant,w/egg,chs,&ham",1.4,0.66,95,0.8,0.1,56
"pork,cured,ham,slice,bone-in,ln,htd,pan-broil",1.42,0.66,15,1.1,0,2
"nutritional supplement for people with diabetes, liquid",1.98,0.66,110,0,26.4,75
"nutritional supp for people w/ diabetes,liq",1.98,0.66,110,1.1,26.4,75
"pork,frsh,fat,raw",0.26,0.67,14,1.7,0,0
"turkey from whl,lt meat,meat & skn,w/ added soln,raw",0.54,0.67,14,0.3,0,6
"turkey from whl,lt meat,meat & skn,raw",0.75,0.67,11,0.3,0,7
"pork,frsh,loin,cntr rib (chops),bnless,ln&fat,ckd,brld",0.77,0.67,28,,0.3,8
"ground turkey,fat free,patties,brld",0.78,0.67,6,0.2,0,7
"pork, fresh, loin, top loin (chops), boneless, separable lean and fat, cooked, braised",0.88,0.67,12,,0,0
"pork,frsh,loin,top loin (chops),bnless,ln & fat,ckd,brsd",0.88,0.67,12,1,0,0
"pork, fresh, composite of trimmed leg, loin, shoulder, and spareribs, (includes cuts to be cured), separable lean and fat, raw",0.89,0.67,11,,0.3,3
"pork,frsh,comp of leg,loin,shldr,& spareribs,ln & fat,raw",0.89,0.67,11,0.7,0.3,3
"pork,frsh,leg (ham),rump half,ln&fat,ckd,rstd",0.9,0.67,16,0.4,0,0
"pork,frsh,leg (ham),rump half,ln,ckd,rstd",0.97,0.67,16,0.3,0,0
"frankfurter, meat and poultry, cooked, grilled",1.15,0.67,118,0.7,19.2,9
"candies,milk choc,w/almonds",1.63,0.67,224,0,0.2,13
"fast foods,croissant,w/egg,chs,&bacon",1.7,0.67,117,0.8,0.1,67
"chicken,skn (drumsticks & thighs),w/ added soln,raw",0.51,0.68,7,0.4,0,2
"pork,frsh,ln,top ln (chps),bnless,ln,w/ added sln,ckd,brld",0.56,0.68,9,0.6,0,0
"kielbasa,fully ckd,unhtd",0.75,0.68,24,0.7,19.1,1
"beverages,unilever,slimfast,meal replcmnt,reg,rtd,3-2-1 plan",0.87,0.68,161,1.1,19.4,66
"pork,frsh,blade,(chops),bnless,ln & fat,ckd,brld",0.89,0.68,8,0.7,0,0
"pork,frsh,comp of rtl cuts (loin&shldr blade),ln&fat,ckd",0.93,0.68,20,0.9,0.1,2
"pork, fresh, composite of trimmed retail cuts (loin and shoulder blade), separable lean and fat, cooked",0.93,0.68,20,,0.1,2
"chicken,broilers or fryers,back,meat & skn,ckd,rotisserie,or",0.97,0.68,35,,0,9
"pork,frsh,comp of rtl cuts (leg,loin,&shldr),ln,ckd",1,0.68,18,0.8,0.2,3
acorn stew (apache),1,0.68,14,0,0,44
"pork,frsh,leg (ham),whl,ln&fat,ckd,rstd",1.01,0.68,14,0.8,0.3,10
"usda commodity,pork,cured,ham,bnless,ckd,unhtd",1.07,0.68,7,,22.7,4
macaroni & chs loaf  chick  pork & bf,1.2,0.68,122,,16.7,33
"pork,cured,ham,bnless,lo na,ex ln & reg,rstd",1.4,0.68,8,0.8,0,3
"pork,cured,ham,bnless,ex ln&reg,rstd",1.4,0.68,8,0.8,0,3
"fast foods,fish sndwch,w/tartar sau",1.5,0.68,37,0.2,1.8,66
"fast fd,pizza chain,14"" pizza,meat & veg topping,reg crust",1.86,0.68,120,0,0.1,87
"fast foods,burrito,w/ bns & bf",1.91,0.68,90,0.1,1.9,90
"fast foods, burrito, with beans and beef",1.91,0.68,90,0,1.9,90
"papa john's 14"" chs pizza,original crust",1.97,0.68,166,0,0,109
"pizza hut 12"" pepperoni pizza,hand-tossed crust",2.14,0.68,155,,0,
"fast foods, burrito, with beef, cheese, and chili peppers",2.57,0.68,73,,1.2,65
"soup,stock,fish,home-prepared",0.01,0.69,3,0,0.1,2
"pork,frsh,loin,blade (chops),bnless,ln,bnless,ckd,brld",0.92,0.69,7,0.6,0,0
"pork,loin,leg cap steak,bnless,ln & fat,ckd,brld",0.97,0.69,7,,0,1
"frankfurter, meat and poultry, cooked, boiled",1.12,0.69,107,0.6,19.4,9
"fish, grouper, mixed species, cooked, dry heat",1.14,0.69,21,,0,10
"grouper,mxd sp,ckd,dry heat",1.14,0.69,21,,0,10
"pork,cured,ham w/ nat juices,shank,bone-in,ln,htd,rstd",1.2,0.69,7,,0,3
"beverages,cytosport,muscle milk,rtd",1.3,0.69,69,0.7,27.6,56
"pork,cured,ham,lo na,ln & fat,ckd",1.37,0.69,8,0.8,0,3
"fish,mahimahi,ckd,dry heat",1.45,0.69,19,,0,6
"cracker barrel,country fried shrimp platter",1.53,0.69,43,,,
"fast foods,biscuit,w/egg&bacon",2.49,0.69,126,0.6,1.8,54
"abalone,mxd sp,ckd,fried",3.8,0.69,37,,1.8,20
"yogurt,greek,nonfat,vanilla,chobani",0.05,0.7,106,,0,
"cheese,past process,cheddar or american,lo na",0.39,0.7,616,0.6,0,8
"cheese, pasteurized process, pimento",0.42,0.7,614,,2.3,8
"cheese,past process,pimento",0.42,0.7,614,0.5,2.3,8
"soymilk, chocolate, unfortified",0.48,0.7,25,,1.7,11
"soymilk,choc,w/ added ca,vitamins a & d",0.48,0.7,126,1,1.7,11
"soymilk,choc,unfortified",0.48,0.7,25,0,1.7,11
"beverages,kellogg's,spl k prot shake",0.5,0.7,113,1.1,20,66
"lamb,nz,imp,subcutaneous fat,ckd",0.7,0.7,6,0.1,0,
"pork,frsh,loin,cntr rib (chops),bnless,ln,ckd,brld",0.82,0.7,31,,0.3,9
"pork,frsh,loin,whl,ln&fat,ckd,brld",0.87,0.7,19,1.3,0.6,5
"pork,fresh,ground,raw",0.88,0.7,14,,0.7,5
"pork,cured,ham,whl,ln,rstd",0.94,0.7,7,0.9,0,4
"ham,chopped,canned",0.95,0.7,7,0.6,2,1
"gravy,mushroom,dry,pdr",1,0.7,230,0,7,43
"gravy,onion,dry,mix",1,0.7,280,,7,43
"gravy,unspec type,dry",1,0.7,150,,7,43
"ground turkey, fat free, pan-broiled crumbles",1.02,0.7,6,,0,8
"ground turkey,fat free,pan-broiled crumbles",1.02,0.7,6,0.2,0,8
"pork,frsh,comp (leg,loin,shldr,&spareribs),ln&fat,ckd",1.11,0.7,20,0.9,0.1,2
"game meat,boar,wild,ckd,rstd",1.12,0.7,16,0,0,6
"pork,cured,ham,bnless,reg (approx 11% fat),rstd",1.34,0.7,8,0.8,0,3
"lamb,nz,imp,intermuscular fat,ckd",1.39,0.7,6,0.2,0,
"worthington chili,cnd,unprep",1.6,0.7,18,,0,
"gravy,brown,dry",1.72,0.7,132,,0.3,43
"pizza,chs topping,rising crust,frz,ckd",1.77,0.7,177,0,1.9,63
"pizza hut 12"" cheese pizza, hand-tossed crust",1.95,0.7,209,,0,0
"pizza hut 12"" chs pizza,hand-tossed crust",1.95,0.7,209,,0,
"mcdonald's,sausage mcmuffin w/ egg",1.97,0.7,172,,0,
"morningstar farms brkfst biscuit sausage,egg & chs,frz,unpre",3,0.7,117,0,0,74
"babyfood,finger snacks,gerb,graduat,lil crunchi - mild chedd",24.15,0.7,789,0,0,20
"milk,sheep,fluid",0.1,0.71,193,,4.2,7
"little caesars 14"" chs pizza,thin crust",0.64,0.71,422,,0,
"cheese food,imitation",0.68,0.71,649,0,0,8
"pork,cured,ham,ex ln (approx 4% fat),cnd,rstd",0.92,0.71,6,,0,5
"pork,frsh,loin,country-style ribs,ln & fat,bone-in,ckd,brld",0.96,0.71,57,1.2,0,0
"chicken,broilers or fryers,back,meat only,ckd,rotisserie,ori",0.97,0.71,38,,0,8
"pork, fresh, loin, whole, separable lean and fat, cooked, roasted",0.99,0.71,19,,0.6,6
"pork,frsh,loin,whl,ln&fat,ckd,rstd",0.99,0.71,19,1,0.6,6
"pork,frsh,leg (ham),whl,ln,raw",1.01,0.71,6,0.6,0.9,9
"pork, fresh, leg (ham), whole, separable lean only, raw",1.01,0.71,6,,0.9,9
"frankfurter, meat and poultry, unheated",1.04,0.71,106,0.7,22.5,6
"pork,frsh,shldr,arm picnic,ln&fat,ckd,rstd",1.18,0.71,19,,0.2,4
"beef,nz,imp,striploin,ln,raw",1.61,0.71,4,0.2,0,
"egg,whl,ckd,poached",1.75,0.71,56,2,0,35
"fast foods, chimichanga, with beef and cheese",2.1,0.71,130,,1.5,72
"pizza hut 14"" pepperoni pizza,thin 'n crispy crust",2.78,0.71,196,,2.8,
"beef, variety meats and by-products, tripe, cooked, simmered",0.66,0.72,81,,0,3
"beef,var meats & by-products,tripe,ckd,simmrd",0.66,0.72,81,,0,3
"on the border, cheese enchilada",0.71,0.72,293,,0,0
"on the border,chs enchilada",0.71,0.72,293,,,14
"pork,frsh,loin,blade (chops),bone-in,ln&fat,ckd,pan-fried",0.84,0.72,48,0.7,0,0
"pork,frsh,loin,blade (chops),bone-in,ln,ckd,pan-fried",0.88,0.72,46,0.6,0,0
"pork, fresh, loin, country-style ribs, separable lean and fat, boneless, cooked, broiled",0.89,0.72,8,,0,0
"pork,frsh,loin,country-style ribs,ln & fat,bnless,ckd,brld",0.89,0.72,8,1.2,0,0
"pork,frsh,loin,whl,ln,ckd,brld",0.91,0.72,17,0.9,0.7,6
"pork, fresh, loin, whole, separable lean only, cooked, broiled",0.91,0.72,17,,0.7,6
"kielbasa,fully ckd,pan-fried",0.93,0.72,40,0.2,16.2,0
"kielbasa,fully ckd,grilled",0.99,0.72,42,0.9,14.7,0
"pork, fresh, leg (ham), whole, separable lean only, cooked, roasted",1.12,0.72,7,,0.4,12
"pork,frsh,leg (ham),whl,ln,ckd,rstd",1.12,0.72,7,0.9,0.4,12
"pheasant,ckd,total edible",1.43,0.72,16,0.2,2.3,5
"pheasant, cooked, total edible",1.43,0.72,16,,2.3,5
"papa john's 14"" the works pizza,original crust",1.5,0.72,99,,0,92
"cheese,mozzarella,whl milk,lo moist",0.2,0.73,575,0.5,0,8
"bratwurst,pork,ckd",0.53,0.73,28,1.1,0,3
"pork,frsh,ln,tp ln (chps),bnlss,ln & ft,w/added sln,ckd,brld",0.57,0.73,11,0.6,0,0
"beef,rtl cuts,fat,raw",0.72,0.73,26,0.3,0,0
ham and cheese spread,0.76,0.73,217,,0,3
"pork,ground,84% ln / 16% fat,raw",0.88,0.73,15,0.4,0,2
"pork,frsh,loin,country-style ribs,ln,bnless,ckd,brld",0.92,0.73,7,1.1,0,0
"pork, fresh, loin, country-style ribs, separable lean only, bone-in, cooked, broiled",1.02,0.73,61,,0,0
"pork,frsh,loin,country-style ribs,ln,bone-in,ckd,brld",1.02,0.73,61,1.1,0,0
"pork,frsh,loin,whl,ln,ckd,rstd",1.09,0.73,18,0.7,0.6,1
"abalone,mixed species,raw",3.19,0.73,31,0,2,5
"lasagna w/ meat & sau,frz entree",0.65,0.74,73,0,4.1,22
"pork,cured,ham,whl,ln&fat,unhtd",0.71,0.74,7,,34.9,1
"pork,frsh,backribs,ln&fat,ckd,rstd",0.92,0.74,46,1.2,0,0
"pork,frsh,shldr,arm picnic,ln&fat,ckd,brsd",0.92,0.74,16,1.1,0,5
"fast foods,fried chick,drmstk,meat only,skn & brding removed",1.03,0.74,16,0.1,0,10
"pork,frsh,shldr,whl,ln&fat,raw",1.05,0.74,15,1.7,0.7,5
"shrimp,mxd sp,cnd",2.13,0.74,145,0,4.1,9
"fast foods,brkfst burrito,w/ egg,chs,& sausage",2.28,0.74,132,0.8,0.5,88
"mcdonald's,sausage burrito",2.28,0.74,132,,,63
"yogurt,greek,pln,whl milk",0,0.75,100,0,0,5
"yogurt,greek,pln,nonfat",0.07,0.75,110,0,0,7
"pork,frsh,loin,sirloin (chops),bnless,ln&fat,ckd,brld",0.87,0.75,11,0.7,0,0
"pork,frsh,loin,sirloin (chops),bnless,ln,ckd,brld",0.88,0.75,11,0.6,0,0
"popeyes,fried chick,mild,wing,meat only,skn & brding removed",0.92,0.75,38,,0,
"pork loin,frsh,backribs,bone-in,cooked-roasted,ln",0.96,0.75,44,1.2,0,0
"pork loin, fresh, backribs, bone-in, cooked-roasted, lean only",0.96,0.75,44,,0,0
"pork,frsh,loin,sirloin (chops),bone-in,ln&fat,ckd,brld",1.01,0.75,60,1,0,0
"pork, fresh, loin, sirloin (chops), bone-in, separable lean and fat, cooked, broiled",1.01,0.75,60,,0,0
"pork,frsh,comp of rtl cuts (loin&shldr blade),ln,ckd",1.07,0.75,22,,0.4,6
"breakfast items,biscuit w/egg&sausage",1.9,0.75,51,0.5,0,66
"candies,milk choc",2.35,0.75,189,0,0,11
"soup,chick noodle,dry,mix",2.44,0.75,55,0,0,115
"cookies,ladyfingers,wo/lemon juc&rind",3.58,0.75,47,,0,105
"cookies,ladyfingers,w/lemon juc&rind",3.58,0.75,47,0.6,3.7,76
"snacks,candy bits,yogurt covered w/ vit c",0.19,0.76,500,0,180,10
ham salad spread,0.59,0.76,8,0.7,0,1
"pork sausage,link/patty,fully ckd,unhtd",0.92,0.76,16,1.2,0,0
"pork sausage, link/patty, fully cooked, unheated",0.92,0.76,16,,0,0
"pork sausage,link/patty,fully ckd,microwaved",0.95,0.76,17,1,0,1
"pork,frsh,shldr,arm picnic,ln,ckd,brsd",0.97,0.76,16,1,0,5
"pork,frsh,loin,country-style ribs,ln & fat,bone-in,ckd,rstd",1,0.76,25,1.8,0.3,4
"pork,shldr,petite tender,bnless,ln & fat,ckd,brld",1.25,0.76,8,,0,1
"egg,whl,ckd,scrmbld",1.31,0.76,66,1.8,0,36
"egg, whole, cooked, omelet",1.48,0.76,48,,0,39
"egg,whole,cooked,omelet",1.48,0.76,48,1.7,0,39
"fast fd,pizza chain,14"" pizza,pepperoni topping,thin crust",1.95,0.76,216,0,2,131
"fast food, pizza chain, 14"" pizza, pepperoni topping, thin crust",1.95,0.76,216,,2,131
"restaurant,latino,empanadas,bf,prep",2.7,0.76,20,0.2,0.7,69
"restaurant, latino, empanadas, beef, prepared",2.7,0.76,20,,0.7,69
"fast foods,cheeseburger; single,reg patty; pln",2.71,0.76,119,0.1,0,89
"duck,wild,breast,meat only,raw",4.51,0.76,3,,6.2,25
"cheese,past process,american,lofat",0.43,0.77,684,0.1,0,9
"cheese,past process,swiss,lofat",0.43,0.77,684,0.1,0,9
"carrabba's italian grill,lasagne",0.74,0.77,185,,0.8,16
"hungry man,salisbury steak w/ gravy,frz,unprep",1.02,0.77,29,,,
"pork,frsh,loin,sirloin (chops),bone-in,ln,ckd,brld",1.07,0.77,65,1,0,0
"pheasant,raw,meat&skn",1.15,0.77,12,,5.3,6
"macaroni or noodles w/ chs,microwaveable,unprep",2.36,0.77,328,0,0,334
"macaroni & chs dinner w/ dry sau mix,boxed,unckd",2.75,0.77,146,0,0.7,334
"pork,frsh,loin,cntr rib (chops),bone-in,ln&fat,ckd,pan-fried",0.83,0.78,48,0.7,0,0
"pork,frsh,shldr,arm picnic,ln,ckd,rstd",1.42,0.78,9,0.9,0.3,5
"chicken,roasting,meat&skn&giblets&neck,ckd,rstd",1.61,0.78,13,,0.4,23
"pizza,chs topping,reg crust,frz,ckd",2.27,0.78,179,0,1.2,65
"turkey,breast,from whl bird,meat only,w/ added soln,rstd",0.55,0.79,13,0.3,0,7
"pork,frsh,loin,blade (roasts),bone-in,ln&fat,ckd,rstd",0.81,0.79,31,0.9,0,0
"pork,frsh,loin,cntr rib (chops),bone-in,ln,ckd,pan-fried",0.88,0.79,45,0.5,0,0
"pork,frsh,loin,cntr loin chops,bone-in,ln&fat,ckd,pan-fried",0.93,0.79,53,0.6,0,0
"pork,cured,ham,steak,bnless,ex ln,unhtd",1,0.79,4,,32.3,4
sausage  turkey  brkfst links  mild,1.07,0.79,32,0.4,0.5,4
"bologna,chick,turkey,pork",1.16,0.79,82,,19.7,9
"bologna, chicken, turkey, pork",1.16,0.79,82,,19.7,9
"chicken,broilers or fryers,meat&skn&giblets&neck,stwd",1.53,0.79,14,,0.5,27
"chicken, broilers or fryers, meat and skin and giblets and neck, stewed",1.53,0.79,14,,0.5,27
"papa john's 14"" pepperoni pizza,original crust",1.98,0.79,152,0,0,102
"fast foods,eng muffin,w/chs&sausage",3.14,0.79,210,0.4,0,75
"beverages,malted drk mix,nat,pdr,dairy based.",0.7,0.8,298,0,2.9,46
"pork,cured,ham,cntr slice,ln&fat,unhtd",0.75,0.8,7,,0,4
"pork,frsh,loin,blade (roasts),bone-in,ln,ckd,rstd",0.85,0.8,27,0.8,0,0
"burbot,raw",0.9,0.8,50,,0,1
"pork,cured,ham,ex ln&reg,cnd,unhtd",0.9,0.8,6,0.6,0,6
"pork,cured,ham,bnless,ex ln&reg,unhtd",0.9,0.8,7,0.6,0,3
"pork,frsh,loin,cntr loin (chops),bone-in,ln,ckd,pan-fried",0.99,0.8,51,0.5,0,0
"usda commodity,turkey ham,dk meat,smoked,frz",1,0.8,7,,0,
"morningstar farms lasagna w/ veggie sausage,frz,unprep",1.3,0.8,88,0,1,2
"pork,frsh,shldr,whl,ln&fat,ckd,rstd",1.32,0.8,24,1.5,0.5,5
"pizza,meat & veg topping,rising crust,frz,ckd",1.36,0.8,155,0,4.2,98
"crackers,chs,sandwich-type w/ chs filling",2.13,0.8,89,,2.6,128
"fast foods,hamburger; single,reg patty; w/ condmnt & veg",2.39,0.8,57,,1.5,68
"candies, milk chocolate, with rice cereal",2.65,0.8,187,0,0.6,21
"candies,milk choc,w/rice crl",2.65,0.8,187,0,0.6,21
"crackers,crm,la moderna rikis crm crackers",6.64,0.8,734,,,
"cheese sub,mozzarella",0.4,0.81,610,0,0.1,11
"turkey,wing,from whl bird,meat only,rstd",0.71,0.81,9,0.3,0,10
ham&chs loaf or roll,0.91,0.81,58,1.1,0,3
"domino's 14"" pepperoni pizza,crunchy thin crust",1.13,0.81,236,,1.2,
"mcdonald's,filet-o-fish (without tartar sauce)",1.64,0.81,128,,0.1,57
"beverages,nestle,boost plus,nutritional drk,rtd",1.73,0.81,135,2.3,23.1,65
"fast foods,eng muffin,w/egg,chs,&canadian bacon",2.3,0.81,192,0.6,1.1,107
"cheese,mozzarella,part skim milk",0.22,0.82,782,0.3,0,9
"pork,frsh,var meats&by-products,jowl,raw",0.42,0.82,4,,0,1
"pork, fresh, loin, top loin (chops), boneless, separable lean and fat, cooked, pan-fried",0.82,0.82,12,,0,0
"pork,frsh,loin,top loin (chops),bnless,ln&fat,ckd,pan-fried",0.82,0.82,12,0.6,0,0
"pork,cured,ham,ex ln (approx 4% fat),cnd,unhtd",0.94,0.82,6,2.3,0,6
"pork,frsh,var meats&by-products,chitterlings,raw",1.02,0.82,16,,1.1,3
"frankfurter,turkey",1.47,0.82,148,0.6,0,10
"on the border,chs quesadilla",1.52,0.82,432,,,55
"stew, dumpling with mutton (navajo)",1.79,0.82,14,,0,0
"stew,dumpling w/ mutton (navajo)",1.79,0.82,14,,0,41
"cheese, cheshire",0.21,0.83,643,,0,18
"cheese,cheshire",0.21,0.83,643,,0,18
"papa john's 14"" chs pizza,thin crust",0.51,0.83,238,,0,
"imitation chs,american or cheddar,lo chol",0.7,0.83,705,0,0,18
"cheese,low-sodium,cheddar or colby",0.72,0.83,703,0.6,0,18
"cheese,monterey,low fat",0.72,0.83,705,0.4,0,18
"cheese,monterey",0.72,0.83,746,0.6,0,18
"cheese,colby",0.76,0.83,685,0.6,0,18
"pork,frsh,loin,top loin (chops),bnless,ln,ckd,pan-fried",0.84,0.83,8,0.5,0,0
"pork,cured,ham,ex ln&reg,cnd,rstd",1.07,0.83,7,0.7,0,5
"pork,ground,96% ln / 4% fat,ckd,pan-broiled",1.11,0.83,20,0.2,0,3
"chicken,broiler or fryer,meat&skn&giblets&neck,fried,batter",1.79,0.83,21,,0.4,38
"mcdonald's,hamburger",2.87,0.83,127,,0.6,64
"game meat,elk,loin,ln,ckd,brld",3.96,0.83,5,,0,9
"pork,frsh,belly,raw",0.52,0.84,5,,0.3,1
"pheasant,breast,meat only,raw",0.79,0.84,3,,6,4
"pork,frsh,loin,blade (roasts),bnless,ln & fat,ckd,rstd",0.89,0.84,12,0.5,0,0
"usda commodity, pork sausage, bulk/links/patties, frozen, raw",0.99,0.84,9,,0,3
"usda commodity,pork sausage,bulk/links/patties,frz,raw",0.99,0.84,9,,0,3
"pheasant,raw,meat only",1.15,0.84,13,,6,6
"pork,frsh,shldr,whl,ln,raw",1.22,0.84,14,,0.8,5
"pizza hut 14"" super supreme pizza,hand-tossed crust",1.53,0.84,104,,0.6,83
"fast foods,taco w/ bf,chs & lettuce,soft",1.67,0.84,123,0.1,0.1,96
"taco bell,soft taco w/ bf,chs & lettuce",1.67,0.84,123,,0.1,71
"beef,nz,imp,striploin,ln & fat,ckd,fast fried",1.72,0.84,8,0.3,0,
"pheasant,leg,meat only,raw",1.78,0.84,29,,6,10
"pheasant, leg, meat only, raw",1.78,0.84,29,,6,10
"gefiltefish,comm,swt recipe",2.48,0.84,23,,0.8,3
"soymilk,original & vanilla,w/ added ca,vitamins a & d",0.42,0.85,123,1.1,0,9
"pork,frsh,loin,blade (roasts),bnless,ln,ckd,rstd",0.92,0.85,11,0.5,0,0
"popeyes,fried chick,mild,drumstk,meat only,skn & breading re",1.06,0.85,16,,0,
"candies,choc covered,lo sugar or lo cal",1.45,0.85,285,0.1,1.4,25
"restaurant,mexican,chs enchilada",0.66,0.86,314,,,17
"pork,frsh,loin,country-style ribs,ln & fat,bnless,ckd,rstd",0.91,0.86,13,0.9,0,0
"pork,ground,96% ln / 4% fat,ckd,crumbles",1.05,0.86,19,0.2,0,0
bockwurst  pork  veal  raw,1.15,0.86,41,0,3.2,17
"pork, fresh, shoulder, whole, separable lean only, cooked, roasted",1.5,0.86,18,,0.6,5
"pork,frsh,shldr,whl,ln,ckd,rstd",1.5,0.86,18,1,0.6,5
"fast foods,biscuit,w/egg,chs,&bacon",1.57,0.86,103,0.5,0,75
"mcdonald's, cheeseburger",2.35,0.86,167,,0.6,59
"beerwurst,beer salami,pork",0.76,0.87,8,0.9,0,3
"pork, cured, ham, whole, separable lean only, unheated",0.81,0.87,7,,0,4
"pork,cured,ham,whl,ln,unhtd",0.81,0.87,7,0.7,0,4
"pork,frsh,loin,cntr loin (roasts),bone-in,ln&fat,ckd,rstd",0.89,0.87,33,0.6,0,0
"pork,shldr breast,bnless,ln & fat,raw",0.89,0.87,7,,0,0
"pork,frsh,loin,cntr rib (roasts),bone-in,ln&fat,ckd,rstd",0.96,0.87,19,0.7,0,0
"pork, fresh, loin, center rib (roasts), bone-in, separable lean and fat, cooked, roasted",0.96,0.87,19,,0,0
"cheese,cheddar,sharp,sliced",0.16,0.88,711,1,0,27
"yogurt parfait, lowfat, with fruit and granola",0.49,0.88,105,0,14.3,77
"yogurt parfait,lowfat,w/ fruit & granola",0.49,0.88,105,0.1,14.3,77
"turkey,skn from whl (light & dark),w/ added soln,raw",0.57,0.88,13,1.1,0,4
"turkey,skn from whl,(light & dark),raw",0.85,0.88,13,1.1,0,4
"pork, fresh, loin, center loin (roasts), bone-in, separable lean only, cooked, roasted",0.93,0.88,30,,0,0
"pork,frsh,loin,cntr loin (roasts),bone-in,ln,ckd,rstd",0.93,0.88,30,0.5,0,0
"pork,frsh,var meats&by-products,tail,raw",0.99,0.88,18,,0,5
"pork, fresh, variety meats and by-products, tail, raw",0.99,0.88,18,,0,5
"pork,cured,ham,cntr slice,country-style,ln,raw",1.11,0.88,10,0.9,0,5
"pork,frsh,shldr,blade,boston (roasts),ln&fat,ckd,rstd",1.45,0.88,28,1.3,0.7,5
"pork, fresh, shoulder, blade, boston (roasts), separable lean and fat, cooked, roasted",1.45,0.88,28,,0.7,5
"mcdonald's,big mac",2,0.88,116,,0.4,46
"anchovy,european,cnd in oil,drnd sol",4.63,0.88,232,1.7,0,13
"pork,frsh,loin,cntr rib (roasts),bone-in,ln,ckd,rstd",1.02,0.89,13,0.6,0,0
"pork,frsh,shldr,(bstn butt),blde (stks),ln,w/ added soln,raw",1.04,0.89,14,0.5,0,0
"usda commodity, pork, sausage, bulk/links/patties, frozen, cooked",1.15,0.89,9,,0,1
"usda commodity,pork,sausage,bulk/links/patties,frz,ckd",1.15,0.89,9,,0,1
"lamb,aus,rib chop/rack rst,frenched,bone-in,ln & ft,1/8"",raw",1.55,0.89,7,0,0,
"pizza hut 12"" chs pizza,thin 'n crispy crust",1.71,0.89,278,,0,
"egg,whl,raw,frsh",1.75,0.89,56,2,0,47
"beverages,choc drk,milk & soy bsd,ready to drk,fort",1.9,0.89,127,2.5,25.3,72
"fast foods, hamburger; single, regular patty; plain",3.06,0.89,62,,0,100
"fast foods,hamburger; single,reg patty; pln",3.06,0.89,62,0.1,0,100
"dutch brand loaf,chick,pork & bf",0.16,0.9,7,0,1.4,11
"juice smoothie, bolthouse farms, berry boost",0.21,0.9,10,0,108.6,0
"fruit juc smoothie,bolthouse farms,berry boost",0.21,0.9,10,0,108.6,
"pout,ocean,raw",0.28,0.9,10,,0,7
"monkfish,raw",0.32,0.9,8,,1,7
"luncheon meat,pork,canned",0.72,0.9,6,0.5,1,6
"luncheon meat, pork, canned",0.72,0.9,6,,1,6
"soup, turkey, chunky, canned, ready-to-serve",0.81,0.9,21,,2.7,5
"soup,turkey,chunky,cnd,rts",0.81,0.9,21,,2.7,5
"pork,frsh,loin,country-style ribs,ln,bnless,ckd,rstd",0.98,0.9,12,0.7,0,0
"pork,frsh,loin,country-style ribs,ln,bone-in,ckd,rstd",0.98,0.9,31,1.1,0,0
"beef,rtl cuts,fat,ckd",1.08,0.9,19,0.4,0,0
"beef,bttm sirloin,tri-tip rst,ln,0"" fat,sel,raw",1.55,0.9,22,,0,12
"pork,frsh,shldr,(boston butt),blade (steaks),ln,ckd,brsd",1.85,0.9,25,1.1,0,0
"worthington saucettes,cnd,unprep",2.8,0.9,40,,0,
"beverages,coca-cola,powerade,lemon-lime flav,rtd",0.09,0.91,1,0,0,0
"cod,atlantic,raw",0.38,0.91,16,0.9,1,7
"soup,oyster stew,cnd,prep w/ eq volume h2o",0.41,0.91,9,,1.3,1
"turkey,rtl parts,wing,meat & skn,raw",0.68,0.91,8,0.5,0,6
"pork,frsh,shldr,(boston butt),blade (steaks),ln & fat,raw",1.12,0.91,16,0.7,0,0
"sausage,italian,pork,raw",1.18,0.91,18,,2,8
"pork,frsh,shldr,(boston butt),blade (steaks),ln,raw",1.2,0.91,14,0.6,0,0
"beef,flank,steak,ln,0"" fat,sel,raw",1.54,0.91,21,,0,13
"fast foods,chseburger; dble,reg,patty & bn; w/ condmnt & veg",2.07,0.91,74,,1.2,58
"cheese,cream,low fat",0.17,0.92,148,0.3,0,19
"cheese, cream, low fat",0.17,0.92,148,,0,19
"cheese,mozzarella,lo na",0.25,0.92,731,0.3,0,9
"cheese,mozzarella,non-fat",0.31,0.92,961,0,0,10
"turkey, retail parts, wing, meat only, raw",0.6,0.92,6,,0,0
"turkey,rtl parts,wing,meat only,raw",0.6,0.92,6,0.2,0,7
"ham,chopped,not canned",0.83,0.92,7,0.7,0,1
"usda cmdty,luncheon meat,cnd",0.97,0.92,5,,0,0
"pork sausage,link/patty,unprep",1.02,0.92,8,1.4,0,2
"pork sausage, link/patty, unprepared",1.02,0.92,8,,0,2
"burbot,cooked,dry heat",1.15,0.92,64,,0,1
"beef,tenderloin,steak,ln & fat,1/8"" fat,sel,raw",1.42,0.92,22,,0,10
"pork,frsh,loin,sirloin (roasts),bnless,ln&fat,ckd,rstd",0.66,0.93,13,0.6,0,0
"bologna,pork",0.77,0.93,11,1.4,0,5
"pork,cured,shldr,arm picnic,ln&fat,rstd",0.95,0.93,10,0.7,0,3
"usda commodity, pork, canned",1.05,0.93,5,,0,1
"usda cmdty,pork,cnd",1.05,0.93,5,,0,1
"fast foods,taco w/ bf,chs & lettuce,hard shell",1.19,0.93,89,0.1,0.4,21
"taco bell,original taco w/ bf,chs & lettuce",1.19,0.93,89,,0.4,21
"taco bell, original taco with beef, cheese and lettuce",1.19,0.93,89,,0.4,21
"fast foods, taco with beef, cheese and lettuce, hard shell",1.19,0.93,89,,0.4,21
"beef, rib, small end (ribs 10-12), separable lean and fat, trimmed to 1/8"" fat, select, raw",1.4,0.93,22,,0,10
"beef,rib,sml end (ribs 10-12),ln&fat,1/8""fat,sel,raw",1.4,0.93,22,,0,10
"beef,tenderloin,steak,ln,1/8"" fat,sel,raw",1.6,0.93,22,,0,13
"pork,frsh,shldr,(boston butt),blade (stks),ln & fat,ckd,brsd",1.75,0.93,26,1.2,0,0
"wendy's,dave's hot 'n juicy 1/4 lb,single",2.3,0.93,73,,1.1,
"fast foods,chesebrger; sing,lrg paty; w/ condmnt,veg & mayo",2.3,0.93,73,0.1,1.1,72
"t.g.i. friday's, fried mozzarella",0.59,0.94,351,,,
"pork,frsh,loin,sirloin (roasts),bnless,ln,ckd,rstd",0.66,0.94,12,0.6,0,0
"turkey,whl,meat only,ckd,rstd",1.03,0.94,13,0.3,0,9
"beef,nz,imp,brisket navel end,ln & fat,ckd,brsd",1.29,0.94,11,0.3,0,
"pork,frsh,loin,country-style ribs,ln,ckd,brsd",1.39,0.94,33,1.2,0,0
"pork, fresh, loin, country-style ribs, separable lean only, cooked, braised",1.39,0.94,33,,0,0
"beef,top sirloin,steak,ln,1/8"" fat,sel,raw",1.61,0.94,22,0,0,13
"chicken,broilers or fryers,meat&skn&giblets&neck,rstd",1.66,0.94,15,0,0.5,29
"pork,frsh,shldr,(bstn btt),blde (stks),ln,w/addedslnckd,brsd",1.82,0.94,26,1,0,0
"turnover,cheese-filled,tomato-based sau,frz,unprep",1.85,0.94,276,0.1,0,92
"beef,nz,imp,striploin,ln,ckd,fast fried",1.96,0.94,6,0.3,0,
"mcdonald's,big mac (without big mac sauce)",2.14,0.94,124,,0.4,50
"mcdonald's, big mac (without big mac sauce)",2.14,0.94,124,,0.4,0
"cheese,cream,fat free",0.19,0.95,351,0,0,35
"cheese, cream, fat free",0.19,0.95,351,,0,35
"ham,minced",0.79,0.95,10,0.7,0,1
"ham, minced",0.79,0.95,10,,0,1
"denny's,mozzarella chs stks",0.84,0.95,331,,,26
"lamb,nz,imp,loin saddle,ln & fat,raw",1.29,0.95,6,0.1,0,
"beef, rib, small end (ribs 10-12), separable lean only, trimmed to 1/8"" fat, select, raw",1.59,0.95,22,,0,13
"beef,rib,sml end (ribs 10-12),ln,1/8"" fat,sel,raw",1.59,0.95,22,,0,13
"oscar mayer, head cheese",1.63,0.95,21,,0,1
"chicken,stewing,meat & skn,& giblets & neck,ckd,stwd",1.64,0.95,13,0,1,25
"fast foods,eng muffin,w/egg,chs,&sausage",2.63,0.95,168,0.6,0,86
"fast foods,biscuit w/ egg & steak",3.58,0.95,93,,0.1,51
"fish, whitefish, mixed species, cooked, dry heat",0.47,0.96,33,,0,17
"whitefish,mxd sp,ckd,dry heat",0.47,0.96,33,,0,17
"restaurant,family style,fried mozzarella stks",0.62,0.96,334,0.2,0,36
"fish,fish stks,frz,prep",0.84,0.96,16,0,0,24
"fish, fish sticks, frozen, prepared",0.84,0.96,16,,0,24
"halibut,greenland,ckd,dry heat",0.85,0.96,4,,0,1
"fish, halibut, greenland, cooked, dry heat",0.85,0.96,4,,0,1
"pork,frsh,shdr,(bstn btt),blde(stks),ln & ft,w/added sln,raw",0.97,0.96,15,0.5,0,0
"frankfurter,bf,unhtd",1.12,0.96,14,0.9,0,0
"lamb,nz,imp,ground lamb,ckd,brsd",1.27,0.96,4,0,0,
"pork,frsh,loin,country-style ribs,ln&fat,ckd,brsd",1.34,0.96,34,1.3,0,0
"pork, fresh, loin, country-style ribs, separable lean and fat, cooked, braised",1.34,0.96,34,,0,0
"fast foods,bagel,w/ egg,sausage patty,chs,& condmnt",1.77,0.96,94,0.4,0.5,80
"taco bell,soft taco w/ steak",2.22,0.96,117,,,52
"arby's,rst bf sndwch,classic",2.64,0.96,55,,,51
"fast foods,rst bf sndwch,pln",2.64,0.96,55,0,0,60
"fast foods, clams, breaded and fried",2.65,0.96,18,,0,57
"pork,ground,84% ln / 16% fat,ckd,pan-broiled",1.16,0.97,20,0.5,0,4
"pork, ground, 84% lean / 16% fat, cooked, pan-broiled",1.16,0.97,20,,0,4
"egg,whl,ckd,fried",1.89,0.97,62,2.2,0,51
"vegetable juc,bolthouse farms,daily grns",3.85,0.97,110,0,10.1,63
bratwurst  veal  ckd,0.74,0.98,11,,0,9
sausage  polish  bf w/ chick  hot,0.88,0.98,12,,0,2
"pork sausage, link/patty, cooked, pan-fried",1.2,0.98,9,,0,1
"pork sausage,link/patty,ckd,pan-fried",1.2,0.98,9,1.4,0,1
"pork,frsh,loin,tenderloin,ln&fat,ckd,brld",1.39,0.98,5,,1,6
"polish sausage,pork",1.44,0.98,12,,1,2
"beef,loin,top loin,ln & fat,1/8"" fat,sel,raw",1.47,0.98,23,,0,11
"beef,top sirloin,steak,ln & fat,1/8"" fat,sel,raw",1.51,0.98,24,,0,11
"beef,bttm sirloin,tri-tip rst,ln & fat,0"" fat,sel,raw",1.51,0.98,24,,0,11
"beef,shrt loin,top loin,steak,ln,1/8"" fat,sel,raw",1.63,0.98,23,,0,13
"pork,frsh,shdr,(bstn bt),blde(stks),ln&ft,waddedsln,ckd,brsd",1.72,0.98,27,1.1,0,0
"applebee's,mozzarella stks",0.43,0.99,319,0,,
"pork,cured,brkfst strips,raw or unhtd",0.94,0.99,8,,27.2,3
"babyfood,meat,pork,str",1,0.99,5,,1.8,2
"salami, cooked, turkey",1.25,0.99,40,,0,10
"salami,cooked,turkey",1.25,0.99,40,0.6,0,10
"chicken,roasting,meat&skn&giblets&neck,raw",1.37,0.99,10,,2.4,26
"restaurant,mexican,chs quesadilla",1.52,0.99,430,,,52
"beef jerky,chopd&formed",5.42,0.99,20,0.3,0,134
"whitefish,mxd sp,raw",0.37,1,26,12,0,15
"cisco,raw",0.4,1,12,,0,15
"soymilk,original & vanilla,lt,w/ added ca,vitamins a & d",0.43,1,123,1.2,0,9
"cheese,mexican,queso asadero",0.51,1,661,0.5,0,8
"cheese, mexican, queso asadero",0.51,1,661,,0,8
"soymilk, chocolate and other flavors, light, with added calcium, vitamins a and d",0.59,1,123,,0,9
"soymilk,choc & other flavors,lt,w/ added ca,vitamins a & d",0.59,1,123,1.2,0,9
"halibut,greenland,raw",0.66,1,3,27.4,0,1
"pork,frsh,loin,country-style ribs,ln&fat,raw",0.85,1,22,0.7,0,0
"soup,bf broth or bouillon,pdr,dry",1,1,60,0,0,32
"ground turkey,raw",1.09,1,19,0.4,0,7
"pork,cured,bacon,ckd,microwaved",1.14,1,13,,0,
"pork, cured, bacon, cooked, microwaved",1.14,1,13,,0,0
"chicken,canned,no broth",1.3,1,14,0.1,0,2
"beef,rib,sml end (ribs 10-12),ln&fat,1/8""fat,all grds,raw",1.39,1,23,,0,10
"beef, rib, small end (ribs 10-12), separable lean and fat, trimmed to 1/8"" fat, all grades, raw",1.39,1,23,,0,10
"turtle,green,raw",1.4,1,118,0,0,15
"pork,frsh,loin,tenderloin,ln,ckd,brld",1.43,1,5,,1,6
"potato chips,sour-cream-and-onion-flavor",1.6,1,72,0,37.3,62
"egg,whl,raw,frz,past",1.74,1,62,2.6,0,87
"meatballs,frz,italian style",1.77,1,80,0.1,0,36
"soup,beef broth,cubed,dry",2.23,1,60,0,0,32
"fast foods,cheeseburger; single,lrg patty; pln",2.57,1,114,0.1,0,83
"snacks,bf stks,smoked",3.4,1,68,,6.8,0
"kellogg,kellogg's eggo,bttrmlk pancake",3.9,1,78,0,1.4,62
blood sausage,6.4,1,6,1.3,0,5
"cereals,kellogg's spl k nourish,cranberry almond,dry",10.39,1,385,3.8,23,154
"cereals,kellogg's spl k nourish,maple brown sugar crunch,dry",10.39,1,385,3.8,23,154
"pork,frsh,loin,country-style ribs,ln,raw",0.9,1.01,21,0.5,0,0
"chicken,capons,meat&skn&giblets&neck,raw",1.41,1.01,11,,2.6,27
"beef, tenderloin, steak, separable lean and fat, trimmed to 1/8"" fat, all grades, raw",1.42,1.01,23,,0,11
"beef,tenderloin,steak,ln & fat,1/8"" fat,all grds,raw",1.42,1.01,23,,0,11
"beef,flank,steak,ln & fat,0"" fat,sel,raw",1.54,1.01,24,,0,11
"fast foods, cheeseburger; single, large patty; with condiments and vegetables",1.86,1.01,95,0,1.9,0
"fast foods,cheeseburger; single,lrg patty; w/ condmnt & veg",1.86,1.01,95,,1.9,47
"fast foods,egg,scrambled",2.59,1.01,57,1.1,3.3,29
"beverage, coca-cola co,glaceau vit h2o,revive frt punch,fort",0,1.02,0,0,10.2,0
"sausage,vienna,cnd,chick,bf,pork",0.88,1.02,10,0.6,0,4
"turkey,whl,meat & skn,ckd,rstd",1.09,1.02,14,0.4,0,9
"pork,ground,84% ln / 16% fat,ckd,crumbles",1.1,1.02,20,0.5,0,1
"beef,nz,imp,manufacturing bf,ckd,bld",1.78,1.02,6,0.1,0,
"chili,no bns,cnd entree",2.01,1.02,30,0.1,1.8,8
"inf formula,pbm products,store brand,pdr",9.5,1.02,331,7.6,43.3,66
"cheese,mexican,queso chihuahua",0.47,1.03,651,0.5,0,2
"lamb,nz,imp,rack - fully frenched,ln & fat,raw",1.36,1.03,8,0.1,0,
"school lunch,pizza,tony's brkfst pizza sausage,frz",2.1,1.03,176,,0,
"cheese,limburger",0.13,1.04,497,0.5,0,58
"pout,ocean,ckd,dry heat",0.36,1.04,13,,0,8
"monkfish,cooked,dry heat",0.41,1.04,10,,1,8
"veal,leg (top rnd),ln&fat,raw",0.79,1.04,5,0,0,14
"fish, cusk, raw",0.83,1.04,10,,0,2
"cusk,raw",0.83,1.04,10,,0,2
sausage  italian  swt  links,1.19,1.04,25,,0.2,4
"beef,bttm sirloin,tri-tip rst,ln,0"" fat,all grds,raw",1.54,1.04,23,,0,13
"chicken,gizzard,all classes,ckd,simmrd",3.19,1.04,17,0,0,5
"cod,atlantic,cnd,sol&liq",0.49,1.05,21,1.2,1,8
"fish, cod, atlantic, canned, solids and liquid",0.49,1.05,21,,1,8
"cod,atlantic,ckd,dry heat",0.49,1.05,14,1.2,1,8
"turkey,whl,meat only,w/ added soln,raw",0.64,1.05,14,0.2,0,7
"turkey, whole, enhanced, meat only, raw",0.64,1.05,14,,0,0
"veal,leg (top rnd),ln,raw",0.8,1.05,5,,0,14
"pork,cured,shldr,blade roll,ln&fat,rstd",0.89,1.05,7,,3.2,3
"mother's loaf,pork",1.32,1.05,43,1,1,8
"lamb,nz,imp,rack - fully frenched,ln,raw",1.4,1.05,8,0.1,0,
"pork sausage,link/patty,red fat,unprep",1.46,1.05,15,0.4,0,2
"beef,top sirloin,steak,ln & fat,1/8"" fat,all grds,raw",1.48,1.05,24,,0,11
"headcheese,pork",1.5,1.05,16,0.9,0,2
"headcheese, pork",1.5,1.05,16,,0,2
"lamb, australian, imported, fresh, separable fat, raw",0.63,1.06,19,,0,0
"lamb,aus,imp,frsh,fat,raw",0.63,1.06,19,,0,
"pork,cured,ham,reg (approx 13% fat),cnd,rstd",1.37,1.06,8,,14,5
"beef,rib,sml end (ribs 10-12),ln&fat,1/8""fat,choic,raw",1.38,1.06,24,,0,10
"pork,frsh,shldr,blade,boston (steaks),ln&fat,ckd,brld",1.4,1.06,36,1.6,0.3,4
"beef,shrt loin,top loin,steak,ln & fat,1/8"" fat,all grds,raw",1.47,1.06,24,,0,11
"beef,bttm sirloin,tri-tip rst,ln & fat,0"" fat,all grds,raw",1.49,1.06,25,,0,11
"subway,tuna sub on white bread w/ lettuce & tomato",1.57,1.06,136,,0,51
"fast foods,submarine sndwch,tuna bread w/ lettuce & tomato",1.57,1.06,136,0.5,0,74
"beef,flank,steak,ln,0"" fat,all grds,raw",1.57,1.06,24,,0,13
"frankfurter,bf,pork,& turkey,fat free",1.78,1.06,54,0.1,24,6
"soup,oyster stew,cnd,prep w/ eq volume milk",0.43,1.07,68,,1.8,4
"soymilk (all flavors),enhanced",0.49,1.08,140,1.2,7.2,32
"pork,cured,ham,patties,unhtd",1.05,1.08,8,,0,3
bologna  pork  turkey & bf,1.2,1.08,31,,11,4
"mcdonald's, flt-o-fsh",1.56,1.08,120,,0.3,21
"pork,frsh,spareribs,ln&fat,ckd,brsd",1.85,1.08,47,2.6,0,4
"pork,cured,bacon,pre-sliced,ckd,pan-fried",0.95,1.09,11,0.4,0,0
"beef,flank,steak,ln & fat,0"" fat,all grds,raw",1.55,1.09,25,,0,11
"beef,tenderloin,steak,ln,1/8"" fat,all grds,raw",1.6,1.09,24,,0,13
"beef, top sirloin, steak, separable lean only, trimmed to 1/8"" fat, all grades, raw",1.61,1.09,25,,0,13
"beef,top sirloin,steak,ln,1/8"" fat,all grds,raw",1.61,1.09,25,0.1,0,13
"fast foods,hamburger; single,lrg patty; w/ condmnt & veg",2.26,1.09,44,,1.2,53
"fast foods, hamburger; single, large patty; with condiments and vegetables",2.26,1.09,44,0,1.2,53
"cheese,cheddar",0.14,1.1,710,0.6,0,27
"halibut,atlantic&pacific,raw",0.16,1.1,7,4.7,0,12
"beef,tenderloin,steak,ln & fat,1/8"" fat,choic,raw",1.43,1.1,25,,0,11
"beef,rib,sml end (ribs 10-12),ln,1/8"" fat,all grds,raw",1.6,1.1,24,,0,13
"beef,nz,imp,brisket point end,ln & fat,ckd,brsd",2.57,1.1,7,0.2,0,
"kellogg's,eggo minis,pancakes,bttrmlk",4.1,1.1,36,0,,55
"kellogg's,cinnabon,pancakes,caramel",4.3,1.1,57,0,,57
"kellogg's,cinnabon,pancakes,original",4.3,1.1,76,0,,57
"kellogg's, cinnabon, pancakes, original",4.3,1.1,76,,0,0
"kellogg's,eggo,pancakes,choc chip",4.3,1.1,76,0,,57
"parmesan chs topping,fat free",5,1.1,800,0,0,25
"kellogg's,eggo,pancakes,blueberry",5.1,1.1,76,0,,57
"inf formula,nestle,good start supreme,w/ iron,pdr",7.7,1.1,343,7.7,46.1,131
"cheese product,past process,american,red fat,fort w/ vit d",0.2,1.11,529,5.3,0,18
"cheese product, pasteurized process, cheddar, reduced fat",0.2,1.11,529,,0,18
"cheese product,past process,cheddar,red fat",0.2,1.11,529,0.3,0,18
"cheese product, pasteurized process, american, reduced fat, fortified with vitamin d",0.2,1.11,529,,0,18
"crustaceans,shrimp,mxd sp,raw (maybe previously frozen)",0.21,1.11,54,0.1,0,19
"soymilk (all flavors),unswtnd,w/ added ca,vitamins a & d",0.46,1.11,124,1.2,0,
"babyfood,meat,turkey,str",0.7,1.11,41,0.8,2.2,8
"babyfood,meat,turkey,jr",0.7,1.11,41,0.8,0,8
"pork,cured,shldr,arm picnic,ln,rstd",1.08,1.11,11,0.9,0,4
"egg,whl,ckd,hard-boiled",1.19,1.11,50,2.2,0,44
"egg, whole, cooked, hard-boiled",1.19,1.11,50,,0,44
"pork,ground,72% ln / 28% fat,ckd,pan-broiled",1.21,1.11,20,0.8,0,4
"chicken,broilers or fryers,meat&skn&giblets&neck,raw",1.31,1.11,11,,2.6,30
"chicken, broilers or fryers, meat and skin and giblets and neck, raw",1.31,1.11,11,,2.6,30
"beef,top sirloin,steak,ln & fat,1/8"" fat,choic,raw",1.46,1.11,25,,0,11
"chicken,broilers or fryers,meat&skn&giblets&neck,fried,flr",1.99,1.11,17,,0.5,32
"cheese,past process,cheddar or american,fat-free",0.28,1.12,689,0,0,27
"denny's, fish fillet, battered or breaded, fried",0.41,1.12,14,,0,0
"denny's,fish fillet,battered or breaded,fried",0.41,1.12,14,,0,17
"cheese,romano",0.77,1.12,1064,0.5,0,7
"sandwich spread,pork,beef",0.79,1.12,12,0.6,0,2
"lamb,nz,imp,rack - partly frenched,ln & fat,raw",1.3,1.12,10,0,0,
"lamb, new zealand, imported, rack - partly frenched, separable lean and fat, raw",1.3,1.12,10,,0,0
"beef,nz,imp,eye rnd,ln & fat,raw",1.37,1.12,4,0.1,0,
"lamb,nz,imp,loin,bnless,ln & fat,raw",1.55,1.12,4,0,0,
"lamb,nz,imp,loin,bnless,ln,raw",1.55,1.12,4,0,0,
"flatfish (flounder&sole sp),raw",0.18,1.13,21,2.8,0,5
"lamb,nz,imp,loin saddle,ln,raw",1.54,1.13,7,0,0,
"pork,frsh,shldr,blade,boston (steaks),ln,ckd,brld",1.56,1.13,33,1.2,0.3,5
"beef,shrt loin,top loin steak,ln,1/8"" fat,all grds,raw",1.64,1.13,25,,0,13
"fast foods,chsburger; single,lrg patty; w/ condmnt,veg & ham",1.98,1.13,119,,2.9,39
"school lunch,pizza,big daddy's 51% whl trky pep pizza,frz",2.4,1.13,147,,0.2,
"goat,raw",2.83,1.13,13,0,0,5
"beef,nz,imp,eye rnd,ln,raw",1.39,1.14,3,0.1,0,
"chicken,capons,giblets,ckd,simmrd",6.8,1.14,13,,9,414
"salami,dry or hard,pork,bf",1.36,1.15,24,0.9,0,0
"beef,bttm sirloin,tri-tip rst,ln & fat,0"" fat,choic,raw",1.47,1.15,25,,0,11
"beef,bttm sirloin,tri-tip rst,ln,0"" fat,choic,raw",1.54,1.15,27,,0,13
"on the border,soft taco w/ ground bf,chs & lettuce",1.94,1.15,123,,,40
"on the border, soft taco with ground beef, cheese and lettuce",1.94,1.15,123,,0,0
"beef,nz,imp,ribs prep,ckd,fast rstd",2.21,1.15,18,0.3,0,
"buffalo,free range,top rnd steak,raw (shoshone bannock)",2.61,1.15,3,,,
"turkey,whl,meat & skn,w/ added soln,raw",0.67,1.16,14,0.4,0,6
"stew,mutton,corn,squash (navajo)",1.21,1.16,38,0,0,18
"pork,cured,bacon,ckd,bkd",1.49,1.16,10,,0,2
"pork,frsh,shldr,blade,boston (roasts),ln,ckd,rstd",1.56,1.16,27,1,1,8
"beerwurst,beer salami,pork & bf",1.73,1.16,27,0.9,0.6,5
beerwurst  pork & bf,1.73,1.16,27,,0.6,5
"pork sausage,link/patty,red fat,ckd,pan-fried",1.91,1.16,19,1.4,0,1
"fast foods,cheeseburger; double,reg patty,w/ condmnt & veg",2.06,1.16,103,,1,53
"snacks,nutri-grain fruit & nut bar",5.65,1.16,65,0.8,0.2,203
"snacks, nutri-grain fruit and nut bar",5.65,1.16,65,0,0.2,203
"cheese spread, american or cheddar cheese base, reduced fat",0.36,1.17,557,,0,0
"cheese sprd,american or cheddar chs base,red fat",0.36,1.17,557,0,0,0
"restaurant,family style,fish fillet,battered or bread,fried",0.38,1.17,14,0.4,0,17
"veal,leg (top rnd),ln&fat,ckd,rstd",0.91,1.17,6,0,0,16
"tuna,white,cnd in h2o,drnd sol",0.97,1.17,14,2,0,2
"tuna,white,cnd in h2o,wo/salt,drnd sol",0.97,1.17,14,,0,2
"pork,ground,72% ln / 28% fat,ckd,crumbles",1.15,1.17,20,0.8,0,2
"veal,leg (top rnd),ln&fat,ckd,brsd",1.32,1.17,8,0,0,18
"lamb,nz,imp,rack - partly frenched,ln & fat,ckd,fast rstd",1.57,1.17,20,0,0,0
"beef,nz,imp,ribs prep,raw",1.82,1.17,15,0.2,0,
"egg custards, dry mix",1.93,1.17,228,,0.4,30
"egg custards,dry mix",1.93,1.17,228,,0.4,30
knackwurst  knockwurst  pork  bf,0.66,1.18,11,1.1,0,2
"veal,leg (top rnd),ln,ckd,rstd",0.9,1.18,6,,0,16
"veal, leg (top round), separable lean only, cooked, roasted",0.9,1.18,6,,0,16
"beef,flank,steak,ln & fat,0"" fat,choic,raw",1.55,1.18,27,0.1,0,12
"beef,flank,steak,ln,0"" fat,choic,raw",1.62,1.18,28,0.1,0,13
"beef, flank, steak, separable lean only, trimmed to 0"" fat, choice, raw",1.62,1.18,28,,0,13
"beef,nz,imp,brisket point end,ln,ckd,brsd",2.78,1.18,6,0.2,0,
"beverages,cocoa mix,no sugar added,pdr",4.96,1.18,576,0,0,14
"bologna,bf",1.29,1.19,21,0.7,15.2,3
"veal,leg (top rnd),ln,ckd,brsd",1.32,1.19,9,,0,18
"turkey bacon,unprep",1.4,1.19,80,,0,10
"beef,top sirloin,steak,ln,1/8"" fat,choic,raw",1.63,1.19,28,0.1,0,13
"school lunch,pizza,pepp topping,thick crust,whl grn,frz,ckd",2.53,1.19,155,0,0.2,87
"game meat,goat,ckd,rstd",3.73,1.19,17,0,0,5
"pompano,florida,ckd,dry heat",0.67,1.2,43,,0,17
"bacon bits,meatless",0.72,1.2,101,0,1.9,127
"cheese,parmesan,hard",0.82,1.2,1184,0.5,0,7
tuna salad,1,1.2,17,,2.2,8
"cusk,cooked,dry heat",1.06,1.2,13,,0,2
"fish, cusk, cooked, dry heat",1.06,1.2,13,,0,2
"ground turkey,93% ln,7% fat,raw",1.17,1.2,21,0.4,0,7
"beef,tenderloin,steak,ln,1/8"" fat,choic,raw",1.63,1.2,28,,0,13
"beef,rib,sml end (ribs 10-12),ln,1/8"" fat,choic,raw",1.63,1.2,28,,0,13
"fast foods,hamburger; single,reg patty; w/ condmnt",2.87,1.2,116,0.1,0.3,66
"inf formula,nestle,good start 2 essentials,w/ iron,pdr",8.5,1.2,565,7.7,42,121
"veal,loin,ln&fat,ckd,brsd",1.09,1.21,28,0,0,14
"shark,mxd sp,ckd,batter-dipped&fried",1.11,1.21,50,,0,22
"egg,whl,raw,frz,salted,past",1.71,1.21,55,1.5,0,69
"chicken,gizzard,all classes,raw",2.49,1.21,11,,3.7,5
"beef,nz,imp,hind shin,ln & fat,ckd,brsd",2.6,1.21,7,0.2,0,
"ft fds, hambrger; sin, lrg patty; w/ condmnts, veg, mayo",2.99,1.21,46,0.1,0.9,87
"cheese,blue",0.31,1.22,528,0.5,0,36
"turkey,whl,meat & skn,raw",0.86,1.22,11,0.3,0,7
"restaurant,mexican,soft taco w/ ground bf,chs & lettuce",1.85,1.22,116,,,38
"applebee's,fish,hand battered",0.35,1.23,13,0,0,
"applebee's, fish, hand battered",0.35,1.23,13,0,0,0
"silk plus for bone health,soymilk",0.44,1.23,165,1.2,0,10
"silk plus fiber, soymilk",0.44,1.23,123,,0,0
"silk very vanilla,soymilk",0.44,1.23,144,1.2,8.6,10
"silk vanilla, soymilk",0.44,1.23,123,,0,0
"silk plus omega-3 dha,soymilk",0.44,1.23,144,1.2,0,10
"silk plus fiber,soymilk",0.44,1.23,123,1.2,0,10
"silk unswtnd,soymilk",0.44,1.23,123,0,0,10
"silk lt vanilla,soymilk",0.44,1.23,123,1.2,0,10
"silk lt pln,soymilk",0.44,1.23,123,1.2,0,10
"silk vanilla,soymilk",0.44,1.23,123,1.2,0,10
"silk pln,soymilk",0.44,1.23,123,1.2,0,10
"silk lt choc,soymilk",0.59,1.23,123,1.2,0,10
"cheese, mexican blend",0.59,1.23,659,,0,13
"silk light chocolate, soymilk",0.59,1.23,123,,0,0
"silk choc,soymilk",0.59,1.23,123,1.2,0,10
"cheese,mexican blend",0.59,1.23,659,0.5,0,13
"cheese,past process,swiss",0.61,1.23,772,0.5,0,6
"squid,mxd sp,ckd,fried",1.01,1.23,39,,4.2,20
"pork,cured,bacon,ckd,brld,pan-fried or rstd,red na",1.44,1.23,11,1,0,2
"pork, cured, bacon, cooked, broiled, pan-fried or roasted, reduced sodium",1.44,1.23,11,,0,2
"turkey sausage,frsh,ckd",1.49,1.23,22,,0.7,6
"beef,rnd,bttm rnd,steak,ln & fat,1/8"" fat,sel,raw",1.63,1.23,23,,0,11
"lamb,aus,frsh,rib chop/rack rst,frenched,bone-in,ln,1/8"",raw",1.75,1.23,7,0,0,
"fast foods,hmburgr; sng,reg ptty; dbl bn w/ cndmnt & spl sau",2.07,1.23,103,,0.3,34
"turkey,whl,meat only,raw",0.86,1.24,11,0.2,0,7
"veal,loin,ln&fat,ckd,rstd",0.87,1.24,19,0,0,15
"beef,rnd,tip rnd,rst,ln & fat,0"" fat,sel,raw",1.59,1.24,23,,0,11
"veal,leg (top rnd),ln&fat,ckd,pan-fried,breaded",1.64,1.24,39,0,0,33
"lamb,nz,imp,rack - partly frenched,ln,ckd,fast rstd",1.65,1.24,22,0,0,0
"beef,shrt loin,top loin,steak,ln,1/8"" fat,choic,raw",1.66,1.24,29,,0,13
"beef,nz,imp,eye rnd,ln & fat,ckd,slow rstd",1.88,1.24,4,0.1,0,
"snack,balance,original bar",10.9,1.24,543,1.6,11.2,126
"beverages,ocean spray,cran-energy,cranberry energy juc drk",0,1.25,0,0,25,0
"lobster,northern,raw",0.26,1.25,84,0,0,10
"beverages,almond milk,swtnd,vanilla flavor,rtd",0.3,1.25,188,1,0,1
"beverages,cocnt milk,swtnd,fort w/ ca,vitamins a,b12,d2",0.3,1.25,188,1,0,0
"beverages,almond milk,choc,rtd",0.53,1.25,188,1,4.4,1
"yellowtail,mxd sp,ckd,dry heat",0.63,1.25,29,,2.9,4
"turkey,rtl parts,wing,meat only,ckd,rstd",0.82,1.25,12,0.7,0,10
"lamb,nz,imp,flap,bnless,ln & fat,ckd,brsd",1.11,1.25,8,0.1,0,
"lamb,nz,imp,rack - partly frenched,ln,raw",1.43,1.25,12,0,0,
"lamb,aus,frsh,leg,hindshank,heel on,bne-in,ln & fat,1/8"",raw",1.47,1.25,5,0,0,
"beef,rnd,tip rnd,rst,ln,0"" fat,sel,raw",1.78,1.25,20,,0,12
"beef,nz,imp,eye rnd,ln,ckd,slow rstd",1.89,1.25,4,0.1,0,
"beef, new zealand, imported, eye round, separable lean only, cooked, slow roasted",1.89,1.25,4,,0,0
"fast foods,cheseburger; single,lrg patty; w/ condmnt & bacon",2.07,1.25,137,,0.7,49
"fast foods, cheeseburger; single, large patty; with condiments and bacon",2.07,1.25,137,,0.7,0
"cheese,brick",0.43,1.26,674,0.5,0,20
"olive loaf,pork",0.54,1.26,109,1.1,0,2
"olive loaf, pork",0.54,1.26,109,,0,2
"babyfood,meat,bf,str",0.98,1.26,5,0.4,2.1,8
"babyfood,meat,bf,jr",0.98,1.26,5,0.4,2.1,8
oscar mayer. bologna (wisconsin made ring),1.16,1.26,15,,0,0
"restaurant,family style,chili w/ meat & bns",1.46,1.26,34,0,1.1,22
"applebee's,chili",1.46,1.26,34,0,1.1,
"chicken,stewing,meat&skn,&giblets&neck,raw",1.51,1.26,10,,3.1,37
"turkey&pork sausage,frsh,bulk,patty or link,ckd",1.62,1.26,32,2,1.1,4
"mcdonald's,quarter pounder w/ chs",2.1,1.26,144,,0.8,51
"beef,nz,imp,hind shin,ln,ckd,brsd",2.72,1.26,6,0.2,0,
"halibut,atlantic&pacific,ckd,dry heat",0.2,1.27,9,5.8,0,14
"veal,sirloin,ln&fat,raw",0.78,1.27,11,0,0,13
"veal,ground,ckd,brld",0.99,1.27,17,0,0,11
"fast foods,chsburgr; dbl,rg ptty; dbl bn w/ cndmnt & spl sau",1.4,1.27,127,0.1,0.3,40
"beef,comp of rtl cuts,ln&fat,1/8""fat,sel,raw",1.52,1.27,17,0,0,7
"beef,rnd,eye of rnd,rst,ln & fat,1/8"" fat,sel,raw",1.69,1.27,24,,0,11
"beef,grass-fed,strip steaks,ln,raw",1.85,1.27,9,,0,13
"corned beef loaf,jellied",2.04,1.27,11,0,0,8
"corned beef loaf, jellied",2.04,1.27,11,0,0,8
"fast foods,bagel,w/ brkfst steak,egg,chs,& condmnt",2.06,1.27,93,0.4,0,73
"lamb,aus,frsh,rack,rst,frenched,bne-in,ln & ft,1/8"",rstd",2.47,1.27,7,0,0,
"wendy's,jr. hamburger,wo/ chs",3.35,1.27,45,,0.5,
"wendy's, jr. hamburger, without cheese",3.35,1.27,45,,0.5,0
"turkey,rtl parts,breast,meat & skn,raw",0.77,1.28,9,0.3,0,7
"cheese fd,cold pk,american",0.84,1.28,497,,0,5
"inf formula, abbott nutr, similac, pm 60/40, pdr not recon",1.13,1.28,288,7.7,46.2,131
"veal,leg (top rnd),ln,ckd,pan-fried,breaded",1.64,1.28,39,0,0,34
"lamb,nz,imp,rack - fully frenched,ln & fat,ckd,fast rstd",1.74,1.28,11,0.1,0,
"lamb, new zealand, imported, rack - fully frenched, separable lean and fat, cooked, fast roasted",1.74,1.28,11,,0,0
"lamb,nz,imp,fore-shank,ln & fat,ckd,brsd",2.11,1.28,11,0.1,0,
"fast foods,cheeseburger,double,reg patty & bun,w/ condmnt",2.35,1.28,150,0.2,2.9,61
"fast foods,cheeseburger; double,reg patty; w/ condmnt",2.35,1.28,150,0.2,2.9,61
"mcdonald's,quarter pounder",2.41,1.28,84,,0.9,56
"inf formula, abbott nutrit, similac, for spit up, pow",9.3,1.28,432,7.7,46,131
"inf formula, abb nutr,simil,sens,(lacto fr), pd, w/ ara & dh",9.33,1.28,436,9.2,45.1,128
"veal,rib,ln&fat,raw",0.86,1.29,13,,0,12
"game meat,bison,ribeye,ln,1"" steak,ckd,brld",2.88,1.29,7,,0,18
"salmon,chinook,raw",0.25,1.3,26,,4,30
"cheese, camembert",0.33,1.3,388,,0,62
"cheese,camembert",0.33,1.3,388,0.4,0,62
"yellowtail,mxd sp,raw",0.49,1.3,23,,2.8,4
"pompano,florida,raw",0.6,1.3,22,11,0,15
"squid,mixed species,raw",0.68,1.3,32,0,4.7,5
"pork,cured,shldr,blade roll,ln&fat,unhtd",0.82,1.3,7,,0.3,3
"babyfood, meat, turkey sticks, junior",0.92,1.3,83,0.4,1.5,11
"pork sausage rice links,brown&serve,ckd",1.12,1.3,15,0.9,0,6
"turkey sausage,frsh,raw",1.17,1.3,19,,2.3,5
"ground turkey,85% ln,15% fat,raw",1.32,1.3,33,0.4,0,6
"pepperoni,bf & pork,sliced",1.33,1.3,19,1.3,0,5
"sausage,italian,pork,ckd",1.43,1.3,21,1,0.1,5
"beef, bottom sirloin, tri-tip roast, separable lean only, trimmed to 0"" fat, select, cooked, roasted",1.68,1.3,20,,0,9
"beef,bttm sirloin,tri-tip rst,ln,0"" fat,sel,ckd,rstd",1.68,1.3,20,,0,9
"beef,rnd,bttm rnd,rst,ln,1/8"" fat,sel,raw",1.9,1.3,21,,0,13
"beef, round, eye of round, roast, separable lean only, trimmed to 1/8"" fat, select, raw",1.92,1.3,22,,0,13
"beef,rnd,eye of rnd,rst,ln,1/8"" fat,sel,raw",1.92,1.3,22,,0,13
"beef,nz,imp,cube roll,ln & fat,ckd,fast rstd",2.2,1.3,6,0.4,0,
"wendy's,jr. hamburger,w/ chs",2.78,1.3,92,,0.6,
"fast foods,cheeseburger; single,reg patty,w/ condmnt & veg",2.78,1.3,92,0.1,0.6,62
"kellogg's,eggo,mini muffin tops,choc chip",3.9,1.3,217,0.1,,64
"kellogg's, eggo, mini muffin tops, chocolate chip",3.9,1.3,217,,0,0
"kellogg's,eggo,french toaster stks,original",5,1.3,111,0.1,,70
"kellogg's,eggo,french toaster stks,cinn",5,1.3,111,0.1,,64
"kellogg's,eggo,mini muffin tops,blueberry",5.9,1.3,217,0.1,,64
"flatfish (flounder&sole sp),ckd,dry heat",0.23,1.31,25,3.5,0,6
"bologna,bf&pork,lofat",0.66,1.31,11,0.5,0,5
"bologna, beef and pork, low fat",0.66,1.31,11,,0,5
"veal,loin,ln,ckd,rstd",0.85,1.31,21,0,0,16
"lamb,nz,imp,hind-shank,ln & fat,raw",1.34,1.31,5,0.1,0,
"lamb,nz,imp,rack - fully frenched,ln,ckd,fast rstd",1.76,1.31,11,0.1,0,
"beef,nz,imp,brisket point end,ln & fat,raw",1.94,1.31,5,0.1,0,
"fast foods, cheeseburger; single, regular patty, with condiments",2.25,1.31,123,,0.4,39
"fast foods,cheeseburger; single,reg patty,w/ condmnt",2.25,1.31,123,0.1,0.4,39
"scallop,mxd sp,ckd,breaded&fried",0.82,1.32,42,,2.3,50
"veal, loin, separable lean only, cooked, braised",1.1,1.32,32,,0,15
"veal,loin,ln,ckd,brsd",1.1,1.32,32,0,0,15
"smoked link sausage, pork and beef, flour and nonfat dry milk added",1.44,1.32,66,,3.2,2
"beef,rnd,top rnd,steak,ln & fat,1/8"" fat,sel,raw",1.74,1.32,25,,0,12
"beef, round, top round, steak, separable lean and fat, trimmed to 1/8"" fat, select, raw",1.74,1.32,25,,0,12
"fast foods,cheeseburger; double,lrg patty,w/ condmnt & veg",2.29,1.32,93,,0.4,36
"fast foods, cheeseburger; double, large patty, with condiments and vegetables",2.29,1.32,93,0,0.4,36
"infant formula, abbott nutrition, similac, low iron, powder, not reconstituted (formerly ross)",3.68,1.32,410,0,47.3,134
"inf formula, abbott nutr, similac, lo iron, pdr,not recon",3.68,1.32,410,7.9,47.3,134
"snacks, clif bar, mixed flavors",6.62,1.32,368,0,88.2,118
"inf formula,abbott nutr,similac,advanc,w/ iron,pdr,not recon",9.47,1.32,410,7.9,47.3,134
"infant formula, abbott nutrition, similac, advance, with iron, powder, not reconstituted (formerly ross)",9.47,1.32,410,0,47.3,134
"infant formula, abbott nutrition, similac, with iron, powder, not reconstituted (formerly ross)",9.47,1.32,410,0,47.3,134
"inf formula, abbott nutr, similac, w/ iron, pdr, not recon",9.47,1.32,410,7.9,47.3,134
"cheese,mozzarella,lo moist,part-skim,shredded",0.23,1.33,716,0.4,0,27
"cheese food, pasteurized process, american, without added vitamin d",0.26,1.33,682,,0,7
"cheese food, pasteurized process, american, vitamin d fortified",0.26,1.33,682,,0,7
"cheese fd,past process,american,wo/ added vitamin d",0.26,1.33,682,2.5,0,7
"cheese fd,past process,american,vitamin d fort",0.26,1.33,682,2.5,0,7
"veal,breast,plate half,bnless,ln&fat,ckd,brsd",0.75,1.33,8,,0,13
"veal,breast,whl,bnless,ln&fat,ckd,brsd",0.77,1.33,9,,0,13
"lamb,aus,frsh,rib chop,frenched,bne-in,ln & fat,1/8"",grilled",2.24,1.33,11,0,0,
"veal,sirloin,ln,raw",0.8,1.34,11,,0,14
"veal, composite of trimmed retail cuts, separable lean and fat, raw",0.83,1.34,15,,0,13
"veal,comp of rtl cuts,ln&fat,raw",0.83,1.34,15,,0,13
"new england brand sausage,pork,bf",0.94,1.34,7,,0,7
"ground turkey,ckd",1.52,1.34,28,0.2,0,7
"beef, flank, steak, separable lean only, trimmed to 0"" fat, select, cooked, broiled",1.71,1.34,20,,0,9
"beef,flank,steak,ln,0"" fat,sel,ckd,brld",1.71,1.34,20,,0,9
"beef,nz,imp,brisket navel end,ln,ckd,brsd",1.84,1.34,7,0.2,0,
"veal,external fat only,raw",0.73,1.35,31,5.5,0,0
"turkey,rtl parts,breast,meat only,raw",0.76,1.35,9,0.2,0,7
"lamb,aus,frsh,rack,rst,frnched,dnuded,bne-in,ln & ft,0"",rstd",1.92,1.35,7,0,0,
"beef,rnd,top rnd,steak,ln,1/8"" fat,sel,raw",1.97,1.35,22,,0,14
"veal, shank (fore and hind), separable lean and fat, raw",0.76,1.36,20,,0,15
"veal,shank (fore&hind),ln&fat,raw",0.76,1.36,20,,0,15
"veal,rib,ln,raw",0.88,1.36,14,,0,13
"turkey,rtl parts,wing,meat & skn,ckd,rstd",1,1.36,14,0.8,0,9
"turkey, retail parts, wing, meat and skin, cooked, roasted",1,1.36,14,,0,9
"beef,rnd,tip rnd,rst,ln & fat,0"" fat,sel,ckd,rstd",2.15,1.36,7,,0,8
"lamb,nz,imp,fore-shank,ln,ckd,brsd",2.24,1.36,11,0,0,
"veal,shank (fore&hind),ln,raw",0.76,1.37,20,,,15
"veal,shldr,arm,ln&fat,raw",1,1.37,21,0,0,15
"luxury loaf,pork",1.05,1.37,36,0.7,0,2
"beef, bottom sirloin, tri-tip roast, separable lean and fat, trimmed to 0"" fat, select, cooked, roasted",1.62,1.37,21,,0,8
"beef,bttm sirloin,tri-tip rst,ln & fat,0"" fat,sel,ckd,rstd",1.62,1.37,21,,0,8
"beef,tenderloin,steak,ln & fat,1/8"" fat,sel,ckd,brld",1.63,1.37,22,,0,8
"beef,rnd,bttm rnd,rst,ln & fat,1/8"" fat,sel,ckd,rstd",2.16,1.37,7,,0,8
"fast foods,hamburger; double,lrg paty; w/ condmnt,veg & mayo",2.8,1.37,35,0.1,0.2,60
"cheese,mexican,queso anejo",0.47,1.38,680,0.5,0,1
"beef,nz,imp,brisket navel end,ln & fat,raw",1.11,1.38,9,0.2,0,
"beef, new zealand, imported, brisket naval end, separable lean and fat, raw",1.11,1.38,9,,0,0
"beef,brisket,flat half,ln & fat,1/8"" fat,sel,raw",1.5,1.38,17,,0,9
"beef,loin,top loin,ln & fat,1/8"" fat,sel,ckd,grilled",1.63,1.38,22,,0,8
"beef,nz,imp,flank,ln & fat,ckd,brsd",2.36,1.38,5,0.3,0,
"fast foods,cheeseburger; double,reg patty; pln",2.37,1.38,180,,0,50
"rockfish,pacific,mxd sp,raw",0.3,1.39,14,3.8,0,9
"beef,var meats&by-products,tripe,raw",0.59,1.39,69,0,0,5
"veal, breast, point half, boneless, separable lean and fat, cooked, braised",0.79,1.39,9,,0,14
"veal,breast,point half,bnless,ln&fat,ckd,brsd",0.79,1.39,9,,0,14
"beef, tenderloin, steak, separable lean only, trimmed to 1/8"" fat, select, cooked, broiled",1.81,1.39,21,,0,10
"beef,tenderloin,steak,ln,1/8"" fat,sel,ckd,brld",1.81,1.39,21,,0,10
"beef,nz,imp,cube roll,ln & fat,raw",1.91,1.39,5,0.2,0,
"beef, new zealand, imported, cube roll, separable lean and fat, raw",1.91,1.39,5,,0,0
"lamb,aus,frsh,leg,hindshank,heel on,bne-in,ln & ft,1/8"",brsd",2,1.39,6,0,0,
"lamb,nz,imp,loin,bnless,ln,ckd,fast rstd",2.05,1.39,6,0,0,
"lamb, new zealand, imported, loin, boneless, separable lean and fat, cooked, fast roasted",2.05,1.39,6,,0,0
"lamb,nz,imp,loin,bnless,ln & fat,ckd,fast rstd",2.05,1.39,6,0,0,
"beef,nz,imp,brisket point end,ln,raw",2.06,1.39,4,0.1,0,
"cheese,parmesan,grated",0.49,1.4,853,0.5,0,6
"scup,raw",0.53,1.4,40,1.2,0,15
"pork,frsh,comp of fat,w/ added soln,ckd",0.82,1.4,36,1.5,0,0
"veal, composite of trimmed retail cuts, separable lean only, raw",0.85,1.4,15,,0,13
"veal,comp of rtl cuts,ln,raw",0.85,1.4,15,,0,13
"cheese,parmesan,shredded",0.87,1.4,1253,0.5,0,8
"cheese,parmesan,lo na",0.95,1.4,800,0.6,0,10
"bologna,beef,low fat",1,1.4,9,0.4,1,5
"frankfurter,bf,lo fat",1.15,1.4,8,0.6,1,4
"beef,top sirloin,steak,ln,1/8"" fat,sel,ckd,brld",1.81,1.4,21,0.1,0,10
"ground turkey,85% ln,15% fat,patties,brld",2.04,1.4,48,0.2,0,7
"beef,nz,imp,cube roll,ln,ckd,fast rstd",2.38,1.4,5,0.4,0,
"beef,nz,imp,flank,ln,ckd,brsd",2.41,1.4,5,0.3,0,
"cheese, cheddar, reduced fat",0.12,1.41,761,,0,20
"cheese,cheddar,red fat",0.12,1.41,761,0.3,0,20
"scallop,mixed species,raw",0.38,1.41,6,0,0,16
"usda commodity,pork,cured,ham,bnless,ckd,htd",0.85,1.41,6,,23.3,3
"beef,bologna,red na",1.4,1.41,12,0.7,0,5
"beef,top sirloin,steak,ln & fat,1/8"" fat,sel,ckd,brld",1.66,1.41,22,,0,8
"beef,rib,sml end (ribs 10-12),ln&fat,1/8""fat,sel,ckd,brld",1.67,1.41,22,,0,8
"beef, short loin, top loin, steak, separable lean only, trimmed to 1/8"" fat, select, cooked, grilled",1.81,1.41,21,,0,10
"beef,shrt loin,top loin,steak,ln,1/8"" fat,sel,ckd,grilled",1.81,1.41,21,,0,10
"beef,nz,imp,manufacturing bf,raw",1.95,1.41,6,0.1,0,
"beef,rnd,tip rnd,rst,ln,0"" fat,sel,ckd,rstd",2.26,1.41,6,,0,9
"veal,sirloin,ln&fat,ckd,rstd",0.92,1.42,13,0,0,15
"veal,shldr,arm,ln,raw",1.02,1.42,22,,0,16
"veal, shoulder, arm, separable lean only, raw",1.02,1.42,22,,0,16
"turkey from whl,neck,meat only,ckd,simmrd",1.18,1.42,58,0.3,0,7
"lamb,nz,imp,loin saddle,ln & fat,ckd,fast rstd",1.44,1.42,7,0.1,0,
"pork,frsh,var meats&by-products,brain,ckd,brsd",1.82,1.42,9,,14,4
"lamb,aus,frsh,rack,rst,frnched,dnuded,bone-in,ln,0"",ckd,rstd",1.94,1.42,7,0,0,
"school lunch,pizza,tony's smartpizza pizza 50/50 chs,frz",2.4,1.42,207,,0,
"inf form,mead john,next step,pros lipil,pdr,w/ ara & dha",9.5,1.42,920,7.1,57,129
"inf formula, mea joh,en,pr lipi,w/ iro,pd,no re,w/ ara & dha",9.5,1.42,530,7.5,60,136
"inf formula, mead johnson,next step prosobee,pdr,not recon",9.5,1.42,920,7.1,57,129
"inf formula, mead johnson, enfami,enfagr, soy,tod,lipil,pdr",9.5,1.42,930,7,57,129
"lobster,northern,ckd,moist heat",0.29,1.43,96,0,0,11
"vitasoy usa organic nasoya,tofu plus firm",1.3,1.43,237,2.5,,
"oscar mayer,bologna (beef)",1.36,1.43,12,0.8,0,13
"lamb, new zealand, imported, hind-shank, separable lean only, raw",1.46,1.43,5,,0,0
"lamb,nz,imp,hind-shank,ln,raw",1.46,1.43,5,0,0,
"beef,rib,eye,sml end (ribs 10- 12) ln,0"" fat,sel,ckd,brld",1.84,1.43,21,,0,10
"beef,nz,imp,hind shin,ln & fat,raw",1.95,1.43,5,0,0,
frankfurter  bf  htd,1.22,1.44,11,1,,10
"fish, sablefish, cooked, dry heat",1.64,1.44,45,,0,17
"sablefish,cooked,dry heat",1.64,1.44,45,,0,17
"beef,flank,steak,ln & fat,0"" fat,sel,ckd,brld",1.68,1.44,22,,0,9
"lamb,nz,imp,breast,ln,ckd,brsd",1.89,1.44,25,0,0,
"beef,rnd,eye of rnd,rst,ln & fat,1/8"" fat,sel,ckd,rstd",2.24,1.44,7,,0,9
"beef,rnd,bttm rnd,rst,ln & fat,0"" fat,sel,ckd,rstd",2.28,1.44,7,,0,9
"fast foods,hamburger; double,reg,patty; pln",2.88,1.44,102,,0,56
"veal,leg (top rnd),ln&fat,ckd,pan-fried,not breaded",0.88,1.45,6,0,0,15
"veal, leg (top round), separable lean and fat, cooked, pan-fried, not breaded",0.88,1.45,6,,0,15
"veal,rib,ln&fat,ckd,brsd",1.41,1.45,22,0,0,16
"vitasoy usa organic nasoya,tofu plus ex firm",1.6,1.45,246,2.5,,
"beef,rib eye,sml end (ribs 10-12),ln & fat,0"",sel,ckd,brld",1.7,1.45,22,,0,9
"beef, round, bottom round roast, separable lean only, trimmed to 0"" fat, select, cooked, roasted",2.35,1.45,6,,0,9
"beef,rnd,bttm rnd rst,ln,0"" fat,sel,ckd,rstd",2.35,1.45,6,,0,9
"wendy's,classic single hamburger,no chs",2.73,1.45,34,,0.5,
"cheese, provolone",0.52,1.46,756,,0,10
"cheese,provolone",0.52,1.46,756,0.5,0,10
"cheese,provolone,red fat",0.52,1.46,756,0.3,0,10
"veal,rib,ln&fat,ckd,rstd",0.97,1.46,11,,0,13
"lamb, new zealand, imported, leg chop/steak, bone-in, separable lean and fat, raw",1.49,1.46,10,,0,0
"lamb,nz,imp,leg chop/steak,bone-in,ln & fat,raw",1.49,1.46,10,0,0,
"beef,rnd,bttm rnd rst,ln,1/8"" fat,sel,ckd,rstd",2.35,1.46,6,0.1,0,10
"cheese,muenster,low fat",0.41,1.47,529,0.3,0,12
"cheese, muenster, low fat",0.41,1.47,529,,0,12
"cheese,muenster",0.41,1.47,717,0.6,0,12
"pork,frsh,comp of fat,w/ added soln,raw",0.47,1.47,22,,0,0
"lamb, new zealand, imported, loin chop, separable lean and fat, raw",1.24,1.47,14,,0,0
"lamb,nz,imp,loin chop,ln & fat,raw",1.24,1.47,14,0.1,0,
"carp,cooked,dry heat",1.59,1.47,52,,1.6,17
"beef,rnd,tip rnd,rst,ln,0"" fat,all grds,raw",1.77,1.47,18,,0,12
"beef,comp of rtl cuts,ln,1/8"" fat,sel,raw",1.81,1.47,17,0,0,9
"beef,rib,sml end (ribs 10-12),ln,1/8"" fat,sel,ckd,brld",1.91,1.47,22,,0,10
"beef, rib, small end (ribs 10-12), separable lean only, trimmed to 1/8"" fat, select, cooked, broiled",1.91,1.47,22,,0,10
"beef,top sirloin,steak,ln,0"" fat,sel,ckd,brld",1.92,1.47,22,,0,10
"beef,rnd,bttm rnd,rst,ln & fat,1/8"" fat,all grds,ckd,rstd",2.16,1.47,6,,0,8
reddi wip fat free whipped topping,0.03,1.48,108,0,0,17
"veal,breast,whl,bnless,ln,ckd,brsd",0.83,1.48,9,,,15
"veal,sirloin,ln&fat,ckd,brsd",1.2,1.48,17,,0,15
"mortadella,beef,pork",1.4,1.48,18,1,0,3
"beef,rnd,tip rnd,rst,ln & fat,0"" fat,all grds,raw",1.69,1.48,19,,0,11
"lamb,aus,imp,frsh,leg,bttm,bnless,ln & fat,1/8"" fat,raw",1.76,1.48,3,0,0,
"inf formu, me johns, enfam, enfa lip, w/iro, pow, w/ar/an dh",8.9,1.48,590,9.8,79,187
"shark,mixed species,raw",0.84,1.49,34,0.6,0,3
"veal,cubed for stew (leg&shldr),ln,raw",0.88,1.49,17,,0,13
"veal,sirloin,ln,ckd,rstd",0.91,1.49,14,,0,16
"lamb, new zealand, imported, tunnel-boned leg, chump off, shank off, separable lean and fat, cooked, slow roasted",1.64,1.49,4,,0,0
"lamb,nz,imp,tun-bnd lg,chmp off,shnk off,l & f,ckd,sl rstd",1.64,1.49,4,0,0,
"beef,rnd,bttm rnd,steak,ln & fat,1/8"" fat,all grds,raw",1.74,1.49,20,,0,11
"beef,rnd,tip rnd,rst,ln & fat,0"" fat,all grds,ckd,rstd",2.18,1.49,6,0.2,0,8
"school lunch,pizza,chs topping,thin crust,whl grain,frz,ckd",2.53,1.49,218,0,0,78
"inf form,mead johnson,enfamil,nutramigen,w/iron,pdr,notrecn",8.9,1.49,470,6.3,60,134
"inf for,me joh,enf,nutr lipil,w/ iro,pdr,not re,w/ ara & dha",8.9,1.49,470,6.3,60,134
"inf formu,mead johns,enfamil,nutramig,aa lipil,pdr,not recon",9,1.49,470,6.3,60,136
"inf formula, mead johns, enfa, enfa, gentl, todd, lipi, pow",9.9,1.49,970,7.5,60,136
"ocean perch,atlantic,raw",0.22,1.5,28,1.2,0,9
"cheese,port de salut",0.43,1.5,650,0.5,0,18
"cheese,past process,american,wo/ added vitamin d",0.63,1.5,1045,0.6,0,8
"cheese,past process,american,fort w/ vitamin d",0.63,1.5,1045,7.5,0,8
"picnic loaf,pork,beef",1.02,1.5,47,1.2,0,2
"beef,nz,imp,sweetbread,ckd,bld",1.12,1.5,4,0.6,0,
"sablefish,raw",1.28,1.5,35,,0,15
"beef,chuck,arm pot rst,ln&fat,1/8""fat,sel,raw",1.61,1.5,18,,0,10
"beef, chuck, arm pot roast, separable lean and fat, trimmed to 1/8"" fat, select, raw",1.61,1.5,18,,0,10
"beef,comp of rtl cuts,ln&fat,1/8""fat,all grds,raw",1.69,1.5,17,0.1,0,8
"lamb,nz,imp,hind-shank,ln & fat,ckd,brsd",1.99,1.5,8,0.1,0,
"meatballs,meatless",2.16,1.5,25,0,0,78
"fast foods,hamburger; single,lrg patty; pln",2.61,1.5,54,,0,59
"fast foods, hamburger; single, large patty; plain",2.61,1.5,54,,0,59
"lamb,aus,frsh,rack,rst,frenched,bone-in,ln,1/8"" fat,ckd,rstd",2.63,1.5,6,0,0,
"game meat,elk,rnd,ln,ckd,brld",4.08,1.5,5,,0,9
"inf formula,mead johnson,enfamil,prosobee,iron,pdr,not recon",9,1.5,530,7.5,60,136
"inf formula,nestle,good start soy,w/ ara & dha,pdr",9,1.5,526,7.5,60.1,136
"inf formula,nestle,good start essentials soy,w/ iron,pdr",9,1.5,526,7.7,60.1,136
"inf formula,pbm products,store brand,soy,pdr",9.1,1.5,453,7.6,42,64
"inf formula. mead johnson, pregestimil, w/iron, pdr,no recon",9.4,1.5,580,7,60,136
"incaparina,dry mix (corn & soy flours),unprep",22,1.5,600,0,,
"veal, leg (top round), separable lean only, cooked, pan-fried, not breaded",0.87,1.51,7,,0,16
"veal,leg (top rnd),ln,ckd,pan-fried,not breaded",0.87,1.51,7,0,0,16
sausage  polish  pork & bf  smoked,1,1.51,7,1.1,0,4
"beef,var meats&by-products,thymus,ckd,brsd",1.49,1.51,10,,30.2,1
"beef,nz,imp,flank,ln & fat,raw",1.53,1.51,4,0.1,0,
"lamb,aus,frsh,leg,hindshank,heel on,bone-in,ln,1/8"",brsd",2.02,1.51,5,0,0,
"beef,nz,imp,hind shin,ln,raw",2.04,1.51,4,0,0,
"cheese product,past process,american,vitamin d fort",0.95,1.52,1375,6.5,0,18
"salami,ckd,bf&pork",1.56,1.52,15,1,0,3
"lamb,nz,imp,loin chop,ln & fat,ckd,fast fried",1.62,1.52,31,0.1,0,
"beef,rib,sml end (ribs 10-12),ln&fat,1/8""fat,all grds,ckd,br",1.66,1.52,19,0.3,0,8
"beef,rnd,tip rnd,rst,ln,0"" fat,all grds,ckd,rstd",2.3,1.52,6,0.1,0,9
"beef,rnd,eye of rnd,rst,ln,1/8"" fat,sel,ckd,rstd",2.42,1.52,6,,0,10
"toddl form,me john,enfa,prem (forme enl,lipil,next step),pdr",9,1.52,600,7.5,45,138
"veal,shldr,arm,ln&fat,ckd,rstd",1.15,1.53,26,,0,17
"lamb,nz,imp,flap,bnless,ln,ckd,brsd",1.21,1.53,9,0,0,
"carp,raw",1.24,1.53,41,24.7,1.6,15
"veal,rib,ln,ckd,brsd",1.45,1.53,24,0,0,16
"beef,rib,back ribs,bone-in,ln & fat,0"" fat,choic,raw",1.61,1.53,9,,0,3
"bf,bttm srloin,tri-tip rst,ln & fat,0"" fat,all grds,ckd,rstd",1.66,1.53,19,,0,8
"bf,loin,bttm sirloin butt,tri-tip,ln,0"" fat,all grd,ckd,rstd",1.69,1.53,17,,0,9
"beef,nz,imp,cube roll,ln,raw",2.09,1.53,3,0.2,0,
"beef,rnd,bttm rnd,rst,ln & fat,0"" fat,all grds,ckd,rstd",2.24,1.53,7,,0,9
"beef,rnd,bttm rnd,rst,ln,0"" fat,all grds,ckd,rstd",2.33,1.53,6,,0,9
"beef,nz,imp,bolar blade,ln & fat,ckd,fast rstd",2.54,1.53,6,0.2,0,
"inf formula, mea johnso, enfami, ar lipil, pdr, w/ ara & dha",9.16,1.53,397,7.7,61.1,139
"cheese,gouda",0.24,1.54,700,0.5,0,21
"cheese,edam",0.44,1.54,731,0.5,0,16
"cheese, edam",0.44,1.54,731,,0,16
"frankfurter,lo na",1.43,1.54,20,0.9,0,4
"beef,brisket,flat half,ln&fat,1/8""fat,all grds,raw",1.59,1.54,16,,0,10
"beef,top sirloin,steak,ln & fat,0"" fat,sel,ckd,brld",1.83,1.54,24,,0,9
"wendy's,classic single hamburger,w/ chs",2.34,1.54,75,,0.5,
"beef,rnd,bttm rnd,rst,ln,1/8"" fat,all grds,ckd",2.35,1.54,6,,0,9
kellogg's eggo lowfat blueberry nutri-grain waffles,4.62,1.54,61,0,0,51
"inf formula,mead johnson,enfamil,premium,infant,pdr",9.2,1.54,390,7.5,62,138
"inf formula,mead johnson,enfamil,premium lipil,infant,pdr",9.2,1.54,390,7.5,62,138
"inf formula, mead johnson, enfamil, prm, newborn, pwd",9.2,1.54,400,9.5,62,139
"inf formula,mead johnson,enfamil,gentlease,pdr",9.3,1.54,420,7.8,62,139
"inf formula, abb nutr, simil, go & gr, pdr, w/ ara & dha",10.2,1.54,998,7.7,61,131
"beef,rib,back ribs,bone-in,ln & fat,0"" fat,all grds,raw",1.63,1.55,10,0.2,0,3
"beef,rnd,eye of rnd,rst,ln & fat,1/8"" fat,all grds,raw",1.81,1.55,20,,0,12
"lamb,aus,imp,frsh,rib chop,frenched,dnuded,bn-in,l&f,0"",grld",2.37,1.55,10,0,0,
"fast foods,hamburger; double,reg patty; w/ condmnt",2.58,1.55,43,,0.5,52
"game meat,bison,top rnd,ln,1"" steak,raw",2.66,1.55,5,,0,14
"inf formula, mead johnson, enfamil, lo iron, powd, not recon",3.6,1.55,400,7.8,62,141
"infant formula, mead johnson, enfamil, lipil, with iron, powder, with ara and dha",9.3,1.55,400,,62,141
"inf formula,mead johnson,enfamillipil,w/irn,pdr,w/ ara & dha",9.3,1.55,400,7.8,62,141
"inf formula,mead johnson,enfamil,w/ iron,pdr",9.3,1.55,400,7.8,62,141
"veal,seam fat only,raw",0.87,1.56,30,3.5,0,0
"beef,nz,imp,flank,ln,raw",1.57,1.56,4,0.1,0,
"beef,loin,top loin,ln & fat,1/8"" fat,all grds,ckd,grilled",1.69,1.56,19,0.3,0,8
"beef,tenderloin,steak,ln & fat,1/8"" fat,all grds,ckd,brld",1.69,1.56,19,0.3,0,8
"lamb,aus,frsh,leg,trotter off,bone-in,ln & fat,1/8"" fat,raw",2.09,1.56,3,0,0,
"beef,rnd,bttm rnd,rst,ln & fat,1/8"" fat,choic,ckd,rstd",2.15,1.56,6,,0,8
"beef, round, bottom round, roast, separable lean and fat, trimmed to 1/8"" fat, choice, cooked, roasted",2.15,1.56,6,,0,8
"fast foods,cheeseburger; triple,reg patty; pln",2.23,1.56,174,,0,41
"inf formula,mead johnson,enfamil,lactofree,w/ irn,pdr,notrec",9.4,1.56,430,7.8,62,141
"inf formula, me john, enfa, lacf lip, w/iro, pow, w/ar an dh",9.4,1.56,430,7.8,62,141
frankfurter  meat,1.09,1.57,99,,0,6
"veal,comp of rtl cuts,ln&fat,ckd",1.15,1.57,22,0,0,15
"veal, composite of trimmed retail cuts, separable lean and fat, cooked",1.15,1.57,22,,0,15
"veal, shoulder, arm, separable lean only, cooked, roasted",1.16,1.57,27,,0,17
"veal,shldr,arm,ln,ckd,rstd",1.16,1.57,27,,0,17
frankfurter  meat  htd,1.22,1.57,99,,0,6
"smoked link sausage, pork and beef, nonfat dry milk added",1.47,1.57,41,,0,2
"smoked link sausage,pork&bf,nonfat dry milk",1.47,1.57,41,,0,2
"beef,rnd,bttm rnd,rst,ln,1/8"" fat,all grds,raw",1.92,1.57,20,,0,13
"beef,rnd,eye of rnd,rst,ln & fat,1/8"" fat,all grds,ckd,rstd",2.29,1.57,7,0.2,0,9
"beef,rnd,top rnd,steak,ln & fat,1/8"" fat,sel,ckd,brld",2.52,1.57,8,,0,10
"fish,tilapia,raw",0.56,1.58,10,3.1,0,24
"soup,clam chowder,manhattan,cnd,prep w/eq volume h2o",0.64,1.58,11,0,1.6,4
"veal,rib,ln,ckd,rstd",0.96,1.58,12,,0,14
"lamb,aus,frsh,leg,hindshank,heel on,bone-in,ln,1/8"" fat,raw",1.58,1.58,4,0,0,
"lamb,nz,imp,tunnel-bned lg,chmp off,shnk off,ln,ckd,slw rstd",1.71,1.58,4,0,0,
"beef,comp of rtl cuts,ln&fat,1/8""fat,sel,ckd",2.11,1.58,13,0.1,0,7
"egg,quail,whole,fresh,raw",3.65,1.58,64,1.4,0,66
"fish, rockfish, pacific, mixed species, cooked, dry heat",0.36,1.59,17,,0,10
"rockfish,pacific,mxd sp,ckd,dry heat",0.36,1.59,17,4.6,0,10
"turkey,skn from whl,(light & dark),w/ added soln,rstd",1.08,1.59,25,1.4,0,7
"veal,sirloin,ln,ckd,brsd",1.23,1.59,19,,0,16
"beef,rib,back ribs,bone-in,ln & fat,0"" fat,sel,raw",1.66,1.59,10,0.2,0,3
"beef,top sirloin,steak,ln & fat,1/8"" fat,all grds,ckd,brld",1.73,1.59,20,0.2,0,8
"beef, round, top round, steak, separable lean and fat, trimmed to 1/8"" fat, all grades, raw",1.85,1.59,21,,0,12
"beef,rnd,top rnd,steak,ln & fat,1/8"" fat,all grds,raw",1.85,1.59,21,,0,12
"beef,cured,dried",2.42,1.59,8,0,0,10
"cheese,gruyere",0.17,1.6,1011,0.6,0,10
surimi,0.26,1.6,9,,0,2
"mollusks, scallop, mixed species, imitation, made from surimi",0.31,1.6,8,,0,2
"scallop,mxd sp,imitn,made from surimi",0.31,1.6,8,,0,2
"shrimp,mxd sp,imitn,made from surimi",0.6,1.6,19,,0,2
"lamb,nz,imp,flap,bnless,ln & fat,raw",0.84,1.6,6,0.1,0,
bratwurst  pork  bf & turkey  lite  smoked,0.94,1.6,14,,0,5
"haddock,smoked",1.4,1.6,49,0.8,0,15
"beef,flank,steak,ln,0"" fat,all grds,ckd,brld",1.74,1.6,18,,0,9
"beef,rib,sml end (ribs 10-12),ln&fat,0""fat,all grds,ckd,brld",1.75,1.6,20,0.2,0,8
"beef,ribeye,sml end(ribs 10-12),ln&fat,0"",all grds,ckd,brld",1.75,1.6,20,,0,8
"beef,rnd,eye of rnd,rst,ln,1/8"" fat,all grds,raw",1.96,1.6,20,,0,13
"ground turkey,85% ln,15% fat,pan-broiled crumbles",1.98,1.6,49,0.2,0,7
"lamb,nz,imp,hind-shank,ln,ckd,brsd",2.12,1.6,8,0,0,
"worthington prosage roll,frz,unprep",3.3,1.6,28,,0,
sausage  chick  bf  pork  skinless  smoked,4.8,1.6,100,,0,6
"kellogg's,eggo,wafflers,strawberry strudel",5.9,1.6,293,0,,74
"kellogg's,eggo,wafflers,brown sugar cinn roll",5.9,1.6,293,0,,72
"inf formula,gerber good start 2,gentle plus,pdr",9.8,1.6,935,7.4,59,126
"loma linda redi-burger,cnd,unprep",20,1.6,17,,0,
"veal,external fat only,ckd",1.09,1.61,58,3.6,0,0
"veal,shank (fore&hind),ln&fat,ckd,brsd",1.25,1.61,33,,0,17
"veal, shank (fore and hind), separable lean and fat, cooked, braised",1.25,1.61,33,,0,17
"beef,rib eye steak/rost,bnls,lip-on,ln & fat,1/8"" fat,sel,rw",1.64,1.61,7,0.1,0,3
"beef,comp of rtl cuts,ln&fat,1/8""fat,choic,raw",1.73,1.61,17,0.1,0,8
"beef,comp of rtl cuts,ln,1/8"" fat,all grds,raw",1.84,1.61,17,0,0,9
"beef,rnd,bttm rnd,rst,ln & fat,0"" fat,choic,ckd,rstd",2.2,1.61,6,,0,8
"beef, bottom round, roast,lean only, 0"" fat, choice, roasted",2.4,1.61,6,,0,9
"egg,yolk,raw,frz,salted,past",3.4,1.61,113,3.1,0,112
"swordfish,cooked,dry heat",0.45,1.62,6,16.6,0,2
"scup,cooked,dry heat",0.68,1.62,51,,0,17
"lamb,nz,imp,ground lamb,raw",1.04,1.62,4,0,0,
"veal, seam fat only, cooked",1.15,1.62,43,,0,0
"veal,seam fat only,ckd",1.15,1.62,43,4.5,0,0
"beef,rib,sml end (ribs 10-12),ln&fat,1/8""fat,choic,ckd,brld",1.64,1.62,16,,0,8
"beef,rnd,top rnd,steak,ln,1/8"" fat,all grds,raw",1.99,1.62,20,,0,13
"beef,cured,corned bf,cnd",2.08,1.62,12,0.2,0,9
"beef,rnd,tip rnd,rst,ln & fat,0"" fat,choic,ckd,rstd",2.22,1.62,6,,0,8
"beef, round, top round roast, boneless, separable lean and fat, trimmed to 0"" fat, select, raw",2.34,1.62,13,,0,4
"beef,rnd,top rnd rst,bnless,ln & fat,0"" fat,sel,raw",2.34,1.62,13,0,0,4
"beef,rnd,top rnd steak,bnless,ln & fat,0"" fat,sel,raw",2.34,1.62,13,0,0,4
"beef,rnd,top rnd,steak,ln,1/8"" fat,sel,ckd,brld",2.66,1.62,7,,0,11
"waffle,bttrmlk,frz,rth,tstd",6.59,1.62,299,0,0,107
"waffle, buttermilk, frozen, ready-to-heat, toasted",6.59,1.62,299,,0,107
"fish,pollock,alaska,raw (may have been previously frozen)",0.22,1.63,15,0.2,0,3
"oscar mayer,wieners (beef franks)",1.34,1.63,10,0.6,0,6
"turkey,rtl parts,thigh,meat only,ckd,rstd",1.59,1.63,4,0.3,0,8
"turkey, retail parts, thigh, meat only, cooked, roasted",1.59,1.63,4,,0,8
"lamb,nz,imp,loin saddle,ln,ckd,fast rstd",1.6,1.63,8,0,0,
"beef,flank,steak,ln & fat,0"" fat,all grds,ckd,brld",1.74,1.63,20,,0,9
"beef,cured,corned bf,brisket,ckd",1.86,1.63,8,0.1,0,6
"beef,loin,tp ln stk,bnless,lip-on,l&f,1/8"" fat,choic,raw",1.88,1.63,16,0.1,0,3
"beef,rnd,top rnd rst,bnless,ln,0"" fat,sel,raw",2.34,1.63,13,0,0,4
"beef,rnd,top rnd steak,bnless,ln,0"" fat,sel,raw",2.34,1.63,13,0,0,4
"beef,rnd,tip rnd,rst,ln,0"" fat,choic,ckd,rstd",2.43,1.63,6,,0,9
"beef,rnd,bttm rnd,rst,ln,1/8"" fat,choic,ckd,rstd",2.43,1.63,6,,0,9
"turkey,dk meat from whl,meat & skn,w/ added soln,ckd,rstd",1.08,1.64,17,0.4,0,8
"beef,cured,brkfst strips,raw or unhtd",1.23,1.64,4,,24,5
"veal, shank (fore and hind), separable lean only, cooked, braised",1.26,1.64,34,,0,17
"veal,shank (fore&hind),ln,ckd,brsd",1.26,1.64,34,,,17
"lamb,nz,imp,leg chop/steak,bone-in,ln,raw",1.64,1.64,11,0,0,
"beef,bttm sirloin,tri-tip rst,ln,0"" fat,choic,ckd,rstd",1.77,1.64,15,,0,9
"beef,rib,sml end (ribs 10-12),ln,0""fat,all grds,ckd,brld",1.87,1.64,19,0.1,0,10
"beef,top sirloin,steak,ln,1/8"" fat,choic,ckd,brld",2.01,1.64,17,0.1,0,9
"beef,rnd,top rnd steak,bnless,ln & fat,0"" fat,all grds,raw",2.33,1.64,13,0,0,4
"beef,rnd,top rnd rst,bnless,ln & fat,0"" fat,all grds,raw",2.33,1.64,13,0,0,4
"beef, round, top round roast, boneless, separable lean and fat, trimmed to 0"" fat, all grades, raw",2.33,1.64,13,,0,4
"beef,rnd,top rnd steak,bnless,ln,0"" fat,all grds,raw",2.34,1.64,13,0,0,4
"beef,rnd,top rnd rst,bnless,ln,0"" fat,all grds,raw",2.34,1.64,13,0,0,4
"beef,rnd,eye of rnd,rst,ln,1/8"" fat,all grds,ckd,rstd",2.46,1.64,6,0.1,0,10
"egg,yolk,raw,frz,sugared,past",3.7,1.64,124,3.1,0,174
"cheese,brie",0.5,1.65,184,0.5,0,65
"cheese, brie",0.5,1.65,184,,0,65
"babyfood,meat,veal,str",0.76,1.65,6,0.7,0,5
"turkey,back,from whl bird,meat & skn,w/ added soln,raw",0.78,1.65,14,0.6,0,5
"turkey,drumstk,from whl bird,meat only,w/ added soln,rstd",1.07,1.65,16,0.3,0,8
"turkey, thigh, from whole bird, enhanced, meat only, roasted",1.07,1.65,16,,0,8
"turkey, enhanced, dark meat, meat only, cooked, roasted",1.07,1.65,16,,0,8
"turkey,thigh,from whl bird,meat only,w/ added soln,rstd",1.07,1.65,16,0.3,0,8
"turkey,dk meat,meat only,w/ added soln,ckd,rstd",1.07,1.65,16,0.3,0,8
"veal,comp of rtl cuts,ln,ckd",1.16,1.65,24,0,0,16
"turkey,back,from whl bird,meat only,rstd",1.43,1.65,17,0.3,0,9
"turkey, from whole, dark meat, cooked, roasted",1.43,1.65,17,,0,9
"turkey,from whl,dk meat,ckd,rstd",1.43,1.65,17,0.3,0,9
"turkey,thigh,from whl bird,meat only,rstd",1.43,1.65,17,0.3,0,9
"beef,chuck,arm pot rst,ln&fat,1/8""fat,all grds,raw",1.67,1.65,17,,0,10
"beef,nz,imp,inside,raw",2.27,1.65,4,0.3,0,
"beef,rnd,top rnd steak,bnless,ln & fat,0"" fat,choic,raw",2.35,1.65,13,0,0,4
"beef,rnd,top rnd rst,bnless,ln & fat,0"" fat,choic,raw",2.35,1.65,13,0,0,4
"beef, round, top round roast, boneless, separable lean and fat, trimmed to 0"" fat, choice, raw",2.35,1.65,13,,0,4
"beef,nz,imp,bolar blade,ln,ckd,fast rstd",2.7,1.65,5,0.2,0,
"beef, new zealand, imported, bolar blade, separable lean only, cooked, fast roasted",2.7,1.65,5,,0,0
"usda commodity,chs,cheddar,red fat",0.13,1.66,905,0.3,0,20
"cheese,mexican,blend,red fat",0.13,1.66,1146,0.4,0,20
"usda commodity, cheese, cheddar, reduced fat",0.13,1.66,905,,0,20
"crustaceans,shrimp,mxd sp,ckd,mst ht (maybe previously frz)",0.32,1.66,91,0.1,0,24
"turkey,dk meat from whl,meat & skn,ckd,rstd",1.45,1.66,17,0.4,0,9
"game meat,buffalo,h2o,raw",1.61,1.66,12,,0,8
"beef,shrt loin,t-bone steak,ln&fat,1/8""fat,choic,raw",1.64,1.66,21,0.1,0,5
"beef,rib eye steak,bnless,lip off,ln & fat,0"" fat,sel,raw",1.72,1.66,7,0.1,0,3
"fast foods,hamburger,lrg,single patty,w/condmnt",1.73,1.66,87,0.1,0.3,31
"beef,tenderloin,steak,ln,1/8"" fat,all grds,ckd,brld",1.84,1.66,19,0.1,0,10
"usda cmdty,bf,cnd",2.23,1.66,10,,0,2
"beef,rnd,top rnd steak,bnless,ln,0"" fat,choic,raw",2.35,1.66,13,0,0,4
"beef, round, top round roast, boneless, separable lean only, trimmed to 0"" fat, choice, raw",2.35,1.66,13,,0,4
"beef,rnd,top rnd rst,bnless,ln,0"" fat,choic,raw",2.35,1.66,13,0,0,4
"turkey,whl,meat & skn,w/ added soln,rstd",0.81,1.67,15,0.4,0,8
"veal,shldr,whl (arm&bld),ln&fat,raw",0.91,1.67,22,0,0,12
"veal,cubed for stew (leg&shldr),ln,ckd,brsd",1.44,1.67,29,,0,16
"veal, cubed for stew (leg and shoulder), separable lean only, cooked, braised",1.44,1.67,29,,0,16
"turkey,rtl parts,thigh,meat & skn,ckd,rstd",1.5,1.67,4,0.3,0,8
"sausage,pork,turkey,& bf,red na",1.6,1.67,24,0.1,0.8,16
"beef,loin,top loin stk,bnls,lip off,ln & fat,0"" ft,choic,raw",1.91,1.67,15,0.1,0,4
"beef, round, bottom round, steak, separable lean and fat, trimmed to 1/8"" fat, select, cooked, braised",2.64,1.67,8,,0,10
"beef,rnd,bttm rnd,steak,ln & fat,1/8"" fat,sel,ckd,brsd",2.64,1.67,8,,0,10
"buffalo,free range,top rnd steak,ckd (shoshone bannock)",3.76,1.67,4,,,8
"cheese,swiss,low fat",0.17,1.68,961,0.1,0,6
"cheese, swiss, nonfat or fat free",0.17,1.68,961,,0,6
"cheese,swiss,low sodium",0.17,1.68,961,0.5,0,6
"cheese,swiss,nonfat or fat free",0.17,1.68,961,0.1,0,6
"cheese,frsh,queso fresco",0.2,1.68,566,2.7,0,7
"cheese,mozzarella,lo moist,part-skim",0.22,1.68,697,0.4,0,27
"cheese,fontina",0.23,1.68,550,0.6,0,6
"turkey,back,from whl bird,meat & skn,w/ added soln,rstd",0.68,1.68,15,0.5,0,6
"turkey,whl,meat only,w/ added soln,rstd",0.77,1.68,14,0.3,0,8
"veal,shldr,whl (arm&bld),ln,raw",0.9,1.68,22,,0,11
"lamb,dom,comp of rtl cuts,fat,1/4""fat,choic,raw",0.98,1.68,19,,0,3
"barbecue loaf,pork,beef",1.16,1.68,55,0.9,0,9
"beef,rnd,eye of rnd steak,bnless ln & fat,0"" fat,choic,raw",1.47,1.68,13,0,0,4
"beef,rnd,eye of rnd steak,bnless,ln,0"" fat,choic,raw",1.47,1.68,13,0,0,4
"beef, round, eye of round steak, boneless separable lean and fat, trimmed to 0"" fat, choice, raw",1.47,1.68,13,,0,4
"beef,rnd,eye of rnd rst,bnless,ln,0"" fat,choic,raw",1.47,1.68,13,0,0,4
"beef,rnd,eye of rnd rst,bnless,ln & fat,0"" fat,choic,raw",1.47,1.68,13,0,0,4
"beef,shrt loin,t-bone steak,ln&fat,1/8""fat,all grds,raw",1.64,1.68,21,0.1,0,3
"beef,shrt loin,top loin,steak,ln,1/8"" fat,all grds,ckd,brld",1.85,1.68,19,0.1,0,10
"beef, short loin, top loin, steak, separable lean only, trimmed to 1/8"" fat, all grades, cooked, broiled",1.85,1.68,19,,0,10
"beef,top sirloin,steak,ln,1/8"" fat,all grds,ckd,brld",1.87,1.68,19,0.1,0,11
"beef,brisket,flat half,bnless,ln & fat,0"" fat,choic,raw",1.98,1.68,13,0.1,0,3
"beef, brisket, flat half, boneless, separable lean and fat, trimmed to 0"" fat, choice, raw",1.98,1.68,13,,0,3
"beef,comp of rtl cuts,ln,1/8"" fat,sel,ckd",2.17,1.68,11,0.1,0,8
"fast foods, cheeseburger; double, large patty; with condiments",2.18,1.68,106,,0.6,0
"mcdonald's,double quarter pounder w/ chs",2.18,1.68,106,,0.6,45
"fast foods,cheeseburger; double,lrg patty; w/ condmnt",2.18,1.68,106,,0.6,45
"french toast,frz,rth",2.21,1.68,107,,0.3,72
"turkey from whl,lt meat,meat & skn,w/ added soln,ckd,rstd",0.6,1.69,14,0.4,0,8
"cheese, feta",0.65,1.69,493,,0,32
"cheese,feta",0.65,1.69,493,0.4,0,32
"beef,brisket,flat half,ln & fat,1/8"" fat,choic,raw",1.68,1.69,15,,0,10
"beef,bttm sirloin,tri-tip rst,ln & fat,0"" fat,choic,ckd,rstd",1.7,1.69,17,,0,8
"beef,ln,tp ln stk,bnless,lipon,ln & fat,1/8"" fat,all grds,rw",1.8,1.69,16,0.1,0,3
"beef,rib,sml end (ribs 10-12),ln,1/8"" fat,all grds,ckd,brld",1.88,1.69,19,0.1,0,10
"egg,turkey,whl,frsh,raw",4.1,1.69,99,,0,71
"babyfood,snack,gerber,graduates,yogurt melts",0,1.7,457,0.1,57.1,55
"cheese, dry white, queso seco",0.18,1.7,661,,0,0
"cheese,dry white,queso seco",0.18,1.7,661,1.8,,
"swordfish,raw",0.38,1.7,5,13.9,0,2
"turkey from whl,lt meat,meat only,w/ added soln,ckd,rstd",0.55,1.7,13,0.3,0,9
"turkey,back,from whl bird,meat only,w/ added soln,rstd",0.55,1.7,13,0.3,0,6
"turkey,wing,from whl bird,meat only,w/ added soln,rstd",0.55,1.7,13,0.3,0,9
"turkey, back, from whole bird, enhanced, meat only, roasted",0.55,1.7,13,,0,6
"beef,shrt loin,t-bone steak,ln&fat,1/8""fat,sel,raw",1.73,1.7,23,0.1,0,3
"beef,rib eye stk/rst,bnls,lip-on,ln & fat,1/8"" fat,al grd,rw",1.74,1.7,8,0.1,0,3
"morningstar farms chik patties,frz,unprep",2.5,1.7,41,,0,12
"waffles, chocolate chip, frozen, ready-to-heat",6.4,1.7,357,,0,117
"kellogg's,eggo,waffles,choc chip",6.4,1.7,357,0.1,,75
"kellogg's,eggo,fiberplus waffles,choc chip",6.4,1.7,357,0.1,,51
"kellogg's,eggo,waffles,blueberry",6.4,1.7,357,0.1,,73
"kellogg's, eggo protein, waffles, homestyle",6.4,1.7,357,,0,0
"kellogg's,eggo,fiberplus waffles,bttrmlk",6.4,1.7,500,0.1,,59
"kellogg's,eggo,waffles,homestyle,lofat",6.4,1.7,378,0.1,0,92
"kellogg's,eggo,nutri-grain,waffles,original",6.4,1.7,143,0,,57
"kellogg's,eggo,waffles,strawberry",6.4,1.7,143,0.1,,73
"kellogg's,eggo,nutri-grain,waffles,honey oat",6.4,1.7,184,0,,54
"waffles,choc chip,frz,rth",6.4,1.7,357,0.1,0,117
"kellogg's, eggo seasons, waffles, pumpkin spice",6.4,1.7,143,,0,0
"kellogg's,eggo,nutri-grain,waffles,blueberry",6.4,1.7,143,0,,59
"kellogg's,eggo prot,waffles,homestyle",6.4,1.7,357,0,,57
"kellogg's,eggo,waffles,bttrmlk",6.4,1.7,357,0.1,,86
"kellogg's, eggo, nutri-grain, waffles, low fat",6.4,1.7,143,0,0,0
"kellogg's, eggo, waffles, chocolate chip",6.4,1.7,357,,0,0
"kellogg's,simply eggo,original",6.4,1.7,,0,,86
"kellogg's,eggo,nutri-grain,waffles,lofat",6.4,1.7,143,0,0,67
"kellogg's,eggo seasons,waffles,pumpkin spice",6.4,1.7,143,0,,75
"inf formula, gerber, good start, protect plus,pdr",7.7,1.7,343,7.7,51,131
"inf formula, gerber, good start 2 soy, w/ iron,pdr",9,1.7,526,7.5,60,136
"inf formula, gerber, good start 2, protect plus, pdr",10,1.7,956,7.7,61,131
"turkey,skn from whl (light & dark),rstd",1.63,1.71,21,1.4,0,8
"turkey, skin from whole (light and dark), roasted",1.63,1.71,21,,0,8
"beef,rnd,tip rnd,rst,ln & fat,0"" fat,choic,raw",1.78,1.71,15,,0,11
"beef,brisket,flat half,ln,1/8"" fat,sel,raw",1.83,1.71,18,,0,13
"beef,loin,top loin steak,bnless,lip-on,ln,1/8"" fat,choic,raw",1.93,1.71,15,0.1,0,4
"beef,loin,top loin steak,bnless,lip off,ln,0"" fat,choic,raw",1.93,1.71,15,0.1,0,4
"beef,top sirloin,steak,ln,0"" fat,all grds,ckd,brld",1.96,1.71,20,0.1,0,10
"beef,nz,imp,bolar blade,ln & fat,raw",1.97,1.71,4,0.1,0,
"beef,rnd,eye of rnd,rst,ln & fat,1/8"" fat,choic,ckd,rstd",2.33,1.71,6,,0,9
"beef,rnd,top rnd steak,ln & fat,1/8"" fat,all grds,ckd,brld",2.53,1.71,7,0.1,0,10
"waffles,whl wheat,lowfat,frz,rth",6.43,1.71,143,0,0,88
"beverage,inst brkfst pdr,choc,not recon",12.82,1.71,285,0,76.9,485
"ocean perch,atlantic,ckd,dry heat",0.27,1.72,34,1.4,0,10
"veal,shldr,arm,ln&fat,ckd,brsd",1.38,1.72,28,,0,18
swisswurst  pork & bf  w/ swiss chs  smoked,0.72,1.73,74,,0,3
sausage  pork & bf  w/ cheddar chs  smoked,0.73,1.73,57,0.3,0,3
"cheesefurter,chs smokie,pork,bf",1.08,1.73,58,0.3,0,3
"lamb,nz,imp,frz,comp of rtl cuts,fat,raw",1.14,1.73,23,,0,3
"beef, short loin, top loin, steak, separable lean and fat, trimmed to 1/8"" fat, choice, cooked, grilled",1.75,1.73,17,,0,0
"beef,shrt loin,top ln,stk,ln & fat,1/8"" fat,choic,ckd,grlld",1.75,1.73,17,0.3,0,8
"beef,rib eye steak,bnless,lip off,ln & fat,0"" fat,all grd,rw",1.81,1.73,8,0.1,0,3
"beef,rib,back ribs,bone-in,ln,0"" fat,choic,raw",1.83,1.73,8,0.2,0,3
"lamb,australian,imp,frsh,leg,bttm,bnless,ln,1/8"" fat,raw",1.88,1.73,2,0,0,
"beef,top sirloin,steak,ln & fat,0"" fat,all grds,ckd,brld",1.89,1.73,22,0.2,0,9
"beef, top sirloin, steak, separable lean and fat, trimmed to 0"" fat, all grades, cooked, broiled",1.89,1.73,22,,0,9
"beef,rnd,tip rnd,rst,ln,0"" fat,choic,raw",1.92,1.73,18,,0,12
"beef,brisket,flat half,bnless ln,0"" fat,all choice,raw",2.04,1.73,13,0.1,0,3
sausage  smmr  pork & bf  stks  w/ cheddar chs,2.26,1.73,81,0.3,0,7
"lamb,aus,frsh,rib chop,frnched,bone-in,ln,1/8"",ckd,grilled",2.36,1.73,11,0,0,
"beef,cured,smoked,chopd bf",2.85,1.73,8,,0,8
"beef,rib eye stk/rst,bne-in,lip-on,ln & fat,1/8"" fat,chc,raw",1.73,1.74,10,0.2,0,3
"beef,rib eye stk/rst,bne-in,ip-on,ln & ft,1/8"" ft,al grds,rw",1.74,1.74,10,0.2,0,3
"beef, tenderloin, steak, separable lean and fat, trimmed to 1/8"" fat, choice, cooked, broiled",1.76,1.74,17,,0,8
"beef,tenderloin,steak,ln & fat,1/8"" fat,choic,ckd,brld",1.76,1.74,17,,0,8
"beef,loin,top loin stk,bnls,lip off,ln & fat,0"" ft,allgrd,rw",1.83,1.74,15,0.1,0,4
"beef,flank,steak,ln,0"" fat,choic,ckd,brld",1.84,1.74,15,,0,9
"cheese,white,queso blanco",0.18,1.75,690,0.7,,
"cheese, white, queso blanco",0.18,1.75,690,,0,0
"fast foods,cheeseburger; single,lrg patty; w/ condmnt",1.02,1.75,179,0.1,0.3,24
"fast foods, cheeseburger; single, large patty; with condiments",1.02,1.75,179,,0.3,24
"turkey,rtl parts,breast,meat & skn,ckd,rstd",1.03,1.75,15,0.3,0,9
"turkey, retail parts, breast, meat and skin, cooked, roasted",1.03,1.75,15,,0,9
"beef,rib eye stk/rst,bone-in,lip-on,ln & fat,1/8"" fat,sel,rw",1.76,1.75,11,0.1,0,3
"beef, rib eye steak/roast, bone-in, lip-on, separable lean and fat, trimmed to 1/8"" fat, select, raw",1.76,1.75,11,,0,3
"beef,rib eye steak/roast,bnless,lip-on,ln,1/8"" fat,sel,raw",1.8,1.75,5,0.1,0,4
"bf,rib,eye,sml end (rib 10-12),ln & ft,0"" fat,choic,ckd,brld",1.8,1.75,18,,0,8
"beef,rib eye steak,bnless,lip off,ln,0"" fat,sel,raw",1.8,1.75,5,0.1,0,4
"beef,rib eye steak/rost,bnls,lip-on,ln & fat,1/8"" fat,chc,rw",1.81,1.75,8,0.2,0,3
"beef,rib,back ribs,bone-in,ln,0"" fat,all grds,raw",1.84,1.75,9,,0,3
"beef,comp of rtl cuts,ln,1/8"" fat,choic,raw",1.91,1.75,18,0.1,0,9
"game meat,buffalo,h2o,ckd,rstd",2.12,1.75,15,,0,9
"beef,rnd,top rnd,steak,ln,1/8"" fat,all grds,ckd,brld",2.7,1.75,7,0.1,0,11
"beef, round, top round, steak, separable lean only, trimmed to 1/8"" fat, all grades, cooked, broiled",2.7,1.75,7,,0,11
"turkey,rtl parts,breast,meat only,ckd,rstd",0.97,1.76,14,0.2,0,9
"turkey from whl,neck,meat only,raw",1.01,1.76,24,0.3,0,5
salami  pork  bf  less na,1.55,1.76,94,0.8,0.7,8
"salami, pork, beef, less sodium",1.55,1.76,94,,0.7,8
"lamb,aus,imp,frsh,loin,ln&fat,1/8""fat,raw",1.66,1.76,15,,0,
"beef,rnd,bttm rnd,steak,ln & fat,1/8"" fat,choic,raw",1.84,1.76,16,,0,11
"beef,brisket,flat half,bnless,ln & fat,0"" fat,all grds,raw",2,1.76,13,0.1,0,3
"beef,nz,imp,tenderloin,ln & fat,raw",2.18,1.76,4,0.1,0,
"beef,rnd,eye of rnd,rst,ln,1/8"" fat,choic,ckd,rstd",2.61,1.76,6,,0,10
"beef, round, eye of round, roast, separable lean only, trimmed to 1/8"" fat, choice, cooked, roasted",2.61,1.76,6,,0,10
"beef,rnd,bttm rnd,steak,ln & fat,0"" fat,sel,ckd,brsd",2.74,1.76,9,,0,11
pastrami  bf  98% fat-free,2.78,1.76,9,,34.6,7
"beef,top sirloin,steak,ln & fat,1/8"" fat,choic,ckd,brld",1.81,1.77,18,,0,8
"beef,chuck,arm pot rst,ln,1/8"" fat,sel,raw",1.86,1.77,18,0,0,13
"beef, chuck, arm pot roast, separable lean only, trimmed to 1/8"" fat, select, raw",1.86,1.77,18,,0,13
"beef,rib,sml end (ribs 10-12),ln,1/8""fat,choic,ckd,brld",1.92,1.77,16,0.1,0,9
"elk,free range,rst,eye of rnd,raw (shoshone bannock)",2.27,1.77,4,,0,
"beef,rnd,bttm rnd,steak,ln,1/8"" fat,sel,ckd,brsd",2.85,1.77,7,,0,12
"beef,nz,imp,flat,ln & fat,ckd,brsd",3.09,1.77,6,0,0,
"fish,halibut,raw,w/ skn (alaska native)",0.27,1.78,20,,0,15
"beef,cured,corned bf,brisket,raw",1.69,1.78,7,0,27,5
"beef,ln,tp ln steak,bnless,lip-on,ln & fat,1/8"" fat,sel,raw",1.71,1.78,15,0.1,0,3
"beef, loin, top loin steak, boneless, lip-on, separable lean and fat, trimmed to 1/8"" fat, select, raw",1.71,1.78,15,,0,3
"beef,loin,top loin stk,bnls,lip off,ln,0"" fat,all grds,raw",1.84,1.78,15,0.1,0,4
"beef, ln, top ln stk, bneless lip-on, 1/8"" fat all grdes raw",1.84,1.78,15,0.1,0,4
"beef, loin, top loin steak, boneless, lip-on, separable lean only, trimmed to 1/8"" fat, all grades, raw",1.84,1.78,15,,0,4
"beef,rib eye steak,bnless,lip off,ln & fat,0"" fat,choic,raw",1.86,1.78,8,0.1,0,3
"beef,rib,back ribs,bone-in,ln,0"" fat,sel,raw",1.86,1.78,9,0.1,0,3
"beef, rib, back ribs, bone-in, separable lean only, trimmed to 0"" fat, select, raw",1.86,1.78,9,,0,3
"beef,nz,imp,tenderloin,ln,raw",2.21,1.78,4,0.1,0,
"lamb,aus,frsh,rib chop,frnched,dnuded,bone-in,ln,0"",grilled",2.46,1.78,10,0,0,
"soup,oyster stew,cnd,cond",0.8,1.79,18,,2.6,2
"beef,shrt loin,t-bone steak,bone-in,ln,1/8"" fat,choic,raw",1.65,1.79,21,0.1,0,4
"beef, short loin, t-bone steak, bone-in, separable lean only, trimmed to 1/8"" fat, choice, raw",1.65,1.79,21,,0,4
"beef,chuck,arm pot rst,ln&fat,1/8""fat,choic,raw",1.73,1.79,16,,0,10
"beef, chuck, arm pot roast, separable lean and fat, trimmed to 1/8"" fat, choice, raw",1.73,1.79,16,,0,10
"game meat bison,ground,raw",2.6,1.79,11,,0,11
"beef, short loin, t-bone steak, separable lean and fat, trimmed to 1/8"" fat, choice, cooked, grilled",3.24,1.79,19,,0,6
"beef,shrt ln,t-bone stk,l & f,1/8"" fat,choic,ckd,grilled",3.24,1.79,19,0.1,0,6
"ground turkey,93% ln,7% fat,patties,brld",1.73,1.8,29,0.2,0,7
"beef,shrt loin,prtrhs steak,ln&fat,1/8""fat,choic,raw",1.91,1.8,19,0.1,0,3
"beef,rib,eye,sml end (ribs 10-12),ln,0""fat,choic,ckd,brld",1.98,1.8,16,,0,10
"beef, rib, eye, small end (ribs 10-12), separable lean only, trimmed to 0"" fat, choice, cooked, broiled",1.98,1.8,16,,0,10
"beef,nz,imp,bolar blade,ln,raw",2.06,1.8,4,0.1,0,
"worthington dinner roast, frozen, unprepared",2.1,1.8,46,,0,0
"worthington dinner rst,frz,unprep",2.1,1.8,46,,0,
"lamb,aus,imp,frsh,leg,trotter off,bone-in,ln,1/8"" fat,raw",2.25,1.8,3,0,0,
"fast foods,hamburger; double,lrg patty; w/ condmnt & veg",2.59,1.8,45,,0.5,49
"beef,rnd,bttm rnd,steak,ln,0"" fat,sel,ckd,brsd",2.85,1.8,7,,0,12
"kellogg's,eggo,waffles,homestyle",6.6,1.8,232,0.1,,90
"kellogg's, eggo, waffles, homestyle",6.6,1.8,232,,0,0
"turkey,dk meat from whl,meat & skn,w/ added soln,raw",0.83,1.81,14,0.5,0,6
"beef,shrt loin,t-bone steak,bone-in,ln,1/8"" fat,all grds,raw",1.66,1.81,21,0.1,0,4
"beef,tenderloin,steak,ln,1/8"" fat,choic,ckd,brld",1.95,1.81,16,,0,10
"beef,shrt loin,prtrhs steak,ln&fat,1/8""fat,all grds,raw",1.98,1.81,19,0.1,0,3
"beef, short loin, porterhouse steak, separable lean and fat, trimmed to 1/8"" fat, all grades, raw",1.98,1.81,19,,0,3
"beef,brisket,flat half,bnless ln,0"" fat,all grds,raw",2.06,1.81,13,0.1,0,3
"beef,comp of rtl cuts,ln&fat,1/8""fat,all grds,ckd",2.2,1.81,13,0.2,0,7
"beef,ln,tp ln stk,bnless,lipon,l & f,1/8"" fat,choic,grilled",2.47,1.81,14,0.1,0,6
"beef, loin, top loin steak, boneless, lip-on, separable lean and fat, trimmed to 1/8"" fat, choice, cooked, grilled",2.47,1.81,14,,0,6
"game meat,bison,top rnd,ln,1"" steak,ckd,brld",3.52,1.81,5,,0,19
"veal,shldr,whl (arm&bld),ln&fat,ckd,rstd",1.03,1.82,27,,0,12
"bologna,bf & pork",1.21,1.82,85,0.8,0.8,6
"veal,shldr,arm,ln,ckd,brsd",1.41,1.82,30,,0,19
"beef,flank,steak,ln & fat,0"" fat,choic,ckd,brld",1.8,1.82,18,,0,9
"beef, flank, steak, separable lean and fat, trimmed to 0"" fat, choice, cooked, broiled",1.8,1.82,18,,0,9
"beef,shrt loin,top loin,steak,ln,1/8"" fat,choic,ckd,brld",1.97,1.82,16,,0,10
"beef,rnd,bttm rnd,steak,ln & fat,1/8"" fat,all grds,ckd,brsd",2.67,1.82,8,0.2,0,10
"haddock,raw",0.17,1.83,11,0.5,0,12
"lamb, new zealand, imported, sweetbread, raw",0.54,1.83,2,,0,0
"lamb,nz,imp,sweetbread,raw",0.54,1.83,2,0.1,0,
"butterfish,ckd,dry heat",0.64,1.83,28,,0,17
"beef,rnd,eye of rnd steak,bnless,ln & ft,0"" fat,all grds,raw",1.45,1.83,13,0,0,4
"beef,rnd,eye of rnd rst,bnless,ln & fat,0"" fat,all grds,raw",1.45,1.83,13,0,0,4
"beef, round, eye of round steak, boneless, separable lean and fat, trimmed to 0"" fat, all grades, raw",1.45,1.83,13,,0,4
"beef,shrt loin,prtrhs steak,ln&fat,1/8""fat,sel,raw",2.13,1.83,19,0.1,0,3
"beef,nz,imp,chuck eye roll,ln & fat,ckd,brsd",2.52,1.83,7,0.2,0,
"game meat,deer,loin,ln,1"" steak,ckd,brld",4.09,1.83,6,0,0,9
"turkey,dk meat,meat & skn,raw",1,1.84,11,0.5,0,6
"lamb,aus,imp,frsh,fat,ckd",1.11,1.84,27,,0,
"veal,shldr,whl (arm&bld),ln&fat,ckd,brsd",1.42,1.84,35,0,0,15
"beef,rnd,eye of rnd steak,bnless,ln,0"" fat,all grds,raw",1.45,1.84,13,0,0,4
"beef, round, eye of round roast, boneless, separable lean only, trimmed to 0"" fat, all grades, raw",1.45,1.84,13,,0,4
"beef,rnd,eye of rnd rst,bnless,ln,0"" fat,all grds,raw",1.45,1.84,13,0,0,4
"beef,shrt loin,t-bone steak,bone-in,ln,1/8"" fat,sel,raw",1.77,1.84,23,0,0,4
"lamb,nz,imp,loin chop,ln,ckd,fast fried",1.88,1.84,42,0.1,0,
"beef,rnd,eye of rnd,rst,ln & fat,1/8"" fat,choic,raw",1.92,1.84,16,,0,12
"beef,brisket,flat half,ln,1/8"" fat,all grds,raw",1.92,1.84,16,,0,13
"beef,rnd,top rnd,steak,ln & fat,1/8"" fat,choic,ckd,brld",2.54,1.84,7,,0,10
"cheese,american,nonfat or fat free",0,1.85,789,0.1,0,9
"turkey,skn,from rtl parts,from dk meat,ckd,rstd",1.65,1.85,6,0.8,0,8
"beef,loin,top loin steak,bnls,lip off,ln & fat,0"" fat,sel,rw",1.73,1.85,14,0.1,0,4
"lamb,aus,imp,frsh,loin,ln,1/8""fat,raw",1.79,1.85,15,,0,
"beef,rnd,bttm rnd,rst,ln,1/8"" fat,choic,raw",2.06,1.85,19,,0,13
"beef, round, bottom round, roast, separable lean only, trimmed to 1/8"" fat, choice, raw",2.06,1.85,19,,0,13
"lamb,nz,imp,neck chops,ln & fat,ckd,brsd",2.14,1.85,52,0.1,0,
"beef,nz,imp,oyster blade,ln & fat,ckd,brsd",2.77,1.85,5,0.2,0,
"beef,nz,imp,flat,ln,ckd,brsd",3.23,1.85,6,0,0,
"beef,shrt ln,t-bne stek,ln & fat,1/8"" fat,all grds,ckd,grlld",3.24,1.85,19,0.1,0,6
"fish,tilapia,ckd,dry heat",0.69,1.86,14,3.7,0,6
"lamb,nz,imp,square-cut shldr,ln & fat,raw",1.01,1.86,10,0.2,0,
"veal,shldr,whl (arm&bld),ln,ckd,rstd",1.03,1.86,27,,0,13
"beef, cured, sausage, cooked, smoked",1.76,1.86,7,,0,4
"beef,cured,sausage,ckd,smoked",1.76,1.86,7,,0,4
"beef,rnd,top rnd,steak,ln & fat,1/8"" fat,choic,raw",1.97,1.86,17,,0,12
"veal,foreshank,osso buco,ln & fat,ckd,brsd",2,1.86,22,1.1,0,4
"beef,nz,imp,oyster blade,ln,ckd,brsd",2.78,1.86,5,0.2,0,
"shrimp,mxd sp,ckd,breaded&fried",1.26,1.87,67,0.1,1.5,39
"lamb,nz,imp,tenderloin,ln & fat,raw",1.62,1.87,4,0,0,
"beef,rib eye steak,bnless,lip off,ln,0"" fat,all grds,raw",1.94,1.87,6,0.1,0,4
"beef,rib eye stk/rst,bnless,lip-on,ln,1/8"" fat,all grds,raw",1.94,1.87,6,0.1,0,4
"beef,cured,pastrami",2.22,1.87,10,0.1,0.3,6
"beef, cured, pastrami",2.22,1.87,10,,0.3,6
"beef, round, bottom round, steak, separable lean and fat, trimmed to 0"" fat, all grades, cooked, braised",2.72,1.87,8,,0,10
"beef,rnd,bttm rnd,steak,ln & fat,0"" fat,all grds,ckd,brsd",2.72,1.87,8,0.2,0,10
"game meat,deer,ground,raw",2.92,1.87,11,0,0,4
"lamb,nz,imp,tenderloin,ln,raw",1.63,1.88,4,0,0,
"beef,loin,top loin steak,bnless,lip off,ln,0"" fat,sel,raw",1.73,1.88,14,0.1,0,4
"beef,loin,top loin steak,bnless,lip-on,ln,1/8"" fat,sel,raw",1.73,1.88,14,0.1,0,4
"oscar mayer,salami (hard)",1.83,1.88,12,1.6,0,3
"beef,chuck,arm pot rst,ln,1/8"" fat,all grds,raw",1.93,1.88,16,,0,13
"beef,brisket,flat half,bnless,ln & fat,0"" fat,sel,raw",2.02,1.88,12,0.1,0,3
"veal,foreshank,osso buco,ln,ckd,brsd",2.06,1.88,21,0.8,0,5
"beef,nz,imp,knuckle,ckd,fast fried",2.25,1.88,5,0.1,0,
"beef,ln,tp ln stk,bnless,lipon,l & f,1/8 fat,a grds, grilled",2.48,1.88,14,0.1,0,6
"beef,lon,tp lon stk,bnlss,lip-on,ln,1/8"" fat,chc,ckd,grilld",2.58,1.88,13,0.1,0,7
"turkey bacon,microwaved",2.63,1.88,163,1.2,0,15
"beef,rnd,bttm rnd,steak,ln,0"" fat,all grds,ckd,brsd",2.83,1.88,7,0.1,0,11
"veal, shank, separable lean and fat, raw",1.17,1.89,12,,0,3
"veal,shank,ln & fat,raw",1.17,1.89,12,0.8,0,3
"lamb,nz,imp,tunnel-boned lg,chump off,shank off,ln & fat,raw",1.4,1.89,4,0,0,
"lamb,nz,imp,tunnel-boned leg,chump off,shank off,ln,raw",1.4,1.89,4,0,0,
"beef,top sirloin,steak,ln,0"" fat,choic,ckd,brld",2.07,1.89,17,,0,10
"beef,rnd,top rnd,steak,ln,1/8"" fat,choic,raw",2.12,1.89,20,0.1,0,13
"beef,rnd,top rnd,steak,ln,1/8"" fat,choic,ckd,brld",2.84,1.89,7,,0,11
"beef,rnd,bttm rnd,steak,ln,1/8"" fat,all grds,ckd,brsd",2.87,1.89,7,0.1,0,11
"beef,shrt ln,t-bone stk,bn-in,ln,1/8"" fat,choic,ckd,grilld",3.57,1.89,19,0.1,0,7
"butterfish,raw",0.5,1.9,22,,0,15
"turkey,drumstk,from whl bird,meat only,rstd",0.71,1.9,9,0.3,0,10
"perch,mixed species,raw",0.9,1.9,80,3,1.7,5
"turkey,rtl parts,drumstk,meat & skn,raw",1.14,1.9,9,0.5,0,6
"turkey,rtl parts,drumstk,meat only,raw",1.18,1.9,10,0.4,0,6
"babyfood,meat,lamb,str",1.19,1.9,7,0.1,1.2,0
"tuna,fresh,skipjack,raw",1.25,1.9,29,,1,9
"catfish,channel,ckd,breaded&fried",1.43,1.9,44,,0,39
"salami, italian, pork and beef, dry, sliced, 50% less sodium",1.51,1.9,8,,0,2
salami  italian  pork & bf  dry  sliced  50% less na,1.51,1.9,8,,0,2
"lamb,nz,imp,loin chop,ln,raw",1.52,1.9,18,0,0,
"ground turkey,93% ln,7% fat,pan-broiled crumbles",1.56,1.9,31,0.2,0,7
"ground turkey, 93% lean, 7% fat, pan-broiled crumbles",1.56,1.9,31,,0,7
bacon & bf stks,1.86,1.9,14,,0,2
"beef,comp of rtl cuts,ln&fat,1/8""fat,choic,ckd",2.24,1.9,13,0.1,0,7
"worthington fripats,frz,unprep",2.8,1.9,97,,0,
"fast foods,hamburger,lrg,triple patty,w/condmnt",3.21,1.9,25,,0.5,41
"egg,yolk,raw,frz,past",4.55,1.9,134,6,0,151
"usda commodity,bf,ground,bulk/coarse ground,frz,raw",1.69,1.91,7,,0,7
"beef,top sirloin,steak,ln & fat,0"" fat,choic,ckd,brld",1.96,1.91,19,,0,9
"beef,rnd,eye of rnd,rst,ln,1/8"" fat,choic,raw",2.12,1.91,20,0,0,14
"veal,shank,ln,raw",1.19,1.92,11,0.7,0,3
"veal, shank, separable lean only, raw",1.19,1.92,11,,0,3
"beef,brisket,flat half,ln & fat,1/8"" fat,sel,ckd,brsd",2.4,1.92,17,0.3,0,9
"beef,brisket,flat half,ln & fat,0"" fat,sel,ckd,brsd",2.78,1.92,20,,0,9
"wendy's,classic double,w/ chs",2.94,1.92,58,,0.7,
"fast fds,chseburger; double,lrg patty; w/ condmnt,veg & mayo",4.12,1.92,68,0.1,0.5,42
"veal,shldr,blade,ln&fat,ckd,brsd",1.44,1.93,38,0,0,15
"beef,rib eye steak/rst,bone-in,lip-on,ln,1/8"" fat,choic,raw",1.95,1.93,9,0.1,0,3
"beef,shrt loin,prtrhs steak,ln,1/8"" fat,choic,raw",1.98,1.93,18,0.1,0,3
"beef, chuck, arm pot roast, separable lean and fat, trimmed to 0"" fat, select, cooked, braised",2.38,1.93,17,,0,9
"beef,chuck,arm pot rst,ln & fat,0"" fat,sel,ckd,brsd",2.38,1.93,17,,0,9
"lamb,nz,imp,netted shldr,rolled,bnless,l & f,ckd,slow rstd",1.33,1.94,7,0.1,0,
"veal,shldr,whl (arm&bld),ln,ckd,brsd",1.45,1.94,37,,0,16
"veal, shoulder, whole (arm and blade), separable lean only, cooked, braised",1.45,1.94,37,,0,16
"beef,rib eye stk/rst,bone-in,lip-on,ln,1/8"" fat,all grds,raw",1.96,1.94,9,0.1,0,3
"beef,shrt loin,top loin,ln&fat,1/8""fat,prime,ckd,brld",2.26,1.94,9,,0,7
"beef,comp of rtl cuts,ln,1/8"" fat,all grds,ckd",2.4,1.94,12,0.1,0,9
"bison,ground,grass-fed,raw",2.78,1.94,11,0,0,12
"beef,shrt loin,t-bone steak,ln & fat,1/8"" fat,sel,ckd,grlld",3.32,1.94,18,0.1,0,6
"turkey,skn,from rtl parts,from dk meat,raw",0.76,1.95,4,0.7,0,5
"beef,shrt loin,prtrhs steak,ln,1/8"" fat,all grds,raw",2.07,1.95,18,0.1,0,3
"beef, short loin, porterhouse steak, separable lean only, trimmed to 1/8"" fat, all grades, raw",2.07,1.95,18,,0,3
"beef,brisket,flat half,bnless,ln,0"" fat,sel,raw",2.08,1.95,13,0.1,0,3
"elk,free range,rst,eye of rnd,ckd (shoshone bannock)",2.68,1.95,4,,0,1
"egg,yolk,raw,frsh",2.73,1.95,129,5.4,0,146
"beef, round, bottom round, steak, separable lean only, trimmed to 0"" fat, choice, cooked, braised",2.93,1.95,7,,0,11
"beef,rnd,bttm rnd,steak,ln,0"" fat,choic,ckd,brsd",2.93,1.95,7,,0,11
"energy drink, red bull, with added caffeine, niacin, pantothenic acid, vitamins b6 and b12",0.02,1.96,13,,0,0
peppered loaf  pork  bf,1.07,1.96,54,0.8,0,2
"lamb,nz,imp,breast,ln,raw",1.15,1.96,13,0,0,
"luncheon sausage,pork&bf",1.43,1.96,13,,0,3
"beef,rib eye steak/roast,bone-in,lip-on,ln,1/8"" fat,sel,raw",1.99,1.96,10,0.1,0,3
"beef, rib eye steak/roast, bone-in, lip-on, separable lean only, trimmed to 1/8"" fat, select, raw",1.99,1.96,10,,0,3
"beef, rib eye steak/roast, boneless, lip-on, separable lean only, trimmed to 1/8"" fat, choice, raw",2.04,1.96,7,,0,3
"beef,rib eye steak,bnless,lip off,ln,0"" fat,choic,raw",2.04,1.96,7,0.1,0,3
"beef,rib eye steak/roast,bnless,lip-on,ln,1/8"" fat,choic,raw",2.04,1.96,7,0.1,0,3
"beef,ln,top ln stk,bnlss,lip-on,ln,1/8"" fat,all grds,,grlld",2.59,1.96,13,0.1,0,7
"beef,nz,imp,tenderloin,ln & fat,ckd,fast fried",2.99,1.96,4,0.2,0,
"beef, short loin, t-bone steak, bone-in, separable lean only, trimmed to 1/8"" fat, all grades, cooked, grilled",3.57,1.96,18,,0,7
"beef,shrt ln,t-bn stk,bn-in,ln,1/8"" fat,all grds,ckd,grilled",3.57,1.96,18,0.1,0,7
"beverages,energy drk,red bull",0.06,1.97,6,0,0,0
"beef,nz,imp,brisket navel end,ln,raw",1.4,1.97,5,0.2,0,
"beef,grass-fed,ground,raw",1.99,1.97,12,,0,6
"beef,rnd,bttm rnd,steak,ln & fat,1/8"" fat,choic,ckd,brsd",2.7,1.97,7,,0,10
"beef,nz,imp,chuck eye roll,ln,ckd,brsd",2.71,1.97,6,0.2,0,
"beef,rnd,bttm rnd,steak,ln & fat,0"" fat,choic,ckd,brsd",2.71,1.97,7,,0,10
"beef,nz,imp,tenderloin,ln,ckd,fast fried",3.01,1.97,4,0.2,0,
"beef, new zealand, imported, tenderloin, separable lean only, cooked, fast fried",3.01,1.97,4,,0,0
"fish,cod,pacific,raw (may have been previously frozen)",0.16,1.98,8,0.5,0,7
"fish, cod, pacific, raw",0.16,1.98,8,,0,7
"lamb,nz,imp,netted shldr,rolled,bnless,ln & fat,raw",1.05,1.98,5,0.1,0,
"beef,shrt loin,prtrhs steak,ln,1/8"" fat,sel,raw",2.26,1.98,19,0,0,4
"beverages,energy drk,red bull,sugar free,w/ added caffeine,",0.02,1.99,13,0,0,0
"beef,chuck,arm pot rst,ln&fat,1/8""fat,sel,ckd,brsd",2.46,1.99,18,0.3,0,9
"beef comp,ln,1/8"" fat,choic,ckd",2.49,1.99,11,0.1,0,8
"fish, sheepshead, raw",0.46,2,21,,0,15
"sheepshead,raw",0.46,2,21,,0,15
"pike,northern,raw",0.55,2,57,2.5,3.8,15
"crayfish,mxd sp,wild,raw",0.84,2,27,0,1.2,37
"drum,freshwater,raw",0.9,2,60,,1,15
"fish, drum, freshwater, raw",0.9,2,60,,1,15
"sunfish,pumpkin seed,raw",1.2,2,80,,1,15
"sucker,white,raw",1.3,2,70,,0,15
"pike,walleye,raw",1.3,2,110,,0,15
"fish, sucker, white, raw",1.3,2,70,,0,15
"bass,frsh h2o,mxd sp,raw",1.49,2,80,,2,15
"chorizo,pork and beef",1.59,2,8,1.5,0,2
"sablefish,smoked",1.69,2,50,,0,20
"worthington frichik original,cnd,unprep",2,2,33,,0,
"applebee's,9 oz house sirloin steak",2.07,2,16,0,,
"lamb,aus,imp,frsh,loin,ln&fat,1/8""fat,ckd,brld",2.12,2,21,,0,
"lamb, australian, imported, fresh, loin, separable lean and fat, trimmed to 1/8"" fat, cooked, broiled",2.12,2,21,,0,0
"lamb, new zealand, imported, neck chops, separable lean only, cooked, braised",2.28,2,58,,0,0
"lamb,nz,imp,neck chops,ln,ckd,brsd",2.28,2,58,0,0,
"beef, rib eye steak, bone-in, lip-on, separable lean and fat, trimmed to 1/8"" fat, choice, cooked, grilled",2.29,2,22,,0,6
"beef,rib eye stk,bne-in,lip-on,ln & ft,1/8"" fat,choc,ckd,grl",2.29,2,22,0.2,0,6
"school lunch,pizza,big daddy's ls 16"" 51% whl chs pizza,frz",2.5,2,183,,0.4,
"beef,ln,tp ln stk,bnless,lipon,l & f,1/8"" fat,sel, ck grled",2.51,2,14,0.1,0,7
"beef,rnd,top rnd rst,bnless,ln & fat,0"" fat,sel,ckd,rstd",2.88,2,17,0,0,5
milk and cereal bar,5.99,2,410,,15.4,159
milk & crl bar,5.99,2,410,1.7,15.4,159
"kellogg's,eggo,waffles,french toast",8,2,222,0.1,,77
"cereals,kellogg's spl k nourish,cinn raisin pecan,dry",10.39,2,385,4.7,23,154
"cereals rte,kellogg,kellogg's raisin bran",12.33,2,43,3.9,0,328
"veal,shldr,blade,ln&fat,ckd,rstd",1,2.01,28,,0,11
"lamb,nz,imp,fore-shank,ln & fat,raw",1.28,2.01,7,0,0,
"veal,shldr,blade,ln,ckd,brsd",1.47,2.01,40,0,0,15
"beef sausage,frsh,ckd",1.57,2.01,11,0.5,0,3
"beef,rib eye rst,bnles,lip-on,ln & fat,1/8"" fat,sel,ckd,rstd",1.87,2.01,11,0.1,0,6
"lamb,aus,imp,frsh,loin,ln,1/8""fat,ckd,brld",2.18,2.01,21,,0,
"beef, rib eye steak, bone-in, lip-on, separable lean and fat, trimmed to 1/8"" fat, all grades, cooked, grilled",2.29,2.01,22,,0,6
"beef,rib eye stk,bn-in,lip-on,ln & ft,1/8"" ft,al gds,ckd,grl",2.29,2.01,22,0.2,0,6
"veggie burgers or soyburgers, unprepared",2.41,2.01,136,,4.5,124
veggie burgers or soyburgers  unprep,2.41,2.01,136,0,4.5,124
"beef,rnd,top rnd rst,bnless,ln,0"" fat,sel,ckd,rstd",2.89,2.01,17,0,0,5
"beef,shrt loin,prtrhs stk,ln & fat,1/8"" fat,choic,ckd,grilld",2.95,2.01,19,0.1,0,6
"beef,rib eye stk,bne-in,lip-on,ln & ft,1/8"" fat,sel,ckd,grld",2.29,2.02,22,0.2,0,6
"beef,rnd,top rnd rst,bnls,ln&fat,0"" fat,allgrd,ckd,rstd",2.88,2.02,16,0,0,5
"beef,rnd,bttm rnd,steak,ln,1/8"" fat,choic,ckd,brsd",3.01,2.02,7,0.1,0,11
"wolffish,atlantic,raw",0.09,2.03,6,,0,5
"beef sausage,pre-cooked",1.53,2.03,15,0.6,0.7,5
"beef sausage, pre-cooked",1.53,2.03,15,,0.7,5
"beef,rnd,top rnd rst,bnless,ln,0"" fat,all grds,ckd,rstd",2.89,2.03,16,0,0,5
"beef,shrt ln,prtrhs stk,ln & fat,1/8"" fat,all grds,ckd,grlld",3,2.03,19,0.1,0,4
"bev,dairy drk mix,choc,red cal,w/ low-cal sweeteners,pdr",7.7,2.03,1412,4.7,5.6,33
"pork,frsh,var meats&by-products,lungs,ckd,brsd",16.41,2.03,8,,7.9,2
"lamb,dom,loin,ln&fat,1/4""fat,choic,raw",1.61,2.04,15,,0,17
"roast bf,deli style,prepackaged,sliced",2.05,2.04,5,0,0,5
"beef,rnd,top rnd rst,bnless,ln & fat,0"" fat,choic,ckd,rstd",2.9,2.04,16,0,0,5
"turkey,thigh,from whl bird,meat only,w/ added soln,raw",0.9,2.05,15,0.3,0,6
"turkey,back,from whl bird,meat only,w/ added soln,raw",0.9,2.05,15,0.3,0,6
"turkey, thigh, from whole bird, enhanced, meat only, raw",0.9,2.05,15,,0,0
"turkey,drumstk,from whl bird,meat only,w/ added soln,raw",0.9,2.05,15,0.3,0,6
"turkey,dk meat from whl,meat only,w/ added soln,raw",0.9,2.05,15,0.3,0,6
"brotwurst,pork,bf,link",1.03,2.05,48,0.3,0,5
"turkey, back, from whole bird, non-enhanced, meat only, raw",1.04,2.05,11,,0,0
"turkey,back from whl bird,meat only,raw",1.04,2.05,11,0.3,0,
"turkey,thigh,from whl bird,meat only,raw",1.04,2.05,11,0.3,0,
"turkey from whole, dark meat, meat only, raw",1.04,2.05,11,0.3,0,7
"usda commodity,bf,patties (100%),frz,raw",1.93,2.05,7,,0,6
"beef,rib eye rst,bne-in,lip-on,ln & fat,1/8"" ft,chc,ckd,rst",2.15,2.05,13,0.2,0,6
"school lunch,pizza,tony's smartpizza pep pizza 50/50 chs,frz",2.6,2.05,192,,0,
"beef,rnd,top rnd rst,bnless,ln,0"" fat,choic,ckd,rstd",2.91,2.05,16,0,0,5
"veal,shldr,blade,ln,ckd,rstd",1,2.06,28,,0,11
"lamb,nz,imp,square-cut shldr chops,ln & fat,raw",1.06,2.06,22,0.1,0,
"beef, round, eye of round roast, boneless, separable lean and fat, trimmed to 0"" fat, select, raw",1.37,2.06,13,,0,4
"beef,rnd,eye of rnd rst,bnless,ln & fat,0"" fat,sel,raw",1.37,2.06,13,0,0,4
"beef,rnd,eye of rnd steak,bnless,ln & fat,0"" fat,sel,raw",1.37,2.06,13,0,0,4
"lamb,nz,imp,chump,bnless,ln,raw",1.52,2.06,4,0,0,
"lamb,nz,imp,chump,bnless,ln,ckd,fast rstd",1.73,2.06,4,0,0,
"beef,rib eye stk,bnls,lip-on,ln & fat,1/8"" fat,sel,ckd,gild",2.12,2.06,10,0.1,0,6
"beef,rib,back ribs,bone-in,ln & fat,0"" fat,choic,ckd,brsd",2.34,2.06,23,0.2,0,6
"inf formula, abbott, similac, neosure, pdr, w/ ara & dha",9.26,2.06,541,9,77.2,218
"usda commodity, salmon nuggets, breaded, frozen, heated",1.24,2.07,8,,0,11
"usda commodity,salmon nuggets,breaded,frz,htd",1.24,2.07,8,,0,11
"beef,rnd,eye of rnd rst,bnless,ln,0"" fat,sel,raw",1.37,2.07,13,0,0,4
"beef,rnd,eye of rnd steak,bnless,ln,0"" fat,sel,raw",1.37,2.07,13,0,0,4
"beef, ground, 70% lean meat / 30% fat, raw",1.64,2.07,24,,0,9
"beef,ground,70% ln meat / 30% fat,raw",1.64,2.07,24,0.1,0,9
"lamb,dom,loin,ln&fat,1/8""fat,choic,raw",1.66,2.07,14,,0,18
"beef, new zealand, imported, chuck eye roll, separable lean and fat, raw",1.89,2.07,6,,0,0
"beef,nz,imp,chuck eye roll,ln & fat,raw",1.89,2.07,6,0.2,0,
"beef,rib eye rst,bne-in,lp-on,ln & ft,1/8"" ft,al grd,ckd,rst",2.14,2.07,13,0.2,0,6
"beef,shrt loin,prtrhs stk,l & f,1/8"" f,sel,ckd,grilled",3.2,2.07,20,0.1,0,6
"beef, short loin, t-bone steak, bone-in, separable lean only, trimmed to 1/8"" fat, select, cooked, grilled",3.65,2.07,18,,0,7
"beef,shrt ln,t-bone stk,bone-in,ln,1/8"" fat,sel,ckd,grilled",3.65,2.07,18,0.1,0,7
"tuna,fresh,yellowfin,raw",0.77,2.08,4,1.7,0,2
"veal,leg,top rnd,cap off,cutlet,bnless,raw",0.81,2.08,4,0.6,0,4
"beef,plate steak,bnless,inside skirt,ln & fat,0"" fat,sel,raw",1.73,2.08,6,0.1,0,3
"lamb, domestic, rib, separable lean and fat, trimmed to 1/4"" fat, choice, raw",1.39,2.09,15,,0,14
"lamb,dom,rib,ln&fat,1/4""fat,choic,raw",1.39,2.09,15,,0,14
"lamb, new zealand, imported, leg chop/steak, bone-in, separable lean and fat, cooked, fast fried",1.93,2.09,10,,0,0
"lamb,nz,imp,leg chop/steak,bone-in,ln & fat,ckd,fast fried",1.93,2.09,10,0,0,
"beef, brisket, flat half, separable lean only, trimmed to 1/8"" fat, choice, raw",2.04,2.09,15,,0,13
"beef,brisket,flat half,ln,1/8"" fat,choic,raw",2.04,2.09,15,,0,13
"beef,ln,top ln stk,bnless,lip-on,ln,1/8"" fat,sel,ckd,grilld",2.61,2.09,13,0.1,0,7
"cheese,tilsit",0.23,2.1,700,,0,20
"crayfish,mxd sp,farmed,raw",0.55,2.1,25,,0.5,30
"croaker,atlantic,ckd,breaded&fried",0.86,2.1,32,,0,45
"beef,nz,imp,sweetbread,raw",1.15,2.1,4,0.6,0,
"worthington stakelets,frz,unprep",1.5,2.1,73,,0,
"beef,comp of rtl cuts,ln,0"" fat,all grds,raw",2.08,2.1,13,0.1,0,5
"morningstar farms chik'n nuggets,frz,unprep",2.1,2.1,75,,0,
"beef,rib eye stk,bnls,lip-on,ln & ft,1/8"" ft,al grd,ckd,grld",2.24,2.1,11,0.2,0,6
"lamb,aus,imp,frsh,tenderloin,bnless,ln & fat,1/8"" fat,raw",2.25,2.1,2,0,0,
"school lunch,pizza,chs topping,thick crust,whl grain,frz,ckd",2.63,2.1,193,0,0.4,123
"morningstar farms chik patties original,frz,unprep",2.7,2.1,58,0,0,0
"morningstar farms buffalo chik patties,frz,unprep",3.3,2.1,57,0,0,0
"morningstar farms italian herb chik'n pattie,frz,unprep",3.8,2.1,50,,0,13
"lamb,nz,imp,square-cut shldr chops,ln & fat,ckd,brsd",1.74,2.11,34,0.2,0,
"beef,ground,75% ln meat / 25% fat,raw",1.79,2.11,21,0.1,0,8
"beef, chuck, arm pot roast, separable lean only, trimmed to 1/8"" fat, choice, raw",2.02,2.11,15,,0,13
"beef,chuck,arm pot rst,ln,1/8"" fat,choic,raw",2.02,2.11,15,0.1,0,13
"beef,rib eye rst,bne-in,lip-on,ln & fat,1/8"" fat,sel,ckd,rst",2.13,2.11,14,,0,6
"beef,rib,back ribs,bone-in,ln & fat,0"" fat,all grds,ckd,brsd",2.4,2.12,23,0.2,0,6
"beef,brisket,flat half,ln&fat,1/8""fat,all grds,ckd,brsd",2.43,2.12,16,,0,9
"cereals rte,health valley,fiber 7 flakes",2.54,2.12,71,0,4.2,226
"haddock,cooked,dry heat",0.21,2.13,14,0.6,0,13
"turkey,rtl parts,thigh,meat & skn,raw",1.31,2.13,4,0.5,0,6
"lamb,nz,imp,frz,loin,ln & fat,1/8"" fat,raw",1.59,2.13,17,,0,1
"beef,plate steak,bnless,inside skirt,ln,0"" fat,sel,raw",1.76,2.13,6,0.1,0,3
"beef,rnd,eye of rnd rst,bnless,ln,0"" fat,choic,ckd,rstd",1.86,2.13,16,0,0,5
"beef,rnd,eye of rnd rst,bnless,ln & ft,0"" fat,choic,ckd,rstd",1.86,2.13,16,0,0,5
"beef,rib eye rst,bnls,lp-on,ln & ft,1/8"" ft,all grd,ckd,rstd",1.95,2.13,11,0.2,0,6
"beef, rib eye roast, boneless, lip-on, separable lean and fat, trimmed to 1/8"" fat, all grades, cooked, roasted",1.95,2.13,11,,0,6
"beef,var meats&by-products,thymus,raw",2.1,2.13,7,,34,2
"beef,nz,imp,rump centre,ln & fat,raw",2.29,2.13,4,0.1,0,
"beef,rib eye steak,bnls,lip-on,ln & fat,1/8"" fat,chc,ckd,grd",2.33,2.13,12,0.2,0,6
"beef,chuck,arm pot rst,ln&fat,0""fat,all grds,ckd,brsd",2.42,2.13,16,0.2,0,9
"game meat,elk,ground,raw",2.75,2.13,12,,0,7
"lamb,nz,imp,flap,bnless,ln,raw",0.96,2.14,7,0,0,
"cheese puffs & twists,corn bsd,bkd,lofat",1.28,2.14,357,0,21.4,97
"lamb,dom,rib,ln&fat,1/8""fat,choic,raw",1.43,2.14,14,,0,15
"beef,ground,80% ln meat / 20% fat,raw",1.94,2.14,18,0.1,0,7
"lamb,australian,imp,frsh,tenderloin,bnless,ln,1/8"" fat,raw",2.27,2.14,2,0,0,
"beef,shrt loin,prtrhs steak,ln,1/8"" fat,choic,ckd,grilled",3.16,2.14,19,0.1,0,6
"beef, short loin, porterhouse steak, separable lean only, trimmed to 1/8"" fat, choice, cooked, grilled",3.16,2.14,19,,0,6
"candies,mars snackfood us,cocoavia choc covered almonds",3.56,2.14,840,,27.3,143
"scallop,(bay&sea),ckd,stmd",0.58,2.15,10,0,0,20
"crayfish,mxd sp,wild,ckd,moist heat",0.83,2.15,60,0,0.9,44
"beef, new zealand, imported, rump centre, separable lean only, raw",2.3,2.15,4,,0,0
"beef,nz,imp,rump centre,ln,raw",2.3,2.15,4,0.1,0,
"lamb,dom,rib,ln,1/4""fat,choic,ckd,rstd",1.77,2.16,21,,0,22
"lamb,dom,loin,ln,1/4""fat,choic,ckd,rstd",2.44,2.16,17,,0,25
"school lunch,pizza,peppi topping,thin crust,whl grn,frz,ckd",2.74,2.16,202,0,0,80
"beef,shrt loin,prtrhs steak,ln,1/8"" fat,all grds,ckd,grilled",3.22,2.16,19,0.1,0,7
"turkey,rtl parts,thigh,meat only,raw",1.42,2.17,4,0.5,0,7
"usda cmdty,turkey taco meat,frz,ckd",1.8,2.17,69,,0,25
"beef,ground,85% ln meat / 15% fat,raw",2.09,2.17,15,0.1,0,6
"beef,shrt loin,prtrhs stk,ln & fat,0"" fat,usda sel,ckd,brld",2.91,2.17,7,,0,7
"lamb,nz,imp,square-cut shldr,ln & fat,ckd,slow rstd",1.41,2.18,12,0.1,0,
"usda commodity,salmon nuggets,ckd as purchased,unhtd",1.46,2.18,9,,0,11
"beef, round, eye of round steak, boneless, separable lean and fat, trimmed to 0"" fat, choice, cooked, grilled",1.91,2.18,17,,0,5
"beef,rnd,eye of rd steak,bnless,l & f,0"" ft,choic,ck,grlled",1.91,2.18,17,0,0,5
"beef,rib eye rst,bnless,lip-on,ln,1/8"" fat,sel,ckd,rstd",2.02,2.18,8,0.1,0,7
"school lunch,pizza,ssage topping,thin crst,whl grain,frz,ckd",2.09,2.18,238,0,0.6,104
"beef, rib eye steak, boneless, lip off, separable lean and fat, trimmed to 0"" fat, select, cooked, grilled",2.28,2.18,10,,0,6
"beef,rib eye stek,bnles,lip off,ln & fat,0"" fat,sel,ckd,grld",2.28,2.18,10,0.1,0,6
"beef,shrt loin,prtrhs stk,ln & fat,0"" fat,all grds,ckd,brld",2.94,2.18,7,,0,7
"chicken,meatless",3.27,2.18,35,0,0,76
"chicken, meatless",3.27,2.18,35,,0,76
"waffle,pln,frz,rth,microwave",5.81,2.18,197,,,106
"tuna,skipjack,frsh,ckd,dry heat",1.6,2.19,37,,1,10
"pork,frsh,var meats&by-products,brain,raw",1.6,2.19,10,,13.5,6
"beef,rnd,eye of rnd steak,bnless,ln,0"" fat,choic,ckd,grilled",1.91,2.19,17,0,0,5
"beef,loin,prtrhs stk,ln & fat,0"" fat,usda choic,ckd,brld",2.96,2.19,7,,0,7
"beef,loin,t-bone steak,ln & fat,0"" fat,usda choic,ckd,brld",3.33,2.19,5,,0,7
"beef,shrt loin,t-bone stk,ln & fat,0"" fat,all grds,ckd,brld",3.35,2.19,5,,0,7
"beef,shrt loin,prtrhs steak,ln,1/8"" fat,sel,ckd,grilled",3.44,2.19,20,0.1,0,7
"tilefish,raw",0.25,2.2,26,,0,15
"turbot,european,raw",0.36,2.2,18,,1.7,8
"tuna,white,cnd in oil,drnd sol",0.65,2.2,4,,0,5
"fish, tuna, white, canned in oil, drained solids",0.65,2.2,4,,0,5
"tuna,white,cnd in oil,wo/salt,drnd sol",0.65,2.2,4,,0,5
"sturgeon,mxd sp,raw",0.7,2.2,13,10.3,0,15
"perch,mxd sp,ckd,dry heat",1.16,2.2,102,,1.7,6
"tuna,lt,cnd in oil,wo/salt,drnd sol",1.39,2.2,13,,0,5
"tuna,lt,cnd in oil,drnd sol",1.39,2.2,13,6.7,0,5
"loma linda tender rounds w/ gravy,cnd,unprep",1.5,2.2,14,,0,
"beef,rib eye rst,bnles,lip-on,ln & fat,1/8"" fat,chc,ckd,rstd",2,2.2,11,0.2,0,6
"lamb,dom,loin,ln&fat,1/8""fat,choic,ckd,rstd",2.17,2.2,18,,0,20
"lamb, domestic, loin, separable lean and fat, trimmed to 1/8"" fat, choice, cooked, roasted",2.17,2.2,18,,0,20
"beef,rib eye stk,bnls,lip of,ln & fat,0"" ft,al grds,ckd,grld",2.4,2.2,12,0.1,0,6
"beef, rib eye steak, boneless, lip off, separable lean and fat, trimmed to 0"" fat, all grades, cooked, grilled",2.4,2.2,12,,0,6
"game meat,bison,ribeye,ln,0""fat,raw",2.8,2.2,6,,0,
"beef, new zealand, imported, rump centre, separable lean and fat, cooked, fast fried",2.95,2.2,5,,0,0
"beef,nz,imp,rump centre,ln & fat,ckd,fast fried",2.95,2.2,5,0.2,0,
"game meat,bison,shldr clod,ln,0""fat,raw",3,2.2,4,,0,
"beef,shrt loin,t-bone stk,ln & fat,0"" fat,usda sel,ckd,brld",3.38,2.2,5,,0,7
"beef, short loin, t-bone steak, separable lean and fat, trimmed to 0"" fat, usda select, cooked, broiled",3.38,2.2,5,,0,7
"emu,full rump,ckd,brld",6.89,2.2,7,,0,10
"kellogg's,eggo,thick & fluffy,waffles,brown sugar",8.2,2.2,455,0,,66
"kellogg's,eggo,thick & fluffy,waffles,original",8.2,2.2,455,0,,76
"lamb,nz,imp,fore-shank,ln,raw",1.37,2.21,7,0,0,
"lamb,dom,loin,ln,1/4""fat,choic,raw",1.91,2.21,12,,0,24
"lamb,dom,loin,ln&fat,1/4""fat,choic,ckd,rstd",2.12,2.21,18,0.1,0,19
"beef,ground,90% ln meat / 10% fat,raw",2.24,2.21,12,0.1,0,6
"beef,rib eye steak,bone-in,lip-on,ln,1/8"" fat,choic,ckd,grld",2.61,2.21,22,0.1,0,7
"beef,nz,imp,rump centre,ln,ckd,fast fried",2.96,2.21,5,0.2,0,
"lamb,nz,imp,frz,rib,ln&fat,1/8""fat,raw",1.43,2.22,15,,0,1
"lamb,dom,rib,ln&fat,1/8""fat,choic,ckd,rstd",1.62,2.22,22,,0,16
"beef,comp of rtl cuts,ln & fat,0"" fat,sel,raw",2.06,2.22,13,0.1,0,5
"beef,rib eye steak,bnls,lip off,ln & fat,0"" fat,chc,ckd,grld",2.49,2.22,12,0.2,0,6
"beef,rib,back ribs,bone-in,ln & fat,0"" fat,sel,ckd,brsd",2.49,2.22,24,0.2,0,6
"beef,chuck,arm pot rst,ln&fat,1/8""fat,all grds,ckd,brsd",2.53,2.22,17,0.3,0,9
"beef,rib eye stk,bne-in,lip-on,ln,1/8"" fat,all grds,ckd,grld",2.62,2.22,22,0.1,0,7
"catfish,channel,wild,raw",0.3,2.23,14,12.5,0.7,10
"lamb,dom,rib,ln&fat,1/4""fat,choic,ckd,rstd",1.6,2.23,22,,0,15
"beef,comp of rtl cuts,ln & fat,0"" fat,all grds,raw",2.04,2.23,13,0.1,0,5
"beef,ground,93% ln meat / 7% fat",2.33,2.23,10,0.1,0,5
"beef,rib eye rst,bone-in,lip-on,ln,1/8"" fat,choic,ckd,rstd",2.37,2.23,11,0.1,0,7
"beef,rib eye steak,bone-in,lip-on,ln,1/8"" fat,sel,ckd,grild",2.63,2.23,22,0.1,0,7
"beef,brisket,point half,ln&fat,1/8""fat,all grds,raw",1.69,2.24,6,,0,6
"beef,nz,imp,oyster blade,ln & fat,raw",1.89,2.24,4,0.2,0,
"beef,ground,95% ln meat / 5% fat,raw",2.38,2.24,9,0.1,0,5
"beef,brisket,flat half,ln,1/8"" fat,sel,ckd,brsd",2.81,2.24,17,,0,11
"emu,full rump,raw",4.96,2.24,4,,0,13
"beef, brisket, whole, separable lean and fat, trimmed to 1/8"" fat, all grades, raw",1.7,2.25,6,,0,6
"beef,brisket,whl,ln&fat,1/8""fat,all grds,raw",1.7,2.25,6,,0,6
"lamb,aus,imp,frsh,leg,bttm,bnless,ln & fat,1/8"" fat,ckd,rstd",2.01,2.25,3,0,0,
"lamb, new zealand, imported, leg chop/steak, bone-in, separable lean only, cooked, fast fried",2.03,2.25,10,,0,0
"lamb,nz,imp,leg chop/steak,bone-in,ln,ckd,fast fried",2.03,2.25,10,0,0,
"beef, rib eye steak, boneless, lip off, separable lean only, trimmed to 0"" fat, select, cooked, grilled",2.34,2.25,6,,0,7
"beef,rib eye steak,bnless,lip-on,ln,1/8"" fat,sel,ckd,grilled",2.34,2.25,6,0.1,0,7
"beef,rib eye steak,bnless,lip off,ln,0"" fat,sel,ckd,grilled",2.34,2.25,6,0.1,0,7
"beef, chuck, arm pot roast, separable lean only, trimmed to 0"" fat, select, cooked, braised",2.77,2.25,17,,0,11
"beef,chuck,arm pot rst,ln,0""fat,sel,ckd,brsd",2.77,2.25,17,,0,11
"beef,rnd,top rnd steak,bnls,ln & fat,0"" fat,sel,ckd,grld",3.25,2.25,19,0,0,5
"seaweed,canadian cultivated emi-tsunomata,dry",66.38,2.25,299,3.1,29,188
"cheese,mexican,queso cotija",0,2.26,800,0.5,0,10
"cheese,parmesan,dry grated,red fat",0.9,2.26,1109,0.4,0,10
"beef,nz,imp,chuck eye roll,ln,raw",2.04,2.26,4,0.1,0,
"beef, new zealand, imported, chuck eye roll, separable lean only, raw",2.04,2.26,4,,0,0
"lamb,dom,foreshank,ln,1/4""fat,choic,ckd,brsd",2.27,2.26,20,,0,19
"beef,rib eye rst,bne-in,lip-on,ln,1/8"" ft,all grds,ckd,rstd",2.36,2.26,11,0.1,0,7
"beef,ground,97% ln meat / 3% fat,raw",2.44,2.26,8,0.1,0,4
"beef,rnd,top rnd steak,bnless,ln,0"" fat,sel,ckd,grilled",3.26,2.26,19,0,0,5
"emu,inside drum,raw",5.23,2.26,4,,0,12
"beverages, abbott, eas whey protein powder",0.92,2.27,256,,0.8,340
"beverages,abbott,eas whey prot pdr",0.92,2.27,256,0,0.8,340
"lamb,nz,imp,netted shldr,rolled,bnless,ln,ckd,slow rstd",1.38,2.27,7,0.1,0,
"babyfood,meat,lamb,junior",1.66,2.27,7,0.1,1.7,2
"beef,chuck for stew,ln & fat,choic,raw",2.09,2.27,13,0.1,0,3
"beef,rib,back ribs,bone-in,ln,0"" fat,choic,ckd,brsd",2.64,2.27,22,0.2,0,7
"beef, chuck, blade roast, separable lean and fat, trimmed to 1/8"" fat, choice, cooked, braised",3.08,2.27,13,,0,5
"beef,chuck,blade rst,ln&fat,1/8""fat,choic,ckd,brsd",3.08,2.27,13,0.4,0,5
"beef,shrt loin,prtrhs steak,ln,0"" fat,all grds,ckd,brld",3.24,2.27,6,,0,8
"beef,shrt loin,prtrhs steak,ln,0"" fat,choic,ckd,brld",3.24,2.27,6,,0,8
"beef, short loin, porterhouse steak, separable lean only, trimmed to 0"" fat, choice, cooked, broiled",3.24,2.27,6,,0,8
"beef,shrt loin,prtrhs steak,ln,0"" fat,sel,ckd,brld",3.24,2.27,6,,0,8
"beef, short loin, porterhouse steak, separable lean only, trimmed to 0"" fat, all grades, cooked, broiled",3.24,2.27,6,,0,8
"beef, short loin, porterhouse steak, separable lean only, trimmed to 0"" fat, select, cooked, broiled",3.24,2.27,6,,0,8
"beef,shrt loin,t-bone steak,ln,0"" fat,sel,ckd,brld",3.66,2.27,4,,0,8
"beef,shrt loin,t-bone steak,ln,0"" fat,choic,ckd,brld",3.66,2.27,4,,0,8
"game meat,deer,top rnd,ln,1"" steak,ckd,brld",4.23,2.27,4,,0,10
"cheese,mozzarella,whl milk",0.44,2.28,505,0.4,0,7
"veal,ground,raw",1.37,2.28,12,1.3,0,3
"lamb,dom,foreshank,ln&fat,1/8""fat,ckd,brsd",2.14,2.28,20,,0,17
"lamb,dom,foreshank,ln&fat,1/4""fat,choic,ckd,brsd",2.14,2.28,20,0.1,0,17
"beef,brisket,flat half,ln,0"" fat,sel,ckd,brsd",2.87,2.28,17,,0,11
"game meat,bison,ground,ckd,pan-broiled",3.08,2.28,13,,0,15
"beef, round, top round steak, boneless, separable lean and fat, trimmed to 0"" fat, all grades, cooked, grilled",3.24,2.28,18,,0,5
"beef,rnd,top rnd stk,bnls,ln & fat,0"" fat,all grds,ckd,grld",3.24,2.28,18,0,0,5
"beef,rnd,top rnd steak,bnless,ln,0"" fat,all grds,ckd,grilled",3.25,2.28,18,0,0,5
"beef,chuck,blade rst,ln&fat,1/8""fat,all grds,ckd,brsd",3.13,2.29,13,0.4,0,5
"beef, chuck, blade roast, separable lean and fat, trimmed to 1/8"" fat, all grades, cooked, braised",3.13,2.29,13,,0,5
"beef, new zealand, imported, tripe uncooked, cooked, boiled",3.72,2.29,158,,0,0
"beef,nz,imp,var meats & by-products,tripe ckd,bld",3.72,2.29,158,0.3,0,
"inf form,abbott,alimentum advance,iron,pdr,notrec,dha&ara",9.16,2.29,534,5.7,45.8,130
"whiting,mixed species,raw",0.34,2.3,48,1.4,0,13
"cheese fd,past process,swiss",0.6,2.3,723,,0,6
"sheepshead,ckd,dry heat",0.67,2.3,37,,0,17
"pike,northern,ckd,dry heat",0.71,2.3,73,,3.8,17
"fish, pike, northern, cooked, dry heat",0.71,2.3,73,,3.8,17
"lamb,nz,imp,square-cut shldr,ln,raw",1.12,2.3,12,0.2,0,
"usda commodity,pork,ground,fine/coarse,frz,ckd",1.51,2.3,8,,2.3,6
"worthington leanies,frz,unprep",1.8,2.3,73,,0,
"beef,chuck for stew,ln & fat,all grds,raw",2.12,2.3,13,0.1,0,3
"beef,rib,back ribs,bone-in,ln,0"" fat,all grds,ckd,brsd",2.66,2.3,22,0.2,0,7
"game meat,bison,top sirloin,ln,0""fat,raw",3,2.3,5,,0,
"beef,rnd,top rnd stk,bnls,ln & fat,0"" fat,choic,ckd,grld",3.26,2.3,18,0,0,5
"beef,rnd,top rnd steak,bnless,ln,0"" fat,choic,ckd,grilled",3.27,2.3,18,0,0,5
"kellogg's,eggo,waffles,cinn toast",6.8,2.3,272,0.1,,75
"fish, cod, pacific, cooked, dry heat",0.2,2.31,10,,0,8
"fish,cod,pacific,ckd,dry heat (maybe previously frozen)",0.2,2.31,10,0.6,0,8
"drum,freshwater,ckd,dry heat",1.15,2.31,77,,1,17
"sunfish,pumpkin sd,ckd,dry heat",1.54,2.31,103,,1,17
"lamb,ground,raw",1.55,2.31,16,0.1,0,18
"sucker,white,ckd,dry heat",1.67,2.31,90,,0,17
"pike,walleye,ckd,dry heat",1.67,2.31,141,,0,17
"beef,plate stek,bnls,insde skrt,ln & fat,0"" fat,all grds,rw",1.71,2.31,6,0.1,0,3
"bass,freshwater,mxd sp,ckd,dry heat",1.91,2.31,103,,2.1,17
"beef, rib, large end (ribs 6-9), separable lean and fat, trimmed to 1/8"" fat, choice, cooked, roasted",2.3,2.31,10,,0,7
"beef,rib,lrg end (ribs 6-9),ln&fat,1/8""fat,choic,ckd,rstd",2.3,2.31,10,,0,7
"beef,rib eye rst,bone-in,lip-on,ln,1/8"" fat,sel,ckd,rstd",2.35,2.31,11,0.1,0,7
"beef,chuck,blade rst,ln&fat,0""fat,all grds,ckd,brsd",3.18,2.31,13,0.4,0,5
"beef,chuck,blade rst,ln&fat,1/8""fat,sel,ckd,brsd",3.2,2.31,13,,0,5
"inf formula, abbo nutr, simila, isomi, w/ iron,pdr,not recon",9.26,2.31,540,7.7,46.3,131
"inf formula, abb nutr, simi, isomi, advan w/ iro ,pd,not rec",9.26,2.31,540,7.7,46.3,131
"lamb,nz,imp,frz,rib,ln & fat,1/8"" fat,ckd,rstd",1.74,2.32,18,,0,1
"lamb, new zealand, imported, frozen, rib, separable lean and fat, trimmed to 1/8"" fat, cooked, roasted",1.74,2.32,18,,0,1
"beef,rnd,eye of rnd rst,bnless,l & f,0"" fat,a grds,ckd,rstd",1.84,2.32,16,0,0,5
"beef, round, eye of round roast, boneless, separable lean and fat, trimmed to 0"" fat, all grades, cooked, roasted",1.84,2.32,16,,0,5
"beef,rnd,eye of rnd rst,bnless,ln,0"" fat,all grds,ckd,rstd",1.84,2.32,16,0,0,5
"beef,comp of rtl cuts,ln & fat,0"" fat,choic,raw",2.07,2.32,13,0.1,0,4
"beef, rib eye steak, boneless, lip-on, separable lean only, trimmed to 1/8"" fat, all grades, cooked, grilled",2.53,2.32,7,,0,7
"beef,rib eye stk,bnles,lip-on,ln,1/8"" fat,all grds,ckd,grld",2.53,2.32,7,0.1,0,7
"beef,rib eye steak,bnless,lip off,ln,0"" fat,all grds,ckd,gri",2.53,2.32,7,0.1,0,7
"game meat,deer,ground,ckd,pan-broiled",3.35,2.32,14,0,0,8
"beef,nz,imp,oyster blade,ln,raw",1.95,2.33,4,0.2,0,
"beef,rib eye rst,bnless,lip-on,ln,1/8"" fat,all grds,ckd,rstd",2.13,2.33,8,0.1,0,7
"beef,comp of rtl cuts,ln,0"" fat,sel,raw",2.14,2.33,12,0.1,0,5
"beef,rib,lrg end (ribs 6-9),ln&fat,0""fat,choic,ckd,rstd",2.33,2.33,10,,0,7
"beef,brisket,point half,ln&fat,0""fat,all grds,ckd,brsd",2.34,2.33,8,,0,7
"beef, brisket, flat half, separable lean and fat, trimmed to 1/8"" fat, choice, cooked, braised",2.46,2.33,16,,0,9
"beef,brisket,flat half,ln & fat,1/8"" fat,choic,ckd,brsd",2.46,2.33,16,,0,9
"beef,chuck,arm pot rst,ln,1/8"" fat,sel,ckd,brsd",2.89,2.33,17,0.1,0,12
"lamb,dom,foreshank,ln&fat,1/4""fat,choic,raw",1.67,2.34,11,,0,19
"lamb,dom,foreshank,ln&fat,1/8""fat,choic,raw",1.67,2.34,11,,0,19
"beef,rib,lrg end (ribs 6-9),ln&fat,1/8""fat,prime,ckd,rstd",2.33,2.34,10,,0,7
"beef, rib, large end (ribs 6-9), separable lean and fat, trimmed to 1/8"" fat, prime, cooked, roasted",2.33,2.34,10,,0,7
"beef,rib,lrg end (ribs 6-9),ln&fat,1/8""fat,all grds,ckd,rstd",2.35,2.34,10,0.5,0,7
"beef,rib,back ribs,bone-in,ln,0"" fat,sel,ckd,brsd",2.68,2.34,22,0.1,0,7
"wolffish,atlantic,ckd,dry heat",0.12,2.35,8,,0,6
"fish, tuna, yellowfin, fresh, cooked, dry heat",0.92,2.35,4,,0,2
"tuna,yellowfin,frsh,ckd,dry heat",0.92,2.35,4,2,0,2
"lamb,dom,comp of rtl cuts,fat,1/4""fat,choic,ckd",1.29,2.35,23,0.1,0,3
"frankfurter,meatless",1.41,2.35,33,0,0,78
"honey roll sausage,beef",2.2,2.35,9,1,0,4
"vitasoy usa,nasoya lite firm tofu",1.6,2.36,184,3.9,,
"whey,sweet,dried",0.88,2.37,796,0,1.5,12
"beef,rib,lrg end (ribs 6-9),ln&fat,1/8""fat,sel,ckd,rstd",2.39,2.37,9,,0,8
"beef, rib, large end (ribs 6-9), separable lean and fat, trimmed to 0"" fat, select, cooked, roasted",2.4,2.37,9,,0,8
"beef,rib,lrg end (ribs 6-9),ln&fat,0""fat,sel,ckd,rstd",2.4,2.37,9,,0,8
"beef,rib eye steak,bnless,lip off,ln,0"" fat,choic,ckd,grille",2.65,2.37,8,0.1,0,7
"beef,rib eye steak,bnles,lip-on,ln,1/8"" fat,choic,ckd,grild",2.65,2.37,8,0.1,0,7
"lamb, new zealand, imported, netted shoulder, rolled, boneless, separable lean only, raw",1.16,2.38,5,,0,0
"lamb,nz,imp,netted shldr,rolled,bnless,ln,raw",1.16,2.38,5,0,0,
"lamb,dom,rib,ln,1/4""fat,choic,raw",1.67,2.38,12,,0,21
"beef,plate steak,bnless,inside skirt,ln,0"" fat,all grds,raw",1.75,2.38,6,0.1,0,3
"beef,rnd,eye of rnd stk,bnless,l & f,0"" f,a grds,ckd,grilled",1.88,2.38,17,0,0,5
"beef,rnd,eye of rnd steak,bnless,ln,0"" ft,a grds,ckd,grilled",1.88,2.38,17,0,0,5
roast bf sprd,2.06,2.38,23,,0.2,8
"beef,loin,top sirlon petite rst/filet,bnls,ln,0"" fat,sel,raw",2.39,2.38,5,0.1,0,4
"beef,brisket,point half,ln&fat,1/8""fat,all grds,ckd,brsd",2.43,2.38,8,,0,7
"veal,var meats&by-products,lungs,ckd,brsd",3.61,2.38,7,,34,8
"game meat, bison, chuck, shoulder clod, separable lean only, 3-5 lb roast, cooked, braised",4.86,2.38,7,,0,21
"game meat,bison,chuck,shldr clod,ln,ckd,brsd",4.86,2.38,7,,0,21
"lamb,dom,comp of rtl cuts,ln&fat,1/4""fat,choic,raw",1.57,2.39,12,,0,18
"pork,frsh,var meats&by-products,tongue,ckd,brsd",4.99,2.39,19,,1.7,4
"beverage,milkshake mix,dry,not choc",7.7,2.39,880,0,1.2,42
"mackerel,spanish,raw",0.44,2.4,11,7.3,1.6,1
vegetarian meatloaf or patties,2.1,2.4,29,0,0,78
"loma linda lofat big franks,cnd,unprep",2.3,2.4,17,,0,
"beef,brisket,whl,ln&fat,1/8""fat,all grds,ckd,brsd",2.46,2.4,7,0.4,0,7
"emu,inside drums,ckd,brld",7.27,2.4,6,,0,10
"lamb,nz,imp,tenderloin,ln & fat,ckd,fast fried",2.11,2.41,5,0,0,
"lamb,nz,imp,tenderloin,ln,ckd,fast fried",2.12,2.41,5,0,0,
"beef,tenderloin,steak,ln & fat,1/8"" fat,prime,ckd,brld",3.15,2.41,8,,0,6
"cheese,gjetost",0.52,2.42,400,,0,5
"vitasoy usa nasoya,lite silken tofu",0.87,2.42,394,3.8,,
"lamb,nz,imp,frz,comp of rtl cuts,fat,ckd",1.39,2.42,27,,0,3
"lamb,nz,imp,frz,comp of rtl cuts,ln&fat,raw",1.49,2.42,13,,0,1
"lamb,nz,imp,square-cut shldr chops,ln,ckd,brsd",1.89,2.42,40,0.2,0,
"beef,chuck for stew,ln & fat,sel,raw",2.2,2.42,14,0.1,0,4
"game meat,beefalo,comp of cuts,raw",2.32,2.42,18,,7,15
"beef,brisket,flat half,ln,1/8"" fat,all grds,ckd,brsd",2.81,2.42,16,,0,11
"beef,brisket,flat half,ln,0""fat,all grds,ckd,brsd",2.82,2.42,16,,0,11
"beef,brisket,whl,ln,all grds,raw",1.92,2.43,5,,0,7
"beef,rib eye rst,bnless,lip-on,ln,1/8"" fat,choic,ckd,rstd",2.2,2.43,8,0.1,0,7
"beef,brisket,flat half,ln&fat,0""fat,all grds,ckd,brsd",2.76,2.43,19,,0,10
"lamb,dom,shldr,arm,ln&fat,1/4""fat,choic,raw",1.56,2.44,14,,0,19
"lamb, domestic, shoulder, arm, separable lean and fat, trimmed to 1/4"" fat, choice, raw",1.56,2.44,14,,0,19
"lamb,dom,comp of rtl cuts,ln&fat,1/8""fat,choic,raw",1.62,2.44,12,,0,19
"lamb,nz,imp,frz,foreshank,ln & fat,1/8"" fat,ckd,brsd",2.07,2.44,14,,0,1
"beef,ground,97% ln meat / 3% fat,patty,ckd,brld",2.88,2.44,5,0,0,7
"bison,ground,grass-fed,ckd",3.19,2.44,14,0,0,16
"waffle,bttrmlk,frz,rth,microwaved",6.53,2.44,125,,0,99
"beverages,prot pdr whey bsd",1.13,2.45,469,0,0,33
"lamb,dom,foreshank,ln,1/4""fat,choic,raw",1.79,2.45,9,,0,22
"lamb,aus,imp,frsh,leg,bttm,bnless,ln,1/8"" fat,ckd,rstd",2.04,2.45,2,0,0,
"beef,brisket,whl,ln&fat,0""fat,all grds,ckd,brsd",2.53,2.45,7,0.3,0,7
"veal,loin,ln&fat,raw",0.84,2.46,14,1.7,0,3
"turkey,rtl parts,drumstk,meat & skn,ckd,rstd",1.58,2.46,16,0.3,0,9
"beef,plate steak,bnless,inside skirt,ln & fat,0"" fat,choc,rw",1.7,2.46,6,0.1,0,3
"beef,chuck,arm pot rst,ln&fat,1/8""fat,choic,ckd,brsd",2.61,2.46,16,0.3,0,9
"beef,rnd,top rnd,steak,ln & fat,1/8"" fat,prime,ckd,brld",2.84,2.46,6,,0,12
"beef, round, top round, steak, separable lean and fat, trimmed to 1/8"" fat, prime, cooked, broiled",2.84,2.46,6,,0,12
"game meat,bison,chuck,shldr clod,ln,raw",2.88,2.46,5,,0,13
"beef,tenderloin,rst,ln & fat,1/8"" fat,all grds,ckd,rstd",3.11,2.46,9,,0,8
"beef,tenderloin,rst,ln & fat,1/8"" fat,sel,ckd,rstd",3.11,2.46,9,,0,8
"lamb,aus,imp,frsh,comp of rtl cuts,ln&fat,1/8""fat,raw",1.43,2.47,13,,0,
"lamb,dom,shldr,arm,ln&fat,1/8""fat,choic,raw",1.58,2.47,14,,0,19
"lamb,nz,imp,frz,leg,whl (shk&sirl),ln & fat,1/8"" fat,raw",1.6,2.47,7,,0,1
"lamb,dom,loin,ln&fat,1/4""fat,choic,ckd,brld",1.81,2.47,20,0.1,0,18
"beef,ground,95% ln meat / 5% fat,patty,ckd,brld",2.83,2.47,7,0,0,7
"beef,chuck,blade rst,ln,0""fat,all grds,ckd,brsd",3.68,2.47,13,0.2,0,6
"game meat,bear,ckd,simmrd",10.73,2.47,5,0,0,6
"lamb,aus,imp,frsh,foreshank,ln&fat,1/8""fat,raw",1.38,2.48,12,,0,
"lamb,dom,leg,sirloin half,ln&fat,1/4""fat,choic,raw",1.61,2.48,10,,0,18
"lamb, domestic, leg, sirloin half, separable lean and fat, trimmed to 1/4"" fat, choice, raw",1.61,2.48,10,,0,18
"lamb,dom,loin,ln&fat,1/8""fat,choic,ckd,brld",1.84,2.48,20,,0,19
"lamb, domestic, loin, separable lean and fat, trimmed to 1/8"" fat, choice, cooked, broiled",1.84,2.48,20,,0,19
"beef,ground,70% ln meat / 30% fat,loaf,ckd,bkd",2.27,2.49,33,0,0,7
"beef,ground,75% ln meat / 25% fat,loaf,ckd,bkd",2.43,2.49,28,0,0,7
"beef, composite of trimmed retail cuts, separable lean and fat, trimmed to 1/8"" fat, prime, cooked",2.5,2.49,9,,0,8
"beef,ground,80% ln meat / 20% fat,loaf,ckd,bkd",2.58,2.49,23,0,0,7
"beef, ground, 80% lean meat / 20% fat, loaf, cooked, baked",2.58,2.49,23,,0,7
"beef,ground,85% ln meat / 15% fat,loaf,ckd,bkd",2.74,2.49,18,0,0,6
"beef,ground,90% ln meat / 10% fat,loaf,ckd,bkd",2.89,2.49,13,0,0,6
"beef,ground,93% ln meat / 7% fat,loaf,ckd,bkd",2.99,2.49,10,0,0,6
"beef,ground,95% ln meat / 5% fat,loaf,ckd,bkd",3.05,2.49,8,0,0,6
"beef,ground,97% ln meat / 3% fat,loaf,ckd,bkd",3.11,2.49,6,0,0,6
"beef, ground, 97% lean meat / 3% fat, loaf, cooked, baked",3.11,2.49,6,,0,6
"beverages,energy drk,sugar free",0,2.5,0,0,25,283
"bev, coca-cola comy,nos 0,eney drk,sug-fre, guana,  b6 & b12",0,2.5,0,0,0,0
"beverages,monster energy drk,lo carb",0,2.5,0,0,0,0
"bev,coca-cola co,nos engy ,ogn,grpe,chery,citr, vit b6 & b12",0,2.5,0,0,0,0
"beverages,energy drk w/ carb h2o & hi fructose corn syrup",0,2.5,0,0,25,283
"energy drink, monster",0.01,2.5,3,,0,0
"beverages,energy drk,rockstar,sugar free",0.02,2.5,13,0,0,0
"fruit juc smoothie,naked juc,blue machine",0.15,2.5,0,0,25,
"tilefish,cooked,dry heat",0.31,2.5,26,,0,17
"fish, tilefish, cooked, dry heat",0.31,2.5,26,,0,17
"croaker,atlantic,raw",0.37,2.5,15,0.7,0,15
"sturgeon,mxd sp,ckd,dry heat",0.9,2.5,17,12.9,0,17
"lamb,nz,imp,sweetbread,ckd,soaked & simmrd",1.06,2.5,6,0.2,0,
"whey,acid,dried",1.24,2.5,2054,0,0.9,33
"lamb,nz,imp,frz,comp of rtl cuts,ln & fat,1/8"" fat,raw",1.54,2.5,11,,0,1
"lamb,dom,leg,sirloin half,ln&fat,1/8""fat,choic,raw",1.63,2.5,10,,0,19
"lamb,dom,leg,whl (shk&sirl),ln&fat,1/4""fat,choic,raw",1.66,2.5,9,,0,19
"beef, composite of trimmed retail cuts, separable lean and fat, trimmed to 0"" fat, choice, cooked",2.72,2.5,9,,0,7
"morningstar farms buffalo wings,frz,unprep",3.2,2.5,63,0,0,0
"morningstar farms parmesan garlic wings,frz,unprep",3.5,2.5,82,0,0,0
"worthington super links,cnd,unprep",4.3,2.5,3,,0,
"cereals rte,kellogg,kellogg's raisin bran w/ cranberries",7.59,2.5,39,1.7,0,169
"cereals rte,post raisin bran crl",18.3,2.5,44,1.7,0.9,563
"cereals rte,post great grains banana nut crunch",28,2.5,44,1.7,0.1,563
"cereals rte,post,honey nut shredded wheat",28,2.5,38,0,0,259
"lamb,nz,imp,neck chops,ln & fat,raw",1.14,2.51,20,0,0,
"lamb,dom,leg,shank half,ln&fat,1/4""fat,choic,raw",1.71,2.51,8,,0,20
"beef,rib eye,sml end (ribs 10-12),ln,0"" fat,sel,raw",1.94,2.51,10,,0,6
"beef, rib eye, small end (ribs 10-12), separable lean only, trimmed to 0"" fat, select, raw",1.94,2.51,10,,0,6
"beef,ground,93% ln meat / 7% fat,patty,ckd,brld",2.78,2.51,9,0,0,7
"lamb,nz,imp,square-cut shldr chops,ln,raw",1.18,2.52,27,0.1,0,
"lamb,dom,loin,ln,1/4""fat,choic,ckd,brld",2,2.52,19,0.1,0,24
"lamb,aus,frsh,leg,trotter off,bone-in,ln & fat,1/8"" fat,rstd",2.41,2.52,4,0,0,
"lamb, variety meats and by-products, lungs, cooked, braised",4.57,2.52,12,,28,8
"lamb,var meats&by-products,lungs,ckd,brsd",4.57,2.52,12,,28,8
"lamb, new zealand, imported, frozen, foreshank, separable lean and fat, trimmed to 1/8"" fat, raw",1.49,2.53,10,,0,1
"lamb,nz,imp,frz,foreshank,ln & fat,1/8"" fat,raw",1.49,2.53,10,,0,1
"lamb,dom,shldr,whl (arm&bld),ln&fat,1/4""fat,choic,raw",1.5,2.53,16,0.1,0,19
"lamb, domestic, shoulder, whole (arm and blade), separable lean and fat, trimmed to 1/4"" fat, choice, raw",1.5,2.53,16,,0,19
"turkey,rtl parts,drumstk,meat only,ckd,rstd",1.57,2.53,17,0.3,0,9
"lamb,dom,leg,sirloin half,ln&fat,1/4""fat,choic,ckd,rstd",2,2.53,11,,0,17
"lamb,nz,imp,frz,loin,ln&fat,ckd,brld",2.05,2.53,23,0.1,0,1
"beef, brisket, flat half, separable lean only, trimmed to 0"" fat, choice, cooked, braised",2.83,2.53,14,,0,0
"beef,brisket,flat half,ln,0"" fat,choic,ckd,brsd",2.83,2.53,14,,0,11
"beef,chuck for stew,ln & fat,sel,ckd,brsd",2.84,2.53,15,0.1,0,8
"beef,chuck,arm pot rst,ln,1/8"" fat,all grds,ckd,brsd",2.93,2.53,16,0.1,0,12
"beef,tenderloin,rst,ln & fat,1/8"" fat,prime,ckd,rstd",3.12,2.53,8,0.4,0,7
"cereals rte,malt-o-meal,raisin bran crl",15.25,2.53,33,2.5,0,563
"turbot,european,ckd,dry heat",0.46,2.54,23,,1.7,9
"lamb,dom,leg,whl (shk&sirl),ln&fat,1/8""fat,choic,raw",1.7,2.54,8,,0,20
"lamb,dom,leg,shank half,ln&fat,1/8""fat,choic,raw",1.73,2.54,7,,0,21
"lamb, domestic, rib, separable lean and fat, trimmed to 1/4"" fat, choice, cooked, broiled",1.88,2.54,19,,0,14
"lamb,dom,rib,ln&fat,1/4""fat,choic,ckd,brld",1.88,2.54,19,0.1,0,14
"lamb, domestic, leg, sirloin half, separable lean and fat, trimmed to 1/8"" fat, choice, cooked, roasted",2.01,2.54,11,,0,17
"lamb,dom,leg,sirloin half,ln&fat,1/8""fat,choic,ckd,rstd",2.01,2.54,11,,0,17
"lamb, new zealand, imported, frozen, loin, separable lean and fat, trimmed to 1/8"" fat, cooked, broiled",2.1,2.54,23,,0,1
"lamb,nz,imp,frz,loin,ln & fat,1/8"" fat,ckd,brld",2.1,2.54,23,,0,1
"restaurant,family style,sirloin steak",2.57,2.54,10,,,
"fish,halibut,ckd,w/ skn (alaska native)",0.36,2.55,33,,0,22
"fish,tuna,lt,cnd in h2o,drnd sol",1.63,2.55,17,1.2,0,4
"beef,plate steak,bnless,inside skirt,ln,0"" fat,choic,raw",1.74,2.55,6,0.1,0,3
"lamb,dom,comp of rtl cuts,ln&fat,1/4""fat,choic,ckd",1.88,2.55,17,0.1,0,18
"lamb, domestic, composite of trimmed retail cuts, separable lean and fat, trimmed to 1/4"" fat, choice, cooked",1.88,2.55,17,,0,18
"lamb,dom,shldr,arm,ln&fat,1/4""fat,choic,ckd,rstd",2.03,2.55,18,,0,20
"beef, rib, whole (ribs 6-12), separable lean and fat, trimmed to 1/8"" fat, choice, cooked, roasted",2.35,2.55,11,,0,7
"beef,rib,whl (ribs 6-12),ln&fat,1/8""fat,choic,ckd,rstd",2.35,2.55,11,0.5,0,7
"game meat,beefalo,comp of cuts,ckd,rstd",3.05,2.55,24,,9,18
"beef,rib,shortribs,ln&fat,choic,raw",1.55,2.56,9,,0,5
"lamb,dom,rib,ln&fat,1/8""fat,choic,ckd,brld",1.93,2.56,18,,0,15
"lamb,dom,shldr,arm,ln&fat,1/8""fat,choic,rstd",2.05,2.56,17,,0,21
"beef,rib,whl (ribs 6-12),ln&fat,1/8""fat,prime,ckd,rstd",2.17,2.56,11,,0,7
"beef,rib,whl (ribs 6-12),ln&fat,1/8""fat,all grds,ckd,rstd",2.37,2.56,11,,0,7
"beef,ground,90% ln meat / 10% fat,patty,ckd,brld",2.71,2.56,13,0,0,8
"beef,var meats&by-products,mechanically separated bf,raw",5.67,2.56,485,,0,5
"lamb,var meats&by-products,mechanically separated,raw",5.9,2.56,162,,0,5
"beverages,energy drk,monster,fort w/ vitamins c,b2,b3,b6,b12",0.04,2.57,0,0,0,0
"lamb,aus,imp,frsh,leg,sirloin half,bnless,ln&fat,1/8""fat,raw",1.5,2.57,12,,0,
"lamb,dom,shldr,whl (arm&bld),ln&fat,1/8""fat,choic,raw",1.53,2.57,16,,0,19
"lamb,dom,comp of rtl cuts,ln&fat,1/8""fat,choic,ckd",1.93,2.57,16,,0,19
"beef,brisket,flat half,ln,1/8"" fat,choic,ckd,brsd",2.88,2.57,14,,0,11
"beef, brisket, flat half, separable lean only, trimmed to 1/8"" fat, choice, cooked, braised",2.88,2.57,14,,0,11
"beef,ribeye cap steak,bnless,ln,0"" fat,sel,raw",2.95,2.57,7,0.1,0,3
"game meat,elk,ground,ckd,pan-broiled",3.34,2.57,10,,0,8
"lamb,dom,leg,sirloin half,ln,1/4""fat,choic,ckd,rstd",2.2,2.58,8,,0,21
"lamb,nz,imp,frz,loin,ln,ckd,brld",2.34,2.58,21,,0,0
"lamb, new zealand, imported, frozen, loin, separable lean only, cooked, broiled",2.34,2.58,21,,0,0
"lamb,dom,shldr,arm,ln&fat,1/4""fat,choic,ckd,brsd",2.39,2.58,25,,0,18
"beef,rib,whl (ribs 6-12),ln&fat,1/8""fat,sel,ckd,rstd",2.41,2.58,11,,0,7
"beef, rib, whole (ribs 6-12), separable lean and fat, trimmed to 1/8"" fat, select, cooked, roasted",2.41,2.58,11,,0,7
"beef,brisket,point half,ln,0""fat,all grds,ckd,brsd",2.79,2.58,6,,0,8
"lamb,dom,shldr,blade,ln&fat,1/4""fat,choic,raw",1.48,2.59,17,,0,19
"lamb, domestic, shoulder, blade, separable lean and fat, trimmed to 1/4"" fat, choice, raw",1.48,2.59,17,,0,19
"lamb,dom,leg,whl (shk&sirl),ln&fat,1/4""fat,choic,ckd,rstd",1.98,2.59,11,0.1,0,20
"lamb,dom,shldr,arm,ln&fat,1/8""fat,choic,ckd,brsd",2.43,2.59,25,,0,19
"beef,chuck,arm pot rst,ln,0""fat,choic,ckd,brsd",2.89,2.59,14,,0,11
"beef, chuck, arm pot roast, separable lean only, trimmed to 0"" fat, choice, cooked, braised",2.89,2.59,14,,0,11
"beef,var meats&by-products,lungs,ckd,brsd",5.4,2.59,11,,32.7,8
"whale, beluga, meat, raw (alaska native)",25.9,2.59,7,,0,4
"whiting,mxd sp,ckd,dry heat",0.42,2.6,62,1.8,0,15
"lamb,aus,imp,frsh,shldr,arm,ln&fat,1/8""fat,raw",1.35,2.6,16,,0,
"beef,rnd,eye of rnd rst,bnless,ln & fat,0"" fat,sel,ckd,rstd",1.74,2.6,16,0,0,5
"lamb,dom,leg,whl (shk&sirl),ln&fat,1/8""fat,choic,ckd,rstd",2.02,2.6,10,,0,20
"lamb,nz,imp,frz,leg,whl (shk&sirl),ln&fat,ckd,rstd",2.1,2.6,10,,0,1
"beef,comp of rtl cuts,ln,0"" fat,choic,raw",2.16,2.6,14,0.1,0,5
"beef,tenderloin,ln&fat,1/8""fat,prime,raw",2.35,2.6,7,,0,6
"beef,loin,top sirloin cap stk,bnls,ln & fat,1/8"" fat,sel,raw",2.74,2.6,7,0.1,0,3
"beef, brisket, whole, separable lean only, trimmed to 0"" fat, all grades, cooked, braised",2.81,2.6,6,,0,8
"beef,brisket,whl,ln,0""fat,all grds,ckd,brsd",2.81,2.6,6,0.2,0,8
"cereals rte,general mills,honey nut clusters",7.9,2.6,34,0,10.5,285
"cereals rte,kellogg's frstd mini-wheats,big bite",28,2.6,28,0,0,573
"lamb, australian, imported, fresh, shoulder, blade, separable lean and fat, trimmed to 1/8"" fat, raw",1.21,2.61,19,,0,0
"lamb,aus,imp,frsh,shldr,blade,ln&fat,1/8""fat,raw",1.21,2.61,19,,0,
"lamb,aus,imp,frsh,shldr,whl (arm&bld),ln&fat,1/8""fat,raw",1.26,2.61,18,,0,
"beef,rnd,eye of rnd rst,bnless,ln,0"" fat,sel,ckd,rstd",1.74,2.61,16,0,0,5
"lamb,ground,ckd,brld",1.79,2.61,22,0.1,0,19
"lamb,dom,comp of rtl cuts,ln,1/4""fat,choic,ckd",2.05,2.61,15,,0,23
"lamb,nz,imp,frz,leg,whl (shk&sirl),ln & fat,1/8"",ckd,rstd",2.13,2.61,9,,0,1
"lamb,dom,shldr,arm,ln,1/4""fat,choic,ckd,rstd",2.23,2.61,16,,0,25
"beef,rib,lrg end (ribs 6-9),ln,0""fat,sel,ckd,rstd",2.82,2.61,8,,0,9
"beef, rib, large end (ribs 6-9), separable lean only, trimmed to 0"" fat, select, cooked, roasted",2.82,2.61,8,,0,9
"beef,rib,lrg end (ribs 6-9),ln,0""fat,all grds,ckd,rstd",2.82,2.61,8,0.2,0,9
"beef,rib,lrg end (ribs 6-9),ln,0""fat,choic,ckd,rstd",2.82,2.61,8,,0,9
"beef, round, top round, separable lean and fat, trimmed to 1/8"" fat, choice, cooked, braised",3.14,2.61,5,,0,9
"beef,rnd,top rnd,ln&fat,1/8""fat,choic,ckd,brsd",3.14,2.61,5,,0,9
"lamb,dom,shldr,blade,ln&fat,1/8""fat,choic,raw",1.5,2.62,17,,0,20
"lamb,dom,comp of rtl cuts,ln,1/4""fat,choic,raw",1.77,2.62,10,,0,23
"beef,rib,shortribs,ln&fat,choic,ckd,brsd",2.31,2.62,12,0.7,0,5
"beef, brisket, flat half, separable lean and fat, trimmed to 0"" fat, choice, cooked, braised",2.75,2.62,17,,0,10
"beef,brisket,flat half,ln & fat,0"" fat,choic,ckd,brsd",2.75,2.62,17,,0,10
"beef,rnd,top rnd,ln&fat,1/8""fat,all grds,ckd,brsd",3.16,2.62,5,0.2,0,9
"beef,rib,lrg end (ribs 6-9),ln&fat,1/8""fat,prime,raw",1.65,2.63,8,,0,5
"lamb,nz,imp,frz,leg,whl (shk&sirl),ln,ckd,rstd",2.24,2.63,7,,0,0
"lamb, new zealand, imported, frozen, leg, whole (shank and sirloin), separable lean only, cooked, roasted",2.24,2.63,7,,0,0
"beef,chk,und bl pot rst/steak,bnl,ln & fat,0"" fat, sel, raw",2.27,2.63,12,0.1,0,3
"beef,comp of rtl cuts,ln&fat,0""fat,sel,ckd",2.69,2.63,15,0.1,0,7
"t.g.i. friday's, classic sirloin steak (10 oz)",2.87,2.63,7,,,
"lamb,dom,leg,shank half,ln,1/4""fat,choic,raw",1.82,2.64,6,,0,23
"lamb,dom,shldr,whl (arm&bld),ln&fat,1/4""fat,choic,ckd,rstd",1.97,2.64,20,0.1,0,21
"beef,loin,top sirloin cap steak,bnless,ln,1/8"" fat,sel,raw",1.98,2.64,5,0.1,0,3
"lamb,dom,leg,whl (shk&sirl),ln,1/4""fat,choic,ckd,rstd",2.12,2.64,8,0.1,0,23
"beef,chuck eye steak,bnless,ln & fat,0"" fat,sel,raw",2.14,2.64,14,0.1,0,3
"lamb,dom,rib,ln,1/4""fat,choic,ckd,brld",2.21,2.64,16,0.1,0,21
"beef,loin,top sirln cap stk,bnls,ln & fat,1/8"" fat,al gds,rw",2.41,2.64,6,0.1,0,3
"beef, ground, 85% lean meat / 15% fat, patty, cooked, broiled",2.6,2.64,18,,0,9
"beef,ground,85% ln meat / 15% fat,patty,ckd,brld",2.6,2.64,18,0,0,9
"beef, composite of trimmed retail cuts, separable lean only, trimmed to 0"" fat, select, cooked",2.99,2.64,8,,0,8
"beef, round, top round, separable lean and fat, trimmed to 1/8"" fat, select, cooked, braised",3.18,2.64,4,,0,9
"beef,rnd,top rnd,ln&fat,1/8""fat,sel,ckd,brsd",3.18,2.64,4,,0,9
"veal,loin,ln,raw",0.85,2.65,11,1.2,0,3
"lamb,nz,imp,square-cut shldr,ln,ckd,slow rstd",1.47,2.65,14,0.1,0,
"beef,loin,top sirloin cap stek,bnls,ln,1/8"" fat,sel,ckd,grld",1.82,2.65,21,0.1,0,7
"lamb,dom,shldr,whl (arm&bld),ln&fat,1/8""fat,choic,ckd,rstd",1.97,2.65,20,,0,21
"beef,ground,patties,frz,ckd,brld",2.42,2.65,11,0.2,0,21
"lamb,aus,imp,frsh,tenderloin,bnless,ln & fat,1/8"" fat,rstd",2.52,2.65,2,0,0,
"lamb,dom,shldr,arm,ln,1/4""fat,choic,ckd,brsd",2.7,2.65,26,,0,22
"beef, composite of trimmed retail cuts, separable lean only, trimmed to 0"" fat, choice, cooked",2.99,2.65,8,,0,8
"beef,chck eye rst,bnls,a bf rst,ln & fat,0"",sel,c,rstd",2.16,2.66,19,0.1,0,6
"beef,shldr pot rst or steak,bnless,ln & fat,0"" fat,choic,raw",2.66,2.66,12,0,0,3
"salmon,coho,farmed,raw",0.34,2.67,12,,1.1,13
bratwurst  bf & pork  smoked,1,2.67,7,,0,4
sausage  berliner  pork  bf,1.15,2.67,12,0.3,0,5
"beef,rib,lrg end (ribs 6-9),ln&fat,1/8""fat,choic,raw",1.68,2.67,8,,0,5
"lamb, domestic, shoulder, arm, separable lean only, trimmed to 1/4"" fat, choice, raw",1.74,2.67,12,,0,24
"lamb,dom,shldr,arm,ln,1/4""fat,choic,raw",1.74,2.67,12,,0,24
"beef,rnd,eye of rnd steak,bnls,ln & fat,0"" fat,sel,ckd,grld",1.78,2.67,16,0,0,5
"beef,carcass,ln&fat,choic,raw",1.83,2.67,8,,0,7
"lamb,dom,shldr,blade,ln&fat,1/4""fat,choic,ckd,rstd",1.92,2.67,21,,0,21
"lamb, domestic, shoulder, blade, separable lean and fat, trimmed to 1/4"" fat, choice, cooked, roasted",1.92,2.67,21,,0,21
"lamb,dom,leg,shank half,ln&fat,1/4""fat,choic,ckd,rstd",1.98,2.67,10,,0,22
"beef,loin,top sirloin cap stk,bnls,ln & fat,1/8"" fat,chc,raw",2.4,2.67,6,0.1,0,3
"beef, loin, top sirloin cap steak, boneless, separable lean and fat, trimmed to 1/8"" fat, choice, raw",2.4,2.67,6,,0,3
"lamb,aus,imp,frsh,tenderloin,bnless,ln,1/8"" fat,ckd,rstd",2.52,2.67,2,,0,
"waffles,gluten-free,frz,rth",0.63,2.68,40,0,0,8
"beef,rnd,eye of rnd steak,bnless,ln,0"" fat,sel,ckd,grilled",1.78,2.68,16,0,0,5
"lamb, domestic, shoulder, blade, separable lean and fat, trimmed to 1/8"" fat, choice, cooked, roasted",1.95,2.68,21,,0,21
"lamb,dom,shldr,blade,ln&fat,1/8""fat,choic,ckd,rstd",1.95,2.68,21,,0,21
"lamb, domestic, leg, shank half, separable lean and fat, trimmed to 1/8"" fat, choice, cooked, roasted",1.99,2.68,9,,0,23
"lamb,dom,leg,shank half,ln&fat,1/8""fat,choic,ckd,rstd",1.99,2.68,9,,0,23
"beef,rnd,top rnd,ln&fat,0""fat,all grds,ckd,brsd",3.27,2.68,4,0.1,0,9
"beef,rnd,top rnd,ln&fat,0""fat,choic,ckd,brsd",3.27,2.68,4,,0,9
"beef,rnd,top rnd,ln&fat,0""fat,sel,ckd,brsd",3.27,2.68,4,,0,9
"beef,carcass,ln&fat,sel,raw",1.85,2.69,8,,0,7
"beef,loin,top sirloin cap stek,bnls,ln,1/8"" fat,all grds,raw",2,2.69,5,0.1,0,3
"beef,chuck eye rst,bnls,a bf rst,ln & fat,0"" fat,choic,raw",2.08,2.69,17,0.1,0,3
"beef,ribeye petite roast/filet,bnless,ln,0"" fat,sel,raw",2.17,2.69,5,0.1,0,4
"beef,shldr pot rst or steak,bnless,ln,0"" fat,choic,raw",2.69,2.69,12,0,0,4
"beef,chuck,arm pot rst,ln,1/8"" fat,choic,ckd,brsd",3.04,2.69,15,0.1,0,12
"lamb,aus,imp,frsh,leg,whl (shk&sirl),ln&fat,1/8""fat,raw",1.48,2.7,10,,0,
"lamb,dom,leg,whl (shk&sirl),ln,1/4""fat,choic,raw",1.82,2.7,6,,0,23
"beef,chuck eye steak,bnless,ln & fat,0"" fat,all grds,raw",2.1,2.7,14,0.1,0,3
"lamb,dom,shldr,whl (arm&bld),ln,1/4""fat,choic,ckd,rstd",2.13,2.7,19,0.1,0,25
"beef,plate stk,bnles,insde skrt,ln & fat,0"" fat,sel,ckd,grld",2.34,2.7,7,0.1,0,7
"denny's,top sirloin steak",3.27,2.7,6,,,
"cereals rte,post selects blueberry morning",3.3,2.7,41,1.8,0.9,296
"beef,rnd,top rnd,ln,0""fat,sel,ckd,brsd",3.32,2.7,4,,0,9
"beef,rnd,top rnd,ln,0""fat,choic,ckd,brsd",3.32,2.7,4,,0,9
"cereals rte,general mills,basic 4",8.19,2.7,455,1.8,0.3,296
"cereals rte,general mills,fiber one,raisin bran clusters",8.19,2.7,182,0,10.9,296
"cereals rte,general mills,fiber one,nutty clusters & almonds",8.19,2.7,182,0,10.9,182
"cereals ready-to-eat, general mills, fiber one, nutty clusters & almonds",8.19,2.7,182,0,10.9,0
"cereals rte,post,great grains,raisin,date & pecan",16.4,2.7,39,1.8,0.5,296
"cereals rte,kellogg,kellogg's frstd mini-wheats,little bites",28.89,2.7,30,0,0,594
"cereals rte,post,honey bunches of oats w/ vanilla bunches",28.9,2.7,33,2.7,0,594
"cereals rte,kellogg's frstd mini-wheats bite sz blueb muffin",29.5,2.7,26,0,0,606
"cereals rte,kellg's,frstd mini-whts,mple & brwn sgr,bte sze",29.5,2.7,30,0,0,599
"cereals rte,kellogg,kellogg's mini-wheats,unfrosted bite sze",29.5,2.7,35,0,0,599
"cereals rte,kellogg's,frstd mini-wheats bite size strawb del",29.5,2.7,26,0,0,606
"cereals rte,kellogg's frstd mini-wheats touch fruit mdl,rasp",29.5,2.7,33,0,0,364
"lamb, australian, imported, fresh, foreshank, separable lean only, trimmed to 1/8"" fat, raw",1.5,2.71,11,,0,0
"lamb,aus,imp,frsh,foreshank,ln,1/8""fat,raw",1.5,2.71,11,,0,
"lamb,nz,imp,frz,comp of rtl cuts,ln,raw",1.64,2.71,8,,0,0
"beef,rib,lrg end (ribs 6-9),ln&fat,1/8""fat,all grds,raw",1.71,2.71,8,,0,5
"beef,sndwch steaks,flaked,chopd,formed & thinly sliced,raw",1.86,2.71,12,0.4,0,7
"lamb,dom,leg,shank half,ln,1/4""fat,choic,ckd,rstd",2.06,2.71,8,,0,24
"lamb,nz,imp,frz,comp of rtl cuts,ln & fat,1/8"" fat,ckd",2.08,2.71,15,,0,1
"beef,loin,top srln cap stk,bls,ln & fat,1/8"" fat,sel,ckd,gld",3.19,2.71,6,0.1,0,6
"veal,leg,top rnd,cap off,cutlet,bnless,ckd,grilled",1.39,2.72,6,0.6,0,8
"lamb,aus,imp,frsh,leg,sirl chops,bnless,ln&fat,1/8""fat,raw",1.75,2.72,11,,0,
"beef,nz,imp,flat,ln & fat,raw",1.84,2.72,5,0,0,
"beef,plate steak,bnless,inside skirt,ln,0"" fat,sel,ckd,grild",2.36,2.72,7,0.1,0,7
"veal,shldr,blade chop,ln & fat,raw",1.22,2.73,23,1.5,0,3
"lamb,dom,shldr,blade,ln&fat,1/4""fat,choic,ckd,brld",1.72,2.73,24,0.1,0,18
"lamb, domestic, shoulder, blade, separable lean and fat, trimmed to 1/4"" fat, choice, cooked, broiled",1.72,2.73,24,,0,18
"lamb,dom,cubed for stew or kabob (leg&shldr),ln,1/4""fat,raw",1.77,2.73,9,,0,23
"lamb, domestic, cubed for stew or kabob (leg and shoulder), separable lean only, trimmed to 1/4"" fat, raw",1.77,2.73,9,,0,23
"beef, loin, top sirloin cap steak, boneless, separable lean only, trimmed to 1/8"" fat, choice, raw",2.08,2.73,5,,0,3
"beef,loin,top sirloin cap steak,bnless,ln,1/8"" fat,choic,raw",2.08,2.73,5,0.1,0,3
"beef,chuck eye rst,bnless,a bf rst,ln & fat,0"",all g,raw",2.08,2.73,17,0.1,0,3
"form bar,mars snackfood us,cocoavia,choc almond",2.21,2.73,1209,,42.5,309
"beef,ground,80% ln meat / 20% fat,patty,ckd,brld",2.48,2.73,24,0,0,10
"beef, shoulder pot roast or steak, boneless, separable lean and fat, trimmed to 0"" fat, all grades, raw",2.62,2.73,12,,0,3
"beef,shldr pot rst or stk,bnls,ln & fat,0"" fat,all grds,r",2.62,2.73,12,0,0,3
"beef,ground,unspec fat content,ckd",2.67,2.73,25,0.2,0,9
"lamb,dom,cubed for stew (leg&shldr),ln,1/4""fat,ckd,brsd",2.8,2.73,15,0.1,0,21
"beef,comp of rtl cuts,ln&fat,0""fat,all grds,ckd",2.82,2.73,14,0.1,0,7
"beef,chuck for stew,ln & fat,all grds,ckd,brsd",2.96,2.73,16,0.1,0,8
"candies,mars snack us,cocoavia blueberry & almond choc bar",3.18,2.73,985,0,34.2,182
"candies, mars snackfood us, cocoavia blueberry and almond chocolate bar",3.18,2.73,985,0,34.2,0
"cereals rte,wheat&bran,presweetened w/nuts&fruits",9.82,2.73,43,1.8,0,296
"cereals rte,malt-o-meal,frstd mini spooners",29.45,2.73,29,0,0,1216
"lamb,dom,shldr,blade,ln&fat,1/8""fat,choic,ckd,brld",1.73,2.74,24,,0,18
"beef,loin,top sirln cap stk,bnls,ln,1/8"" fat,al grds,ckd,gld",2.02,2.74,17,0.1,0,7
"lamb,dom,shldr,blade,ln,1/4""fat,choic,ckd,rstd",2.07,2.74,21,,0,25
"beef, chuck eye steak, boneless, separable lean and fat, trimmed to 0"" fat, choice, raw",2.1,2.74,14,,0,3
"beef,chuck eye steak,bnless,ln & fat,0"" fat,choic,raw",2.1,2.74,14,0.1,0,3
"veal,loin,chop,ln & fat,ckd,grilled",0.82,2.75,17,1.1,0,6
"veal, loin, chop, separable lean and fat, cooked, grilled",0.82,2.75,17,,0,6
"lamb,aus,imp,frsh,leg,shank half,ln&fat,1/8""fat,raw",1.48,2.75,9,,0,
"beef,shrt loin,top loin,steak,ln & fat,1/8"" fat,prime,raw",1.58,2.75,6,,0,6
"beef,rib,lrg end (ribs 6-9),ln&fat,1/8""fat,sel,raw",1.74,2.75,8,,0,5
"lamb,aus,frsh,leg,trotter off,bone-in,ln,1/8"" fat,ckd,rstd",2.55,2.75,4,0,0,
"pork,frsh,var meats&by-products,lungs,raw",18.9,2.75,7,,12.3,3
"beef,rib,whl (ribs 6-12),ln&fat,1/8""fat,prime,raw",1.7,2.76,9,,0,5
"beef, rib, whole (ribs 6-12), separable lean and fat, trimmed to 1/8"" fat, prime, raw",1.7,2.76,9,,0,5
"lamb,dom,leg,sirloin half,ln,1/4""fat,choic,raw",1.83,2.76,7,,0,24
"beef,shldr pot rst or steak,bnless,ln,0"" fat,all grds,raw",2.64,2.76,12,0,0,3
"beef,comp of rtl cuts,ln&fat,0""fat,choic,ckd",2.79,2.76,15,0.1,0,7
"pork,frsh,var meats&by-products,spleen,ckd,brsd",22.23,2.76,13,,11.6,4
"fish,trout,brook,raw,new york state",0.38,2.77,25,,0,
"lamb,aus,imp,frsh,comp of rtl cuts,ln,1/8""fat,raw",1.59,2.77,12,,0,
"beef,loin,top srl cp stk,bnls,ln & ft,1/8"" ft,algds,ckd,grld",3.16,2.77,7,0.2,0,6
"catfish,channel,farmed,ckd,dry heat",0.28,2.78,9,0.3,0,12
"lamb,dom,shldr,whl (arm&bld),ln,1/4""fat,choic,raw",1.66,2.78,15,0.1,0,23
"lamb,dom,shldr,whl (arm&bld),ln&fat,1/8""fat,choic,ckd,brld",1.83,2.78,23,,0,18
"beef,chuck eye rst,bnls,a bf rst,ln & fat,0"" fat,sel,raw",2.12,2.78,18,0.1,0,3
"lamb, domestic, shoulder, whole (arm and blade), separable lean and fat, trimmed to 1/8"" fat, choice, cooked, braised",2.39,2.78,27,,0,18
"lamb,dom,shldr,whl (arm&bld),ln&fat,1/8""fat,choic,ckd,brsd",2.39,2.78,27,,0,18
"beve,coca mix,lo cal,pdr,w/ add ca,p,asprt,wo/ add na, vit a",4.96,2.78,1440,0,0,27
"beef,loin,top loin,ln & fat,1/8"" fat,choic,raw",1.61,2.79,6,,0,6
"beef, loin, top loin, separable lean and fat, trimmed to 1/8"" fat, choice, raw",1.61,2.79,6,,0,0
"beef,rib,whl (ribs 6-12),ln&fat,1/8""fat,choic,raw",1.72,2.79,9,,0,5
"beef,loin,top sirlon cap stk,bnls,ln,1/8"" fat,choic,ckd,grld",2.04,2.79,17,0.1,0,7
"beef,rnd,top rnd,ln&fat,1/8""fat,prime,raw",2.04,2.79,3,,0,9
"beef,rib,lrg end (ribs 6-9),ln&fat,1/8""fat,prime,ckd,brld",2.08,2.79,10,,0,6
"beef,ground,70% ln meat / 30% fat,patty ckd,pan-broiled",2.41,2.79,37,0,0,10
"beef,ground,75% ln meat / 25% fat,patty,ckd,pan-broiled",2.5,2.79,32,0,0,10
"beef, ground, 75% lean meat / 25% fat, patty, cooked, pan-broiled",2.5,2.79,32,,0,10
"beef,ground,80% ln meat / 20% fat,patty,ckd,pan-broiled",2.59,2.79,26,0,0,9
"beef,ground,85% ln meat / 15% fat,patty,ckd,pan-broiled",2.68,2.79,20,0,0,8
"beef,ground,90% ln meat / 10% fat,patty,ckd,pan-broiled",2.77,2.79,15,0,0,8
"beef,rnd,tip rnd,rst,ln & fat,1/8"" fat,choic,ckd,rstd",2.79,2.79,6,0.2,0,8
"beef,ground,93% ln meat /7% fat,patty,ckd,pan-broiled",2.82,2.79,11,0,0,7
"beef,ground,95% ln meat / 5% fat,patty,ckd,pan-broiled",2.85,2.79,9,0,0,7
"beef,ground,97% ln meat /3% fat,patty,ckd,pan-broiled",2.89,2.79,7,0,0,7
"beef,top loin petite rst/filet,bnls,ln & fat,1/8"" fat,sel,rw",2.98,2.79,7,0.1,0,3
"cereals rte,kellogg,kellogg's,raisin bran crunch",8.5,2.79,35,1.9,2,308
"salmon,atlantic,farmed,ckd,dry heat",0.34,2.8,15,13.1,3.7,34
"salami,dry or hard,pork",1.3,2.8,13,,0,2
salami  italian  pork,1.52,2.8,10,,0,2
"beef,chk eye cntry-style ribs,bnl,ln & fat,0"" fat,sel,raw",1.97,2.8,14,0.1,0,3
"lamb,dom,shldr,whl (arm&bld),ln&fat,1/4""fat,choic,ckd,brsd",2.4,2.8,25,,0,17
"lamb, domestic, shoulder, whole (arm and blade), separable lean and fat, trimmed to 1/4"" fat, choice, cooked, braised",2.4,2.8,25,,0,17
"beef,ground,70% ln meat / 30% fat,crumbles,ckd,pan-browned",2.48,2.8,41,0,0,13
"beef,ground,75% ln meat / 25% fat,crumbles,ckd,pan-browned",2.63,2.8,34,0,0,12
"beef,ground,80% ln meat / 20% fat,crumbles,ckd,pan-browned",2.78,2.8,28,0,0,11
"beef, ground, 80% lean meat / 20% fat, crumbles, cooked, pan-browned",2.78,2.8,28,,0,11
"beef,rnd,tip rnd,rst,ln & fat,1/8"" fat,all grds,ckd,rstd",2.81,2.8,6,0.2,0,8
"beef, round, tip round, roast, separable lean and fat, trimmed to 1/8"" fat, all grades, cooked, roasted",2.81,2.8,6,,0,8
"beef,ground,85% ln meat / 15% fat,crumbles,ckd,pan-browned",2.93,2.8,22,0,0,10
"beef,ground,90% ln meat / 10% fat,crumbles,ckd,pan-browned",3.08,2.8,16,0,0,8
"beef,ground,93% ln meat / 7% fat,crumbles,ckd,pan-browned",3.17,2.8,12,0,0,8
"beef,ground,95% ln meat / 5% fat,crumbles,ckd,pan-browned",3.23,2.8,9,0,0,7
"beef, ground, 95% lean meat / 5% fat, crumbles, cooked, pan-browned",3.23,2.8,9,,0,7
"beef,ground,97% ln meat / 3% fat,crumbles,ckd,pan-browned",3.29,2.8,7,0,0,7
"pancakes plain, frozen, ready-to-heat (includes buttermilk)",5.67,2.8,78,,0.3,110
"pancakes pln,frz,rth (includes buttermilk)",5.67,2.8,78,0,0.3,110
"cereals ready-to-eat, kellogg's frosted mini-wheats bite size cinnamon streusel",30,2.8,36,0,0,616
"lamb,dom,shldr,blade,ln,1/4""fat,choic,ckd,brld",1.81,2.81,24,,0,21
"lamb,aus,imp,frsh,leg,cntr slice,bone-in,ln&fat,1/8""fat,raw",1.81,2.81,10,,0,
"lamb,nz,imp,frz,comp of rtl cuts,ln&fat,ckd",2.1,2.81,17,,0,1
"beef,rib,lrg end (ribs 6-9),ln&fat,1/8""fat,choic,ckd,brld",2.12,2.81,10,,0,5
"beef,ground,75% ln meat / 25% fat,patty,ckd,brld",2.37,2.81,30,0,0,11
"beef,rnd,tip rnd,rst,ln & fat,1/8"" fat,sel,ckd,rstd",2.83,2.81,6,0.2,0,8
"beef, loin, top sirloin cap steak, boneless, separable lean and fat, trimmed to 1/8"" fat, choice, cooked, grilled",3.23,2.81,7,,0,6
"beef,loin,top srln cap stk,bls,ln & fat,1/8"" fat,chc,ckd,gld",3.23,2.81,7,0.2,0,6
"beef,rib,whl (ribs 6-12),ln&fat,1/8""fat,all grds,raw",1.74,2.82,9,,0,5
"beef,rnd,full cut,ln&fat,1/8""fat,choic,raw",1.99,2.82,4,0.2,0,8
"beef,rnd,full cut,ln&fat,1/8""fat,sel,raw",2,2.82,4,,0,8
"beef,chk,und bl pot rst/stk,bnl,ln & ft,0"" ft, all gr, raw",2.19,2.82,12,0.1,0,3
"beef,top loin petite roast/filet,bnless,ln,1/8"" fat,sel,raw",2.39,2.82,5,0.1,0,4
"beef,top loin petit rst/filt,bns,ln & fat,1/8"" fat,al grd,rw",2.66,2.82,6,0.1,0,3
"pancakes,gluten-free,frz,rth",0.7,2.83,39,0,0.3,9
"lamb,dom,shldr,blade,ln,1/4""fat,choic,raw",1.62,2.83,16,,0,23
"lamb, domestic, shoulder, blade, separable lean and fat, trimmed to 1/4"" fat, choice, cooked, braised",2.35,2.83,27,,0,18
"lamb,dom,shldr,blade,ln&fat,1/4""fat,choic,ckd,brsd",2.35,2.83,27,,0,18
"beef, shoulder pot roast or steak, boneless, separable lean and fat, trimmed to 0"" fat, select, raw",2.56,2.83,12,,0,3
"beef,shldr pot rst or steak,bnless,ln & fat,0"" fat,sel,raw",2.56,2.83,12,0,0,3
"game meat , bison, top sirloin, separable lean only, 1"" steak, cooked, broiled",3.47,2.83,5,,0,18
"game meat bison,top sirloin,ln,1"" steak,ckd,brld",3.47,2.83,5,,0,18
"beef,sirloin,tri-tip stk,ln & fat,0"" fat,all grds,ckd,brld",3.64,2.83,12,,0,10
"beef,rib,whl (ribs 6-12),ln&fat,1/8""fat,prime,ckd,brld",2.13,2.84,11,,0,6
"lamb,dom,shldr,blade,ln&fat,1/8""fat,choic,ckd,brsd",2.38,2.84,27,,0,18
"pork,frsh,var meats&by-products,tongue,raw",3.35,2.84,16,,4.4,4
"veal,var meats&by-products,thymus,ckd,brsd",1.24,2.85,4,0,39.4,20
"veal, variety meats and by-products, thymus, cooked, braised",1.24,2.85,4,,39.4,20
"beef,nz,imp,flat,ln,raw",1.9,2.85,5,0,0,
"beef,rib,sml end (ribs 10-12),ln&fat,1/8""fat,choic,ckd,rstd",2.39,2.85,13,,0,6
"beef, chuck eye roast, boneless, america's beef roast, separable lean only, trimmed to 0"" fat, select, cooked, roasted",2.42,2.85,20,,0,7
"beef,chuck eye rst,bnless,america's bf rst,ln,0"" fat,sel,ckd",2.42,2.85,20,0.1,0,7
"beef,top loin petite rst/filet,bnls,ln & fat,1/8"" fat,chc,rw",2.66,2.85,6,0.1,0,3
"beef,chuck,clod rst,ln & fat,0"" fat,choic,ckd,rstd",3.02,2.85,8,0.2,0,9
"beef,chuck for stew,ln & fat,choic,ckd,brsd",3.06,2.85,17,0.1,0,8
"beef,rib,whl (ribs 6-12),ln&fat,1/8""fat,sel,raw",1.77,2.86,9,,0,5
"lamb,dom,shldr,arm,ln&fat,1/4""fat,choic,ckd,brld",2.09,2.86,18,,0,18
"beef,shldr pot rst or steak,bnless,ln,0"" fat,sel,raw",2.57,2.86,12,0,0,4
"beef,comp of rtl cuts,ln,0"" fat,all grds,ckd",2.98,2.86,14,0.1,0,7
"game meat,bison,ln,ckd,rstd",3.42,2.86,8,0,0,8
"game meat, bison, separable lean only, cooked, roasted",3.42,2.86,8,,0,8
"waffles,bttrmlk,frz,rth",6.04,2.86,279,,0,96
"salmon,chinook,ckd,dry heat",0.91,2.87,28,,4.1,35
"lamb,aus,imp,frsh,comp of rtl cuts,ln&fat,1/8""fat,ckd",1.93,2.87,17,,0,
"beef,rib,sml end (ribs 10-12),ln&fat,1/8""fat,prime,ckd,rstd",1.95,2.87,13,,0,7
"beef,top loin petite rst/filet,bnls,ln,1/8"" fat,all grds,raw",2.17,2.87,5,0.1,0,4
"beef, rib, whole (ribs 6-12), separable lean and fat, trimmed to 1/8"" fat, choice, cooked, broiled",2.18,2.87,11,,0,6
"beef,rib,whl (ribs 6-12),ln&fat,1/8""fat,choic,ckd,brld",2.18,2.87,11,,0,6
"beef,rnd,knuckle,tip side,steak,ln & fat 0"" fat,sel,raw",2.38,2.87,5,,0,7
"usda commodity,bf patties w/vpp,frz,ckd",3.64,2.87,39,,0,17
"catfish,channel,farmed,raw",0.23,2.88,8,0.2,0,10
"fish, catfish, channel, farmed, raw",0.23,2.88,8,,0,10
"veal,shldr,blade chop,ln,raw",1.26,2.88,23,1.2,0,3
"lamb,dom,shldr,arm,ln&fat,1/8""fat,ckd,brld",2.12,2.88,18,,0,19
"beef,rib,sml end (ribs 10-12),ln&fat,1/8""fat,all grds,ckd,rs",2.42,2.88,13,,0,6
"beef, rib, small end (ribs 10-12), separable lean and fat, trimmed to 1/8"" fat, all grades, cooked, roasted",2.42,2.88,13,,0,6
"beef,chck,undr blde pot rst,bnls,ln & fat,0"",sel,ckd,brsd",2.67,2.88,14,0.1,0,7
"cereals rte,post,shredded wheat,lightly frstd,spoon-size",3.46,2.88,13,0,0,313
"eel,mxd sp,ckd,dry heat",0.64,2.89,26,,1.8,17
"veal,loin,chop,ln,ckd,grilled",0.79,2.89,13,0.8,0,7
"lamb,nz,imp,neck chops,ln,raw",1.24,2.89,23,0,0,
"beef,rib,lrg end (ribs 6-9),ln&fat,1/8""fat,sel,ckd,brld",2.19,2.89,10,,0,6
"beef,rib,lrg end (ribs 6-9),ln&fat,1/8""fat,all grds,ckd,brld",2.19,2.89,10,,0,6
"beef, rib, large end (ribs 6-9), separable lean and fat, trimmed to 1/8"" fat, all grades, cooked, broiled",2.19,2.89,10,,0,6
"beef,rib,whl (ribs 6-12),ln&fat,1/8""fat,all grds,ckd,brld",2.19,2.89,11,,0,6
"beef,chk,und blade pot rst or stk,bnless,ln,0"" fat,sel, raw",2.43,2.89,12,0.1,0,3
"beef,chk eye steak,bnless,ln & fat,0"" fat,choic,ckd,grilled",2.46,2.89,15,0.1,0,6
"catfish,channel,wild,ckd,dry heat",0.35,2.9,11,,0.8,10
"ruffed grouse,breast meat,skinless,raw",0.58,2.9,5,,0,
"sturgeon,mxd sp,smoked",0.93,2.9,17,16.1,0,20
"fish, sturgeon, mixed species, smoked",0.93,2.9,17,,0,20
"loma linda linketts,cnd,unprep",1.8,2.9,11,,0,
lebanon bologna  bf,2.15,2.9,20,0.3,0.9,6
"beef,loin,top srln petit rst/filt,bnls,ln,0"" fat,al grds,raw",2.24,2.9,5,0.1,0,4
"beef,ground,70% ln meat / 30% fat,patty,ckd,brld",2.25,2.9,35,0,0,11
"beef,top loin petite roast/filet,bnless,ln,1/8"" fat,choc,raw",2.27,2.9,5,0.1,0,4
"beef, chuck, short ribs, boneless, separable lean and fat, trimmed to 0"" fat, choice, raw",2.3,2.9,11,,0,3
"beef,chuck,shrt ribs,bnless,ln & fat,0"" fat,choic,raw",2.3,2.9,11,0.1,0,3
"beef,chk,undble cntr stk,bnl,denr cut,ln & fat,0""fat, ch, rw",2.37,2.9,11,0.1,0,3
"beef,rib,sml end (ribs 10-12),ln&fat,1/8""fat,sel,ckd,rstd",2.44,2.9,13,,0,6
"egg mix,usda cmdty",3.23,2.9,171,7.4,,138
"cereals rte,post selects maple pecan crunch",3.5,2.9,39,1.9,0.1,314
"waffles, plain, frozen, ready -to-heat, toasted",6.91,2.9,307,,0,119
"waffles,pln,frz,ready -to-heat,tstd",6.91,2.9,307,0,0,119
"child formula,mead johnson,portagen,w/ iron,pdr,not recon",8.8,2.9,440,9.3,38,126
"cereals rte,post,great grains crunchy pecan crl",17.3,2.9,39,1.9,0.2,314
"cereals rte,general mills,fiber one,honey clusters",31.2,2.9,192,0,11.5,1294
"beef,chk eye cntry-style ribs,bnl,ln & fat,0"" fat,all gr,raw",2.1,2.91,14,0.1,0,3
"beef,chk eye rst,bnl,america's bf rst,ln,0"" fat,choic,raw",2.18,2.91,17,0.1,0,3
"beef,plte stk,bnls,insd skrt,ln & fat,0"" fat,all grd,ckd,grl",2.44,2.91,7,0.1,0,7
"lamb, domestic, shoulder, whole (arm and blade), separable lean only, trimmed to 1/4"" fat, choice, cooked, braised",2.67,2.91,26,,0,21
"lamb,dom,shldr,whl (arm&bld),ln,1/4""fat,choic,ckd,brsd",2.67,2.91,26,,0,21
"bf,rnd,knuckle,tip cntr,stk,ln & fat,0"" fat,choic,ckd,grld",2.51,2.92,5,,0,10
"beef, composite of trimmed retail cuts, separable lean and fat, trimmed to 1/8"" fat, choice, raw",1.89,2.93,7,,0,6
"beef,rib,whl (ribs 6-12),ln&fat,1/8""fat,sel,ckd,brld",2.22,2.93,11,,0,6
"waffles,pln,frz,rth",5.61,2.93,308,,0,108
"beef,chk,und bl pot rst or stk,bnl,ln & fat,0"" fat, ch, raw",2.13,2.94,12,0.1,0,3
"beef,chk eye cntry-style ribs,bnl,ln & fat,0"" fat,choice,raw",2.16,2.94,15,0.1,0,3
"beef,rib,sml end (ribs 10-12),ln&fat,1/8""fat,prime,ckd,brld",2.23,2.94,13,,0,7
"lamb,dom,shldr,blade,ln,1/4""fat,choic,ckd,brsd",2.6,2.94,28,,0,21
"beef, chuck eye roast, boneless, america's beef roast, separable lean only, trimmed to 0"" fat, all grades, raw",2.18,2.95,18,,0,3
"beef,chk eye rst,bnl,america's bf rst,ln,0"" fat,all grd, raw",2.18,2.95,18,0.1,0,3
"lamb,nz,imp,frz,comp of rtl cuts,ln,ckd",2.35,2.95,13,,0,0
"beef,chk,und blcntr stk,bnless,den cut,ln,0"" fa, choice, raw",2.4,2.95,12,0.1,0,3
"beef,plate stk,bnle,insde skrt,ln,0"" fat,all grds,ckd,grld",2.47,2.95,7,0.1,0,7
"beef,ribeye cap steak,bnless,ln,0"" fat,all grds,raw",2.64,2.96,6,0.1,0,3
"beef,comp of rtl cuts,ln,0""fat,choic,ckd",2.98,2.96,14,0.1,0,7
"game meat,elk,tenderloin,ln,ckd,brld",4.07,2.96,5,,0,9
"egg,whl,dried",7.2,2.96,244,8.3,0,119
"beef,rib,sml end (ribs 10-12),ln&fat,1/8""fat,prime,raw",1.77,2.97,10,,0,5
"beef, rib, small end (ribs 10-12), separable lean and fat, trimmed to 1/8"" fat, prime, raw",1.77,2.97,10,,0,5
"lamb,dom,shldr,whl (arm&bld),ln&fat,1/4""fat,choic,ckd,brld",2.03,2.97,21,,0,19
"beef,chuck,clod rst,ln & fat,0"" fat,all grds,ckd,rstd",3.05,2.97,7,,0,9
"beef,chuck,clod rst,ln,0"" fat,choic,ckd,rstd",3.2,2.97,7,0.1,0,9
"beef,chuck,clod steak,ln only,to 1/4"" fat,all grds,ckd,brsd",3.79,2.97,8,,0,9
"lamb, australian, imported, fresh, leg, sirloin half, boneless, separable lean and fat, trimmed to 1/8"" fat, cooked, roasted",2.06,2.98,15,,0,0
"lamb,aus,imp,frsh,leg,sirl hlf,bnless,ln&ft,1/8""fat,ckd,rstd",2.06,2.98,15,,0,
"beef,chuck eye rst,bnless,america's bf rst,ln,0"" fat,sel,raw",2.21,2.98,19,0.1,0,3
"beef,ribeye petite roast/filet,bnless,ln,0"" fat,all grds,raw",2.28,2.98,5,0.1,0,4
"fish, tuna, light, canned in water, without salt, drained solids",1.53,2.99,11,,0,4
"tuna,lt,cnd in h2o,wo/salt,drnd sol",1.53,2.99,11,,0,4
"beef,chuck,mock tender steak,bnless,ln & fat,0"" fat,sel,raw",2.25,2.99,11,0.1,0,3
"fish, snapper, mixed species, raw",0.18,3,32,,1.6,5
"snapper,mixed species,raw",0.18,3,32,10.2,1.6,5
"seatrout,mxd sp,raw",0.27,3,17,,0,5
"fish, spot, raw",0.32,3,14,,0,5
"spot,raw",0.32,3,14,,0,5
"fish, eel, mixed species, raw",0.5,3,20,,1.8,15
"eel,mixed species,raw",0.5,3,20,23.3,1.8,15
"salmon,chum,raw",0.55,3,11,,0,4
"lamb,aus,imp,frsh,foreshank,ln&fat,1/8""fat,ckd,brsd",1.79,3,16,,0,
"beef,rnd,tip rnd,ln&fat,1/8""fat,choic,raw",1.99,3,5,,0,7
"beef,chuck,shrt ribs,bnless,ln & fat,0"" fat,all grds,raw",2.24,3,12,0.1,0,3
"beef,rib,sml end (ribs 10-12),ln&fat,0""fat,choic,ckd,brld",2.28,3,13,,0,7
"lamb,dom,shldr,arm,ln,1/4""fat,choic,ckd,brld",2.31,3,17,,0,23
"beef,chuck eye steak,bnless,ln,0"" fat,sel,raw",2.33,3,15,0.1,0,3
"cracker barrel,grilled sirloin steak",2.75,3,7,,,
"beef,comp of rtl cuts,ln,0""fat,sel,ckd",2.88,3,14,0.1,0,7
"cereals rte,oat bran flakes,health valley",2.88,3,80,0,120,327
"candies, mars snackfood us, cocoavia crispy chocolate bar",3.45,3,1070,,37.9,0
"candies,mars snackfood us,cocoavia crispy choc bar",3.45,3,1070,,37.9,200
"game meat, horse, raw",3.82,3,6,,1,0
"game meat,horse,raw",3.82,3,6,,1,
"mollusks, cuttlefish, mixed species, raw",6.02,3,90,,5.3,16
"cuttlefish,mxd sp,raw",6.02,3,90,,5.3,16
"cereals rte,kellogg,kellogg's raisin bran,cinn almond",7.8,3,47,1.8,2,172
"cereals rte,kellogg raisin bran w/ omega-3 from flaxseed",8.5,3,39,1.9,2,189
"protein supplement, milk based, muscle milk, powder",8.57,3,500,,30,340
"protein supp,milk bsd,muscle milk,pdr",8.57,3,500,5,30,340
"cereals ready-to-eat, general mills, fiber one, caramel delight",28.79,3,200,,12,1347
"cereals rte,general mills,fiber one,caramel delight",28.79,3,200,2,12,1347
"cereals ready-to-eat, kellogg, kellogg's frosted mini-wheats, little bites",28.89,3,29,0,0,594
"cereals rte,kellogg's frstd mini-wheats little bites,choc",28.89,3,33,0,0,594
"cereals rte,kellogg's frstd mini-whts tch frt in mdle,rasn",29.5,3,32,,0,364
"cereals rte,kellogg,kellogg's frstd mini-wheats,bite size",30,3,28,0,0,616
"lamb, australian, imported, fresh, shoulder, blade, separable lean only, trimmed to 1/8"" fat, raw",1.36,3.01,19,,0,0
"lamb,aus,imp,frsh,shldr,blade,ln,1/8""fat,raw",1.36,3.01,19,,0,
"lamb,aus,imp,frsh,shldr,whl (arm&bld),ln,1/8""fat,raw",1.42,3.01,18,,0,
"lamb,aus,imp,frsh,shldr,arm,ln,1/8""fat,raw",1.54,3.01,15,,0,
"lamb,aus,imp,frsh,leg,shank half,ln,1/8""fat,raw",1.61,3.01,7,,0,
"lamb,aus,imp,frsh,leg,whl (shk&sirl),ln,1/8""fat,raw",1.64,3.01,8,,0,
"lamb,aus,imp,frsh,leg,sirloin half,bnless,ln,1/8""fat,raw",1.75,3.01,10,,0,
"lamb, australian, imported, fresh, leg, sirloin chops, boneless, separable lean only, trimmed to 1/8"" fat, raw",1.94,3.01,9,,0,0
"lamb,aus,imp,frsh,leg,sirloin chops,bnless,ln,1/8""fat,raw",1.94,3.01,9,,0,
"lamb,aus,imp,frsh,leg,cntr slice,bone-in,ln,1/8""fat,raw",1.94,3.01,9,,0,
"beef,rnd,tip rnd,ln&fat,1/8""fat,all grds,raw",2,3.01,5,,0,7
"lamb,aus,imp,frsh,comp of rtl cuts,ln,1/8""fat,ckd",2.05,3.01,16,,0,
"beef,chk eye rst,bnls,a bf rst,ln & fat,0"",all grd,ckd,rstd",2.22,3.01,18,0.1,0,6
"beef,rib,sml end (ribs 10-12),ln&fat,0""fat,sel,ckd,brld",2.3,3.01,13,,0,7
"beef,chuck,mock tender steak,bnless,ln,0"" fat,sel,raw",2.26,3.02,11,0.1,0,3
"beef,chk,und bld, pot rst,bnl,ln & fat,0"" fat,all gr,ckd,br",2.68,3.02,14,0.1,0,6
"beef, chuck, under blade pot roast, boneless, separable lean and fat, trimmed to 0"" fat, all grades, cooked, braised",2.68,3.02,14,,0,6
"beef,ribeye cap steak,bnless,ln,0"" fat,choic,ckd,grilled",3.06,3.02,7,0.1,0,6
"beef,chuck,clod rst,ln only,to 1/4"" fat,all grds,ckd,rstd",3.09,3.02,7,,0,9
"beef,rnd,tip rnd,ln&fat,1/8""fat,sel,raw",2.02,3.03,5,,0,7
"lamb,aus,imp,frsh,leg,whl (shk&sirl),ln&fat,1/8""fat,ckd,rstd",2.03,3.03,11,,0,
"lamb,dom,cubed for stew (leg&shldr),ln,1/4""fat,ckd,brld",2.34,3.03,13,,0,23
"beef, chuck, under blade center steak, boneless, denver cut, separable lean and fat, trimmed to 0"" fat, all grades, raw",2.38,3.03,11,,0,3
"beef,chk,und bl cntr stk,bnl,den cut,ln & ft,0""ft,all gr, rw",2.38,3.03,11,0.1,0,3
"beef,chuck eye steak,bnless,ln & fat,0"" fat,all grds,ckd,gr",2.45,3.03,16,0.1,0,6
"beef, chuck eye steak, boneless, separable lean and fat, trimmed to 0"" fat, all grades, cooked, grilled",2.45,3.03,16,,0,6
"beef, round, full cut, separable lean and fat, trimmed to 1/8"" fat, choice, cooked, broiled",2.55,3.03,6,,0,9
"beef,rnd,full cut,ln&fat,1/8""fat,choic,ckd,brld",2.55,3.03,6,0.2,0,9
"beef,rnd,full cut,ln&fat,1/8""fat,sel,ckd,brld",2.56,3.03,6,,0,9
"lamb, australian, imported, fresh, leg, shank half, separable lean and fat, trimmed to 1/8"" fat, cooked, roasted",2.01,3.04,10,,0,0
"lamb,aus,imp,frsh,leg,shank half,ln&fat,1/8""fat,ckd,rstd",2.01,3.04,10,,0,
"salmon,atlantic,wild,ckd,dry heat",1.03,3.05,15,,0,29
"lamb,aus,imp,frsh,leg,sirl chps,bnless,ln&ft,1/8""ft,ckd,brld",2.34,3.05,14,,,
"cereals, ready-to-eat, malt-o-meal, blueberry mini spooners",29.45,3.05,33,0,0,848
"cereals,rte,malt-o-meal,blueberry mini spooners",29.45,3.05,33,0,0,848
"cheese,swiss",0.13,3.06,890,0,0,10
salami  ckd  bf,2.2,3.06,6,1.2,0,2
"beef,plate stk,bnlss,insde skrt,ln & fat,0"" fat,chc,ckd,grld",2.48,3.06,7,,0,7
"usda commodity, beef, ground bulk/coarse ground, frozen, cooked",3.01,3.06,9,,0,9
"usda commodity,bf,ground bulk/coarse ground,frz,ckd",3.01,3.06,9,,0,9
"game meat,deer,shldr clod,ln,ckd,brsd",5.01,3.06,6,0,0,11
"beef,rnd,knuckle,tip side,steak,ln & fat,0"" fat,all grds,raw",2.22,3.07,5,,0,7
"beef,chuck eye steak,bnless,ln,0"" fat,all grds,raw",2.28,3.07,15,0.1,0,3
"beef,chk eye cntry-style ribs,bnl,ln & fat,0"" fat,sel, ckd",2.46,3.07,15,0.1,0,7
"beef,chuck,clod rst,ln,0"" fat,all grds,ckd,rstd",3.2,3.07,7,,0,10
"beef,chuck,shrt ribs,bnless,ln & fat,0"" fat,sel,raw",2.15,3.09,12,0.1,0,3
"cereals rte,general mills,raisin nut bran",9.19,3.09,41,0,0.3,334
"cracker barrel,farm raised catfish platter",0.71,3.1,43,,0,
"crayfish,mxd sp,farmed,ckd,moist heat",1.11,3.1,51,,0.5,11
"sandwich spread,meatless",1.5,3.1,44,0,0,103
"beef, chuck eye country-style ribs, boneless, separable lean only, trimmed to 0"" fat, select, raw",2.08,3.1,15,,0,3
"beef,chuck eye country-style ribs,bnless,ln,0"" fat,sel,raw",2.08,3.1,15,0.1,0,3
"beef,chuck eye steak,bnless,ln,0"" fat,choic,raw",2.27,3.1,15,0.1,0,3
"beverage,inst brkfst pdr,choc,sugar-free,not recon",2.3,3.1,500,0,138,850
"lamb,aus,imp,frsh,leg,cntr slce,bne-in,ln&ft,1/8""ft,ckd,brld",2.38,3.1,14,,,
"beef,chk,undbl cntr stk,bnless,dencut,ln,0"" fa, all grd, raw",2.42,3.1,11,0.1,0,3
"beef,chk eye ctry-style ribs,bnl,ln & fat,0"" fat,all gr, ckd",2.49,3.1,16,0.1,0,7
"beef,plate stk,bnles,inside skirt,ln,0"" fat,choic,ckd,grld",2.51,3.1,7,0.1,0,7
"beef,chck,undr blde pot rst,bnls,ln & fat,0"",chc,ckd,brsd",2.68,3.1,14,0.2,0,
"beef,chuck,under blade steak,bnless,ln & fat,0"" fat,sel,ckd,",2.76,3.1,14,0.1,0,7
"cereals rte,kellogg,kellogg's cracklin' oat bran",3.7,3.1,59,2,31,334
"cereals ready-to-eat, kellogg, kellogg's cracklin' oat bran",3.7,3.1,59,0,31,334
"cereals rte,post great grains cranberry almond crunch",3.8,3.1,40,2.1,25,341
"beef,rib,eye,sml end (ribs 10-12),ln&fat,0""fat,choic,raw",1.87,3.11,10,,0,5
"lamb,dom,shldr,whl (arm&bld),ln,1/4""fat,choic,ckd,brld",2.19,3.11,21,0.1,0,23
"lamb, domestic, shoulder, whole (arm and blade), separable lean only, trimmed to 1/4"" fat, choice, cooked, broiled",2.19,3.11,21,,0,23
"beef,chk,und bl pot rst,bnless,ln,0"" fat,all grds,ckd, brsd",2.34,3.11,12,0.1,0,3
"beef,chk,mock ten stk,bnl,ln & fat,0"" fat,all grds, ckd",2.43,3.11,11,0.1,0,3
"beef,chk eye cntry-styl ribs,bnl,ln & fat,0"" fat,choice, ckd",2.51,3.12,16,0.2,0,7
"beef, chuck eye country-style ribs, boneless, separable lean and fat, trimmed to 0"" fat, choice, cooked, braised",2.51,3.12,16,,0,7
"beef,chuck,mock tender steak,bnless,ln,0"" fat,all grds,raw",2.44,3.13,11,0.1,0,3
"beef, chuck, mock tender steak, boneless, separable lean only, trimmed to 0"" fat, all grades, raw",2.44,3.13,11,,0,3
"beef,var meats&by-products,tongue,ckd,simmrd",2.61,3.13,5,0.4,1.3,7
"lamb,nz,imp,frz,shldr,whl (arm&bld),ln & fat,1/8"",raw",1.36,3.14,17,,0,1
"beef,chuck eye steak,bnless,ln & fat,0"" fat,sel,ckd,grilled",2.42,3.14,17,0.1,0,6
"beef,ribeye filet,bnless,ln,0"" fat,choic,ckd,grilled",2.76,3.15,6,0.1,0,7
"beef,ribeye cap steak,bnless,ln,0"" fat,all grds,ckd,grilled",3.07,3.15,7,0.1,0,6
"beef,chuck,clod rst,ln & fat,0"" fat,sel,ckd,rstd",3.09,3.15,7,0.1,0,10
"game meat,horse,ckd,rstd",5.03,3.16,8,,2,
"salmon,coho,farmed,ckd,dry heat",0.39,3.17,12,,1.5,14
"beef,rnd,knuckle,tip side,steak,ln & fat,0"" fat,choic,raw",2.14,3.17,5,,0,7
"beef,ribeye petite roast/filet,bnless,ln,0"" fat,choic,raw",2.27,3.17,5,0.1,0,4
"beef,rnd,full cut,ln,1/4""fat,choic,ckd,brld",2.7,3.17,5,0.1,0,10
"beef,rnd,full cut,ln,1/4""fat,sel,ckd,brld",2.71,3.17,5,,0,10
"beef, round, full cut, separable lean only, trimmed to 1/4"" fat, select, cooked, broiled",2.71,3.17,5,,0,10
"salmon,atlantic,wild,raw",0.8,3.18,12,,0,25
"fish, pollock, atlantic, raw",0.46,3.19,60,,0,3
"pollock,atlantic,raw",0.46,3.19,60,1,0,3
"lamb,aus,imp,frsh,leg,shank half,ln,1/8""fat,ckd,rstd",2.13,3.19,8,,0,
"lamb,aus,imp,frsh,leg,whl (shk&sirl),ln,1/8""fat,ckd,rstd",2.15,3.19,9,,0,
"lamb,aus,imp,frsh,leg,sirl half,bnless,ln,1/8""fat,ckd,rstd",2.24,3.19,13,,0,
"lamb, australian, imported, fresh, leg, sirloin chops, boneless, separable lean only, trimmed to 1/8"" fat, cooked, broiled",2.48,3.19,13,,0,0
"lamb,aus,imp,frsh,leg,cntr slice,bone-in,ln,1/8""fat,ckd,brld",2.48,3.19,13,,0,
"lamb,aus,imp,frsh,leg,sirl chops,bnless,ln,1/8""fat,ckd,brld",2.48,3.19,13,,0,
"beef,chk,mock tender steak,bnless,ln & fat,0"" fat,choic,raw",2.5,3.19,11,0.1,0,3
"beef, chuck, under blade steak, boneless, separable lean and fat, trimmed to 0"" fat, all grades, cooked, braised",2.8,3.19,14,,0,7
"beef,chuck,under blade steak,bnless,ln & fat,0"" fat,all grds",2.8,3.19,14,0.1,0,7
"lamb,aus,imp,frsh,foreshank,ln,1/8""fat,ckd,brsd",1.91,3.2,14,,0,
"beef,chuck eye steak,bnless,ln,0"" fat,choic,ckd,grilled",2.88,3.2,16,0.1,0,7
pate  truffle flavor,3.94,3.2,70,,2,60
"pate,liver,not specified,cnd",5.5,3.2,70,,2,60
"cereals rte,general mills,berry berry kix",23.7,3.2,421,3.2,18.9,881
"cereals rte,general mills,wheat chex",30.6,3.2,213,2.1,12.8,1433
"beef,chuck,clod rst,ln,1/4"" fat,all grds,raw",2.35,3.21,6,,0,7
"beef,ribeye cap steak,bnless,ln,0"" fat,choic,raw",2.64,3.21,6,0.1,0,3
"beef, ribeye cap steak, boneless, separable lean only, trimmed to 0"" fat, choice, raw",2.64,3.21,6,,0,3
"beef,chk eye rst,bnls,a bf rst,ln & fat,0"",ch,ckd,rstd",2.28,3.22,18,0.1,0,6
"beef, chuck eye roast, boneless, america's beef roast, separable lean and fat, trimmed to 0"" fat, choice, cooked, roasted",2.28,3.22,18,,0,6
"beef,chk,und ble cntr stk,bnl,den cut,ln & ft,0""ft, sel,rw",2.38,3.22,11,0.1,0,3
"beef,chuck,mock tender steak,bnless,ln,0"" fat,choic,raw",2.51,3.22,11,0.1,0,3
"beef,chuck,under blade pot rst,bnless,ln,0"" fat,sel,ckd,brsd",3.18,3.22,14,0.1,0,7
"beef,chuck,clod rst,ln,0"" fat,sel,ckd,rstd",3.19,3.22,7,0.1,0,10
"snacks,granola bar,kashi golean,crunchy,mxd flavors",5.2,3.22,434,0,19.3,264
"fish, salmon, atlantic, farmed, raw",0.34,3.23,9,,3.9,26
"salmon,atlantic,farmed,raw",0.34,3.23,9,11,3.9,26
"soup,clam chowder,manhattan,cnd,cond",1.3,3.23,19,,3.2,8
"bf,rnd,knuckle,tip cntr,stk,ln & fat,0"" fat,all,ckd,grld",2.51,3.23,5,,0,10
"beef,loin,top sirloin petite rst/filet,bnls,ln,0"" fat,chc,rw",2.23,3.24,5,0.1,0,4
"beef,chk eye country-style ribs,bnls,ln,0"" fat,all grds, raw",2.24,3.24,15,0.1,0,3
"beef,chk eye rst,bnl,america's bf rst,ln,0"" fat,all grd, ckd",2.47,3.24,19,0.1,0,6
"milk,dry,whl,wo/ added vitamin d",0.47,3.25,912,0.5,8.6,37
"milk,dry,whl,w/ added vitamin d",0.47,3.25,912,10.5,8.6,37
"milk, dry, whole, without added vitamin d",0.47,3.25,912,,8.6,37
"lamb,aus,imp,frsh,shldr,arm,ln&fat,1/8""fat,ckd,brsd",2.42,3.25,27,,0,
"beef,ribeye filet,bnless,ln,0"" fat,all grds,ckd,grilled",2.77,3.25,6,0.1,0,7
"beef, ribeye filet, boneless, separable lean only, trimmed to 0"" fat, all grades, cooked, grilled",2.77,3.25,6,,0,7
"beef,chuck,under blade steak,bnless,ln & fat,0"" fat,choic,ck",2.82,3.25,14,0.2,0,7
"whitefish,mxd sp,smoked",0.5,3.26,18,12.8,0,7
"salmon,chinook,smoked",0.85,3.26,11,17.1,0,2
"salmon,chinook,smoked,(lox),reg",0.85,3.26,11,,0,2
"beef,chck,und bl pot rst or steak,bnless,ln,0"" fat,choic,raw",2.27,3.26,12,0.1,0,4
"pork,frsh,var meats&by-products,spleen,raw",22.32,3.26,10,,28.5,4
"pork, fresh, variety meats and by-products, spleen, raw",22.32,3.26,10,,28.5,4
"milkfish,cooked,dry heat",0.41,3.27,65,,0,18
"beef,chuck eye country-style ribs,bnless,ln,0"" fat,choic,raw",2.31,3.27,15,0.1,0,3
"beef,shldr steak,bnless,ln & fat,0"" fat,choic,ckd,grilled",2.9,3.27,12,0.1,0,7
"beef,rnd,top rnd,ln&fat,1/8""fat,choic,ckd,pan-fried",2.97,3.28,6,0.2,0,12
"lamb, australian, imported, fresh, shoulder, whole (arm and blade), separable lean and fat, trimmed to 1/8"" fat, cooked",1.78,3.29,28,,0,0
"lamb,aus,imp,frsh,shldr,whl (arm&bld),ln&fat,1/8""fat,ckd",1.78,3.29,28,,0,
"beef,chuck,shrt ribs,bnless,ln & fat,0"" fat,sel,ckd,brsd",2.76,3.29,14,0.1,0,6
"soup,clam chowder,manhattan style,cnd,chunky,rts",1.1,3.3,28,0,5.1,4
"loma linda little links,cnd,unprep",1.5,3.3,19,,0,
"lamb,aus,imp,frsh,shldr,blade,ln&fat,1/8""fat,ckd,brld",1.58,3.3,28,,0,
"worthington prime stakes,cnd,unprep",2,3.3,15,,0,
"worthington prime stakes, canned, unprepared",2,3.3,15,,0,0
"beef, shoulder steak, boneless, lean only, 0"", choice, grill",2.95,3.3,12,0.1,0,7
"worthington meatless corned bf roll,frz,unprep",3.3,3.3,24,0,0,
"worthington meatless corned beef roll, frozen, unprepared",3.3,3.3,24,0,0,0
"beef,flank,steak,ln & fat,0"" fat,choic,ckd,brsd",3.33,3.3,6,,0,9
"beef,chk,und bl cntr stk,bnless,den cut,ln,0"" fa, sel, raw",2.43,3.32,11,0.1,0,3
"beef,chuck,shrt ribs,bnless,ln,0"" fat,choic,raw",2.53,3.32,11,0.1,0,3
"beef,rib,sml end (ribs 10-12),ln,0""fat,sel,ckd,brld",2.57,3.32,13,,0,8
"beef,rib,sml end (ribs 10-12),ln,0""fat,choic,ckd,brld",2.57,3.32,13,,0,8
"crab,blue,canned",0.5,3.33,91,0,3.3,51
"crab,blue,ckd,moist heat",0.5,3.33,91,0,3.3,51
"veal,var meats&by-products,thymus,raw",1.05,3.33,3,,49.2,22
"beef,shank crosscuts,ln,1/4""fat,choic,raw",2.32,3.33,20,,0,8
"babyfood,crl,oatmeal,w/ bananas,dry",45,3.33,800,0,58.3,259
"babyfood,crl,whl wheat,w/ appls,dry fort",45,3.33,600,0,58.3,265
"beef,loin,tenderloin rst,bnless,ln & fat,0"" fat,choic,raw",2.52,3.34,14,0.1,0,3
"beef,top sirloin,steak,ln & fat,1/8"" fat,choic,ckd,pan-fried",3.42,3.34,12,0.3,0,9
"beef,shldr pot rst,bnless,ln & fat,0"" fat,choic,ckd,brsd",3.7,3.34,13,0.1,0,8
"beef,shldr pot rst,bnless,ln & fat,0"" fat,all grds,ckd,brsd",3.53,3.35,13,0.1,0,8
"beef,chuck,blade rst,ln&fat,1/8""fat,choic,raw",2.01,3.36,10,,0,5
"beef,loin,tenderloin steak,bnless,ln & fat,0"" fat,choic,raw",2.53,3.36,14,0.1,0,3
"beef,loin,top sirlin petite rst,bnls,ln,0"" fat,choc,ckd,rstd",2.77,3.36,5,0.1,0,7
"beef,ribeye cap steak,bnless,ln,0"" fat,sel,ckd,grilled",3.22,3.36,6,0.1,0,6
"beef,shldr pot rst,bnless,ln & fat,0"" fat,sel,ckd,brsd",3.29,3.36,13,0.1,0,8
"beef,chuck eye steak,bnless,ln,0"" fat,all grds,ckd,grilled",2.87,3.37,17,0.1,0,7
"beef,chck,mck tender stk,ln & fat,0"" fat,usda choic,ckd,brld",3.02,3.37,8,,0,8
"beef,chuck,mock tender steak,ln,0"" fat,choic,ckd,brld",3.02,3.37,8,,0,8
"beef,tenderloin,rst,ln & fat,1/8"" fat,choic,ckd,rstd",3.11,3.37,9,,0,8
"beef,chuck,under blade steak,bnless,ln,0"" fat,sel,ckd,brsd",3.15,3.37,14,0.1,0,8
"beverages, , pepsico quaker, gatorade g2, low calorie",0,3.38,0,,0,0
"beverages,pepsico quaker,gatorade g2,lo cal",0,3.38,0,0,0,0
"beef, chuck, top blade, separable lean and fat, trimmed to 0"" fat, choice, cooked, broiled",2.77,3.38,7,,0,8
"beef,chuck,top blade,ln & fat,0"" fat,choic,ckd,brld",2.77,3.38,7,,0,8
"beef,shldr pot rst,bnless,ln,0"" fat,choic,ckd,brsd",3.76,3.38,13,0.1,0,8
"beef,rib,shortribs,ln only,choic,raw",2.16,3.39,8,,0,6
"beef,shldr steak,bnless,ln & fat,0"" fat,all grds,ckd,grilled",2.9,3.39,12,0.1,0,7
"beef,chuck,mock tender stk,ln,0"" fat,all grds,ckd,brld",2.93,3.39,8,,0,8
"beef,chuck,mock tender stk,ln & fat,0"" fat,all grds,ckd,brld",2.93,3.39,8,,0,8
"beef,chuck,und bl pot rst,bnless,ln,0"" fat,all grds,ckd",3.19,3.39,14,0.1,0,8
"beef,shldr pot rst,bnless,ln,0"" fat,all grds,ckd,brsd",3.6,3.39,13,0.1,0,8
"beverages,acai berry drk,fort",0.16,3.4,19,0,42.1,4
"milkfish,raw",0.32,3.4,51,,0,16
"beef,chuck,blade rst,ln&fat,1/8""fat,all grds,raw",2.04,3.4,10,,0,5
"lamb,nz,imp,frz,shldr,whl (arm&bld),ln&fat,ckd,brsd",2.11,3.4,27,,0,1
"beef,loin,tenderloin rst,bnless,ln,0"" fat,choic,raw",2.55,3.4,13,0.1,0,3
"beef,loin,tenderloin steak,bnless,ln,0"" fat,choic,raw",2.55,3.4,13,0.1,0,3
"beef,chuck eye country-style ribs,bnless,ln,0"" fat,sel,ckd,b",2.86,3.4,16,0.1,0,8
"worthington chic-ketts,frz,unprep",3.2,3.4,39,0,0,7
"worthington stripples, frozen, unprepared",3.6,3.4,42,,0,0
"worthington stripples,frz,unprep",3.6,3.4,42,,0,
"morningstar farms brkfst bacon strips,frz,unprep",3.6,3.4,42,0,0,
"beef, shoulder pot roast, boneless, separable lean only, trimmed to 0"" fat, select, cooked, braised",3.36,3.41,13,,0,8
"beef,shldr pot rst,bnless,ln,0"" fat,sel,ckd,brsd",3.36,3.41,13,0.1,0,8
"beef,flank,steak,ln,0"" fat,choic,ckd,brsd",3.47,3.41,6,0.2,0,9
"beef,ribeye filet,bnless,ln,0"" fat,sel,ckd,grilled",3.56,3.41,6,0.1,0,7
"beef,chuck,mock tender stk,ln & fat,0"" fat,usda sel,ckd,brld",2.8,3.42,7,,0,8
"beef,chuck,mock tender steak,ln,0"" fat,sel,ckd,brld",2.8,3.42,7,,0,8
"beef, chuck, top blade, separable lean only, trimmed to 0"" fat, choice, cooked, broiled",2.81,3.42,7,,0,8
"beef,chuck,top blade,ln,0"" fat,choic,ckd,brld",2.81,3.42,7,,0,8
"beef,loin,top sirloin filet,bnless,ln,0"" fat,sel,ckd,grilled",3.19,3.42,6,0.1,0,7
"beef,chuck,shrt ribs,bnless,ln,0"" fat,all grds,raw",2.45,3.43,12,0.1,0,3
"beef,shldr steak,bnless,ln,0"" fat,all grds,ckd,grilled",2.94,3.43,12,0.1,0,7
"fish, smelt, rainbow, raw",0.9,3.44,60,,0,4
"smelt,rainbow,raw",0.9,3.44,60,0.8,0,4
"veal,shldr,blade chop,ln & fat,ckd,grilled",1.59,3.44,24,1.3,0,6
"beef, chuck, blade roast, separable lean and fat, trimmed to 1/8"" fat, select, raw",2.07,3.44,10,,0,5
"beef,chuck,blade rst,ln&fat,1/8""fat,sel,raw",2.07,3.44,10,,0,5
"beef,chuck,shrt ribs,bnless,ln & fat,0"" fat,all grds,ckd,brs",2.7,3.45,14,0.1,0,6
"beef,cured,brkfst strips,ckd",3.14,3.45,9,0.2,0,8
"elk,free range,ground,raw (shoshone bannock)",7.17,3.45,4,,,
"seatrout,mxd sp,ckd,dry heat",0.35,3.46,22,,0,6
"spot,cooked,dry heat",0.41,3.46,18,,0,6
"salmon,chum,ckd,dry heat",0.71,3.46,14,,0,5
"beef,chk eye rst,bnless,america's bf rst,ln,0"" fat,choic,ckd",2.52,3.46,18,0.1,0,6
"beef, chuck eye roast, boneless, america's beef roast, separable lean only, trimmed to 0"" fat, choice, cooked, roasted",2.52,3.46,18,,0,6
"beef,chk,und ble cntr stk,bnl,den ct,ln&ft, 0"" ft,ch,ckd,gld",3.27,3.46,12,0.1,0,6
"beef,rib,shortribs,ln,choic,ckd,brsd",3.36,3.46,11,0.3,0,7
"lamb,nz,imp,frz,shdr,whl (arm&bld),ln & fat,1/8"",ckd,brsd",2.16,3.47,27,,0,1
"beef,loin,tenderloin rst,bnless,ln & fat,0"" fat,all grds,raw",2.48,3.47,14,0.1,0,3
"bf,chk eye cntry-stl ribs,bnls,ln,0"" fat,all grds, ckd, brsd",2.93,3.47,17,0.1,0,8
"beef,loin,tenderloin steak,bnless,l & f,0"" fat,all grds,raw",2.49,3.48,14,0.1,0,3
"beef,chuck,und bl steak,bnls,ln,0"" fat,all grds,ckd,brsd",3.21,3.48,14,0.1,0,8
"beverages,whey prot pdr isolate",1.26,3.49,698,0,34.9,395
"snapper,mxd sp,ckd,dry heat",0.24,3.5,40,,1.6,6
"spiny lobster,mxd sp,raw",1.22,3.5,49,,2,1
"usda commodity,bf,patties (100%),frz,ckd",2.55,3.5,8,,0,8
"beef,chuck eye steak,bnless,ln,0"" fat,sel,ckd,grilled",2.81,3.5,19,0.1,0,7
"beef,chk,under blade pot rst,bnless,ln,0"" fat,choic,ckd,brsd",3.2,3.5,14,0.1,0,7
"beef, chuck, under blade pot roast, boneless, separable lean only, trimmed to 0"" fat, choice, cooked, braised",3.2,3.5,14,,0,7
"worthington lofat fri chik,cnd,unprep",3.2,3.5,35,,0,
"beef,chuck,top blade,ln & fat,0"" fat,all grds,ckd,brld",2.76,3.51,7,,0,8
"beef,chuck eye country-style ribs,bnless,ln,0"" fat,choic,ckd",2.97,3.51,17,0.2,0,8
"egg substitute,powder",3.16,3.52,326,0,0.8,125
"veal,ground,ckd,pan-fried",1.5,3.53,18,1.4,0,6
"beef, loin, tenderloin roast, boneless, separable lean only, trimmed to 0"" fat, all grades, raw",2.5,3.53,13,,0,4
"beef,loin,tenderloin rst,bnless,ln,0"" fat,all grds,raw",2.5,3.53,13,0.1,0,4
"beef,loin,tenderloin steak,bnless,ln,0"" fat,all grds,raw",2.5,3.53,13,0.1,0,4
"beef,chuck,shrt ribs,bnless,ln & fat,0"" fat,choic,ckd,brsd",2.67,3.55,14,0.2,0,6
"beef,chuck,under blade steak,bnless,ln,0"" fat,choic,ckd,brsd",3.25,3.55,14,0.2,0,8
"lamb, australian, imported, fresh, shoulder ,blade, separable lean only, trimmed to 1/8"" fat, cooked, broiled",1.67,3.56,28,,0,0
"lamb,aus,imp,frsh,shldr,blade,ln,1/8""fat,ckd,brld",1.67,3.56,28,,0,
"lamb,aus,imp,frsh,shldr,whl (arm&bld),ln,1/8""fat,ckd",1.9,3.56,28,,0,
"beef, chuck, shoulder clod, shoulder top and center steaks, separable lean and fat, trimmed to 0"" fat, choice, raw",2.14,3.56,4,,0,7
"beef,chuck,shldr clod,top & cntr ,stk,ln & fat,0"" fat,ch,raw",2.14,3.56,4,,0,7
"beef,chuck,shrt ribs,bnless,ln,0"" fat,sel,raw",2.34,3.56,12,0.1,0,3
"lamb,aus,imp,frsh,shldr,arm,ln,1/8""fat,ckd,brsd",2.71,3.56,27,,0,
"beef,top loin filet,bnless,ln,1/8"" fat,choic,ckd,grilled",2.04,3.57,17,0.1,0,7
"beef,rib,eye,sml end (ribs 10-12),ln,0""fat,choic,raw",2.18,3.57,10,,0,6
"beef,chuck,top blade,ln only,to 0"" fat,all grds,ckd,brld",2.81,3.57,7,,0,8
"beef,shldr steak,bnless,ln & fat,0"" fat,sel,ckd,grilled",2.89,3.57,12,0.1,0,7
"babyfood,crl,barley,dry fort",48.21,3.57,643,7.1,0,287
"usda commodity,bf patties w/vpp,frz,raw",2.66,3.59,29,,0,
"lingcod,raw",0.32,3.6,14,,0,9
"turkey,gizzard,all classes,raw",2.78,3.61,16,0.5,6.2,6
"beef,rnd,outside rnd,bttm rnd,steak,ln & fat,0"" fat,sel,raw",2.91,3.61,5,,0,6
"beef,shldr steak,bnless,ln,0"" fat,sel,ckd,grilled",2.94,3.62,12,0.1,0,7
"game meat,deer,tenderloin,ln,ckd,brld",4.25,3.62,5,,0,9
"beef,top loin filet,bnless,ln & fat,1/8"" fat,choic,ckd,grild",3.23,3.63,7,0.2,0,7
"fish,salmon,king,w/ skn,kippered,(alaska native)",0.55,3.65,55,1.2,0,3
"beef,loin,top sirloin filet,bnls,ln,0"" fat,all grds,ckd,grld",2.9,3.65,6,0.1,0,7
"beef, loin, top sirloin filet, boneless, separable lean only, trimmed to 0"" fat, all grades, cooked, grilled",2.9,3.65,6,,0,7
"fish,pollock,alaska,ckd,dry heat (maybe previously frozen)",0.56,3.66,72,1.3,0,3
"veal,shldr,blade chop,ln,ckd,grilled",1.65,3.66,21,1,0,7
"beef,chuck,shrt ribs,bnless,ln,0"" fat,sel,ckd,brsd",3.21,3.66,14,0.1,0,7
"beef,loin,tenderloin rst,bnless,ln & fat,0"" fat,sel,raw",2.46,3.67,14,0.1,0,4
"beef,loin,tenderloin steak,bnless,ln & fat,0"" fat,sel,raw",2.47,3.67,14,0,0,4
"pollock,atlantic,ckd,dry heat",0.59,3.68,77,,0,3
"beef,chk,und bl cntr stk,bnl,den cut,ln & fat, all gr, ckd",3.26,3.68,13,0.1,0,6
"worthington meatless chick roll,frz,unprep",3.8,3.7,272,,0,
"morningstar farms brkfst sausage patties,frz,unprep",4.5,3.7,44,,0,
"morningstar farms breakfast sausage patties, frozen, unprepared",4.5,3.7,44,,0,0
"lamb,nz,imp,frz,shldr,whl (arm&bld),ln,ckd,brsd",2.34,3.71,27,,0,0
"beef, chuck, top blade, separable lean and fat, trimmed to 0"" fat, select, cooked, broiled",2.74,3.71,7,,0,9
"beef,chuck,top blade,ln & fat,0"" fat,sel,ckd,brld",2.74,3.71,7,,0,9
"beef,top loin petite rst,bnless,ln,1/8"" fat,choic,ckd,rstd",2.02,3.72,17,0.1,0,7
"beef,loin,tenderloin rst,bnless,ln,0"" fat,sel,raw",2.48,3.72,14,0.1,0,4
"beef,loin,tenderloin steak,bnless,ln,0"" fat,sel,raw",2.48,3.72,14,0.1,0,4
"beef,ribeye petite rst,bnless,ln,0"" fat,choic,ckd,rstd",2.65,3.72,5,0.1,0,7
"beef, plate, inside skirt steak, separable lean and fat, trimmed to 0"" fat, all grades, cooked, broiled",2.77,3.72,11,,0,7
"beef,plate,skirt steak,ln & fat,0"" fat,all grds,ckd,brld",2.77,3.72,11,,0,7
"beef,chuck,under blade cntr steak,bnless,denver cut,ln,0"" fa",3.31,3.73,14,0.1,0,6
"beef, chuck, under blade center steak, boneless, denver cut, separable lean only, trimmed to 0"" fat, all grades, cooked, grilled",3.31,3.73,14,,0,6
"beverages,energy drk,rockstar",0.05,3.77,1,0,0,0
"beef,top loin peti rst,bnls,ln & fat,1/8"" fat,choic,ckd,rstd",3.29,3.77,7,0.2,0,7
"beef,loin,top sirlon ptit rst,bls,ln,0"" fat,al grds,ckd,rstd",2.75,3.78,5,0.1,0,7
"beef,chuck,top blade,ln,0"" fat,sel,ckd,brld",2.8,3.78,7,,0,9
"beef,var meats&by-products,tongue,raw",2.95,3.79,6,,3.1,7
"beef,shank crosscuts,ln,1/4""fat,choic,ckd,simmrd",3.86,3.79,32,,0,10
"pork, fresh, variety meats and by-products, heart, raw",4.68,3.79,5,,5.3,4
"pork,frsh,var meats&by-products,heart,raw",4.68,3.79,5,,5.3,4
"pork,frsh,var meats&by-products,heart,ckd,brsd",5.83,3.79,7,,2,4
"beef,plate,inside skirt steak,ln,0"" fat,all grds,ckd,brld",2.83,3.8,11,,0,7
"beef,loin,top sirloin filet,bnless,ln,0"" fat,choic,ckd,grild",2.89,3.8,6,0.1,0,7
"worthington wham (roll), frozen, unprepared",3.3,3.8,45,,0,0
"worthington wham (roll),frz,unprep",3.3,3.8,45,,0,
"beef,var meats&by-products,lungs,raw",7.95,3.81,10,,38.5,11
"milk,buttermilk,dried",0.3,3.82,1184,0.5,5.7,47
"bass,striped,raw",0.84,3.82,15,,0,9
"fish, bass, striped, raw",0.84,3.82,15,,0,9
"bf,rnd,knuckle,tip cntr,steak,ln & fat,0"" fat,se,ckd,grilled",2.49,3.83,5,,0,10
"bf,rnd,out rnd,bttm rnd,stk,ln & fat,0"" fat,ch,ckd,grilled",2.92,3.83,5,,0,7
"veal,var meats&by-products,lungs,raw",5.23,3.83,7,,39,11
"beef,rnd,top rnd,ln,1/8"" fat,choic,ckd,pan-fried",3.4,3.9,6,0.1,0,14
"worthington veja-links,cnd,unprep",3.5,3.9,23,,0,
"worthington lofat veja-links,cnd,unprep",3.5,3.9,20,,0,
"turkey,gizzard,all classes,ckd,simmrd",3.68,3.91,17,0,6.3,13
"beef,top loin filet,bnless,ln,1/8"" fat,all grds,ckd,grilled",2.06,3.92,17,0.1,0,7
"beef,chuck,shrt ribs,bnless,ln,0"" fat,all grds,ckd,brsd",3.2,3.92,14,0.1,0,7
"bf,chuck,clod,top & cntr,steak,ln & fat,0"" fat,all grds,raw",2.31,3.93,4,,0,7
"lamb,var meats&by-products,lungs,raw",6.4,3.93,10,,31,12
"beef,nz,imp,var meats & by-products,tongue,ckd,bld",2.52,3.95,5,0.3,0,
"beef,top loin filet,bnls,ln & fat,1/8"" fat,all grds,ckd,grld",3.3,3.96,7,0.2,0,7
"smelt,rainbow,ckd,dry heat",1.15,3.97,77,,0,5
"bf,chk,cld,shldr tndr,medallion,ln & fat,0"" fat,all grds,raw",1.95,3.97,5,,0,7
"beef, chuck, shoulder clod, shoulder tender, medallion, separable lean and fat, trimmed to 0"" fat, all grades, raw",1.95,3.97,5,,0,7
"milk,dry,nonfat,ca red",0.32,3.98,280,,6.7,50
"bf,chk,clod,shldr tender,medallion,ln & fat,0"" fat,choic,raw",2.01,3.98,5,,0,7
"beef,loin,tenderloin rst,bnless,l & f,0"" fat,choic,ckd,rstd",3.24,3.98,14,0.1,0,7
"milk,dry,nonfat,inst,wo/ added vit a & vitamin d",0.31,3.99,1231,0,5.6,50
"milk, dry, nonfat, instant, with added vitamin a and vitamin d",0.31,3.99,1231,,5.6,50
"milk,dry,nonfat,inst,w/ added vit a & vitamin d",0.31,3.99,1231,11,5.6,50
"cereals rte,kellogg,kellogg's spl k lofat granola",,4,40,1.9,1,444
"luncheon slices,meatless",1.8,4,41,0,0,100
"cereals rte,malt-o-meal,choc marshmllw mateys",24,4,267,3.3,16,893
"beef,ribeye petite rst,bnless,ln,0"" fat,all grds,ckd,rstd",2.68,4.01,6,0.1,0,7
"beef,loin,tenderloin rst,bnless,ln,0"" fat,choic,ckd,rstd",3.25,4.01,14,0.1,0,7
"milk,dry,nonfat,reg,w/ added vit a & vitamin d",0.32,4.03,1257,11,6.8,50
"milk,dry,nonfat,reg,wo/ added vit a & vitamin d",0.32,4.03,1257,0,6.8,50
"bf,rnd,out rnd,bttm rnd,stk,ln & fat,0"" fat,all grds,ck,grld",2.99,4.03,5,,0,7
"spiny lobster,mxd sp,ckd,moist heat",1.41,4.04,63,,2.1,1
"beef,rnd,knuckle,tip cntr,steak,ln & fat,0"" fat,choic,raw",1.94,4.04,5,,0,11
"beef, round, knuckle, tip center, steak, separable lean and fat, trimmed to 0"" fat, choice, raw",1.94,4.04,5,,0,11
"bf,rnd,knuckle,tip side,steak,ln & fat,0"" fat,se,ckd,grilled",2.98,4.04,5,,0,8
"beef, chuck, short ribs, bnl, 0"" fat, choice, cked, br",3.19,4.06,14,0.2,0,7
"beef,loin,tndrln rst,bnless,l & f,0"" fat,all grds,ckd,rstd",3.2,4.06,13,0.1,0,7
"beef,loin,tenderloin stk,bnless,l & f,0"" f,choic,ckd,grlled",3.32,4.08,14,0.1,0,7
"form bar,mars snackfood us,cocoavia,choc blueberry",1.88,4.09,1207,0,42.4,464
"beef,top loin petite rst,bnlss,ln,1/8"" fat,all grds,ckd,rstd",2.02,4.09,17,0.1,0,7
"beef,loin,tenderloin rst,bnless,ln,0"" fat,all grds,ckd,rstd",3.22,4.09,13,0.1,0,7
"candies,mars snackfood us,cocoavia choc bar",3.47,4.09,1164,,42.6,273
"beef,loin,tndrln steak,bnless,l & f,0"" f,a grds,ckd,grilled",3.24,4.1,13,0.1,0,7
"canada goose,breast meat,skinless,raw",5.91,4.1,4,,0,
"trout,rainbow,farmed,ckd,dry heat",0.36,4.11,30,19,2.9,12
"beef,top loin pet rst,bnls,ln & fat,1/8"" fat,al gds,ckd,rstd",3.3,4.11,7,0.2,0,6
"beef,loin,toploinstk,bnls,lip off,ln ft,0"" ft,chc,ckd,grld",3.37,4.11,14,0.1,0,7
"salmon,pink,raw",0.38,4.15,7,10.9,0,4
"lingcod,cooked,dry heat",0.41,4.15,18,,0,10
"beef,loin,tenderloin stk,bnless,l & f,0"" fat,sel,ckd,grilled",3.02,4.15,13,0.1,0,7
"salmon,coho,wild,raw",0.56,4.17,36,9,1,9
"beef, plate, outside skirt steak, separable lean and fat, trimmed to 0"" fat, all grades, cooked, broiled",2.58,4.17,11,,0,7
"beef,plate,outside skirt,ln & fat,0"" fat,all grds,ckd,brld",2.58,4.17,11,,0,7
"bf,rnd,knuck,tip side,stk,ln & fat,0"" fat,all grds,ckd,grld",2.77,4.18,5,,0,8
"beef,loin,tenderloin rst,bnless,ln & fat,0"" fat,sel,ckd,rstd",3.03,4.18,13,0.1,0,7
vegetarian fillets,2,4.2,95,0,0,102
"fish sticks, meatless",2,4.2,95,,0,102
"form bar,zone perfect classic crunch bar,mxd flavors",3.6,4.2,200,0,120,272
"worthington veg steaks,cnd,unprep",3.8,4.2,6,,0,
"schiff,tiger's milk bar",10.28,4.2,429,0,16.8,55
"protein supplement, milk based, muscle milk light, powder",12,4.2,1200,,42,476
"protein supp,milk bsd,muscle milk lt,pdr",12,4.2,1200,7,42,476
"beef,loin,tenderloin rst,ln,bnless,0"" fat,sel,ckd,rstd",3.04,4.21,13,0.1,0,7
"beef,chk,undbl cntr stk,bnl,den ct,ln&fat, 0"" ft,sel,ckd,gld",3.31,4.22,16,0.1,0,6
"mackerel,pacific&jack,mxd sp,ckd,dry heat",1.49,4.23,29,11.4,2.1,2
"bf,rnd,knuckle,tip side,steak,ln & fat,0"" fat,ch,ckd,grilled",2.67,4.25,5,,0,8
"beef, loin, top loin steak, boneless, lip off, separable lean and fat, trimmed to 0"" fat, all grades, cooked, grilled",3.41,4.25,14,,0,7
"beef,loin,toploinstk,bnls,lipoff,ln ft,0"" ft,allgrd,ckd,grld",3.41,4.25,14,0.1,0,7
"elk,free range,ground,ckd patties (shoshone bannock)",9.06,4.25,5,,0,1
"cisco,smoked",0.49,4.26,26,13.3,0,2
"herring,atlantic,pickled",1.22,4.27,77,2.8,0,2
"beef,chk,und bl cntr stk,bnless,den cut,ln,0"" fa, sel, ckd",3.37,4.28,16,0.1,0,6
"beef,shldr top blade steak,bnless,ln & fat,0"" fat,choic,raw",2.5,4.29,12,0.1,0,3
"beef,loin,tenderloin steak,bnless,ln,0"" fat,sel,ckd,grilled",3.11,4.29,13,0.1,0,7
"beef,chuck,mock tender steak,bnless,ln & fat,0"" fat,choic,ck",3.38,4.29,15,0.1,0,8
"beef, chuck, mock tender steak, boneless, separable lean and fat, trimmed to 0"" fat, choice, cooked, braised",3.38,4.29,15,,0,8
"cereals rte,general mills,rice crunchins",5.14,4.29,0,7.1,42.9,286
"trout,rainbow,farmed,raw",0.31,4.3,25,15.9,2.9,11
"beef, plate, outside skirt steak, separable lean only, trimmed to 0"" fat, all grades, cooked, broiled",2.66,4.3,10,,0,8
"beef,plate,outside skirt steak,ln,0"" fat,all grds,ckd,brld",2.66,4.3,10,,0,8
"beef,chk,mock tndr stk,bnl,ln & fat,0"" fat,all grds, ckd",3.29,4.3,14,0.1,0,8
"beef,loin,top loin stk,bnls,lip off,ln,0"" fat,choic,ckd,grld",3.38,4.3,14,0.1,0,7
"cereals rte,general mills,25% less sugar cinn toast crunch",12.89,4.3,714,2.9,17.1,472
"cereals rte,kellogg's,spl k gluten free,touch of brown sugar",18.39,4.3,163,2,37,408
"cereals rte,general mills,25% less sugar trix",19.29,4.3,357,2.9,17.1,594
"cereals rte,general mills,choc chex",25.7,4.3,286,2.9,17.1,1090
"beef,shldr top blade steak,bnls,ln & fat,0"" fat,all grds,raw",2.49,4.33,12,0.1,0,3
"beef, round, outside round, bottom round, steak, separable lean and fat, trimmed to 0"" fat, all grades, raw",2.53,4.34,5,,0,6
"bf,rnd,outside rnd,bttm rnd,steak,ln & fat,0"" fat,all,raw",2.53,4.34,5,,0,6
"beef,shldr top blade steak,bnless,ln,0"" fat,choic,raw",2.52,4.35,12,0.1,0,3
"beef,chuck,mock tender steak,bnless,ln & fat,0"" fat,sel,ckd,",3.21,4.35,15,0.1,0,8
"beef,shldr top blade steak,bnless,ln,0"" fat,all grds,raw",2.51,4.38,12,0.1,0,3
"beef,shldr top blade steak,bnless,ln & fat,0"" fat,sel,raw",2.49,4.39,12,0.1,0,3
"beef,loin,toploinstk,bnls,lip off,ln,0"" ft,all grd,ckd,grld",3.47,4.39,14,0.1,0,7
"fish,salmon,pink,cnd,total can contents",0.64,4.4,215,13.7,0,15
"salmon,chum,drnd sol w/bone",0.7,4.4,249,9.6,0,20
"salmon,chum,cnd,wo/salt,drnd sol w/bone",0.7,4.4,249,,0,20
"fish, salmon, pink, canned, without salt, solids with bone and liquid",0.84,4.4,213,,0,15
"salmon,pink,cnd,wo/salt,sol w/bone&liq",0.84,4.4,213,,0,15
"mackerel,pacific&jack,mxd sp,raw",1.16,4.4,23,9.1,2,2
"worthington vegetarian burger,cnd,unprep",2.6,4.4,8,,0,
"beef, loin, top sirloin petite roast, boneless, separable lean only, trimmed to 0"" fat, select, cooked, roasted",2.75,4.4,6,,0,7
"beef,loin,top sirloin petite rst,bnls,ln,0"" fat,sel,ckd,rstd",2.75,4.4,6,0.1,0,7
"bass,striped,ckd,dry heat",1.08,4.41,19,,0,10
"beef,rnd,out rnd,bttm rnd,stk,ln & fat,0"" fat,sel,ckd,grld",3.12,4.41,5,,0,8
"beef, shoulder top blade steak, boneless, separable lean only, trimmed to 0"" fat, select, raw",2.51,4.42,12,,0,3
"beef,shldr top blade steak,bnless,ln,0"" fat,sel,raw",2.51,4.42,12,0.1,0,3
"beef,ribeye petite rst,bnless,ln,0"" fat,sel,ckd,rstd",3.46,4.43,6,0.1,0,7
"beef,chk,mock tender stk,bnls,ln,0"" fat,all grds,ckd,brsd",3.42,4.44,15,0.1,0,8
"beef,top loin filet,bnless,ln & fat,1/8"" fat,sel,ckd,grilled",3.52,4.44,6,0.1,0,7
"beef,chuck,mock tender steak,bnless,ln,0"" fat,choic,ckd,brsd",3.53,4.44,15,0.1,0,8
"mutton,ckd,rstd (navajo)",4.76,4.44,10,,,0
"trout,rainbow,wild,raw",0.7,4.45,67,,2.4,12
"beef,top loin filet,bnless,ln,1/8"" fat,sel,ckd,grilled",1.91,4.46,22,0.1,0,7
"fish,salmon,sockeye,ckd,dry heat",0.52,4.47,11,16.7,0,7
"salmon,coho,wild,ckd,moist heat",0.71,4.48,46,,1,9
"beef,loin,toploinstk,bnls,lip off,ln fat,0"" ft,sel,ckd,grld",3.23,4.48,14,0.1,0,7
"beef, loin, top loin steak, boneless, lip off, separable lean and fat, trimmed to 0"" fat, select, cooked, grilled",3.23,4.48,14,,0,7
"beef,chuck,mock tender steak,bnless,ln,0"" fat,sel,ckd,brsd",3.32,4.48,15,0.1,0,8
"beef, chuck, mock tender steak, boneless, separable lean only, trimmed to 0"" fat, select, cooked, braised",3.32,4.48,15,,0,8
"beef,rnd,knuckle,tip cntr,steak,ln & fat,0"" fat,all grds,raw",1.96,4.49,5,,0,11
"morningstar farms grillers original,frz,unprep",4.2,4.5,61,,0,
"cereals rte,general mills,boo berry",13.6,4.5,303,3,18.2,502
"cereals rte,general mills,frankenberry",13.6,4.5,303,3,18.2,502
"beef,loin,top loin stk,bnls,lip off,ln,0"" fat,sel,ckd,grld",3.25,4.52,14,0.1,0,7
"cereals rte,malt-o-meal,appl zings",27.27,4.55,303,3,18.2,1017
"cereals rte,malt-o-meal,crispy rice",27.27,4.55,7,3,18.2,2054
"bf,chk,shldr clod,top & cntr,stk,ln & fat,0"" fat,ch,ckd,grld",2.57,4.56,5,,0,11
"beef,loin,tenderloin stk,bnless,l,0"" f,all grds,ckd,grilled",3.59,4.57,15,0.1,0,7
"babyfood,crl,rice,dry,fort",53.01,4.6,860,8.5,2.4,375
"babyfood,crl,oatmeal,dry fort",64.1,4.6,1160,12.7,0,396
"ostrich,ground,raw",2.91,4.61,7,,0,7
"beef,top loin petite rst,bnls,ln & fat,1/8"" fat,sel,ckd,rstd",3.43,4.62,6,0.1,0,6
"soup,clam chowder,new england,red na,cnd,rts",0.56,4.63,14,0,3.3,6
"soup,clam chowder,new england,cnd,prep w/ eq volume h2o",1.22,4.63,9,0,2,7
"beef,top loin petite rst,bnless,ln,1/8"" fat,sel,ckd,rstd",1.85,4.65,22,0.1,0,7
"bf,chuck,shldr clod, top & cntr,stk,ln & fat,0"" fat,sel,raw",2.64,4.68,4,,0,7
"fish,salmon,sockeye,raw",0.43,4.69,9,14.1,0,6
"cereals rte,post,honeycomb crl",8.44,4.69,11,7.8,0,518
"cereals rte,general mills,honey nut chex",14.1,4.69,313,3.1,18.8,518
"cereals rte,general mills,trix",16.89,4.69,313,3.1,18.8,624
"cereals rte,general mills,cinn burst cheerios",25.29,4.69,313,3.1,46.9,625
"cereals ready-to-eat, general mills, cinnamon burst cheerios",25.29,4.69,313,,46.9,0
"cereals rte,malt-o-meal,tootie fruities",28.12,4.69,313,3.1,18.8,1049
"babyfood, multigrain whole grain cereal, dry fortified",30,4.69,800,0,58.3,264
"bf,rnd,outside rnd,bttm rnd,steak,ln & fat,0"" fat,choic,raw",2.34,4.7,5,,0,6
"cereals rte,post,honey bunches of oats,w/ almonds",33.8,4.7,35,3.1,0,1049
"salmon,pink,ckd,dry heat",0.45,4.73,8,13,0,5
"bf,chk,clod,shdr tndr,med,ln & fat,0"" fat,ch,ckd,grilled",2.58,4.73,5,,0,8
"cereals rte,quaker whl hearts oat crl",32.11,4.75,0,0,71.3,1427
"cereals ready-to-eat, quaker whole hearts oat cereal",32.11,4.75,0,0,71.3,0
"cereals rte,general mills,pnut butter toast crunch",14.5,4.8,323,3.2,19.4,323
"cereals rte,general mills,honey nut cheerios,medley crunch",14.5,4.8,323,3.2,19.4,645
"cereals rte,kellogg's krave choc crl",14.5,4.8,61,3.3,48,441
"cereals rte,kellogg,kellogg's cocoa krispies",14.5,4.8,127,4.8,48,546
"cereals ready-to-eat, kellogg's crunchy nut golden honey nut flakes",14.5,4.8,20,0,20,530
"cereals rte,kellogg's crunchy nut golden honey nut flakes",14.5,4.8,20,3.3,20,530
"cereals rte,general mills,golden grahams",14.5,4.8,323,3.2,19.4,535
"cereals rte,post,honey bunches of oats,w/ real strawberries",26.1,4.8,26,3.2,15.6,535
"cereals rte,general mills,corn chex",26.1,4.8,323,3.2,19.4,1083
"cereals rte,general mills,appl cinn chex",29,4.8,323,3.2,19.4,645
"cereals ready-to-eat, general mills, apple cinnamon chex",29,4.8,323,0,19.4,0
"veal,var meats&by-products,spleen,ckd,brsd",7.36,4.82,7,,40,4
"agutuk,meat-caribou (alaskan ice cream) (alaska native)",4.55,4.83,16,,2.2,4
"soup,clam chowder,new eng,cnd,prep w/ eq vlm lofat (2%) milk",1.21,4.84,70,0.6,2.1,9
"cereals rte,malt-o-meal,corn bursts",5.8,4.84,5,3.2,48.4,525
"cereals rte,malt-o-meal,frstd flakes",11.6,4.84,3,3.2,19.4,536
"fish, salmon, red, canned, bones removed (alaska native)",1.9,4.91,28,,0,7
"fish,salmon,red,cnd,bones removed (alaska native)",1.9,4.91,28,,0,7
"ostrich,oyster,raw",3.86,4.91,6,,0,8
"beef,plate steak,bnless,outside skirt,ln & fat,0"" fat,sel,rw",3.63,4.92,6,0.1,0,3
"beef,shldr top blde stk,bns,ln & fat,0"" fat,choic,ckd,g",3.11,4.94,14,0.1,0,7
"ostrich,top loin,raw",3.13,4.94,6,,0,8
"ostrich, top loin, raw",3.13,4.94,6,,0,8
"fish,salmon,pink,cnd,drnd sol",0.77,4.95,283,14.5,0,4
"beef,chck,clod,shldr top&cntr stks,ln & ft,0"",all grds,grld",2.79,4.95,5,,0,11
"fish,salmon,pink,cnd,drnd sol,wo/ skn & bones",0.57,4.96,60,14.1,0,4
"bf,chk,shldr clod,top blade,steak,ln & fat,0"" fat,choic,raw",2.23,4.96,5,,0,3
"ostrich,fan,raw",4.38,4.97,6,,0,8
"fish, salmon, red, (sockeye), kippered (alaska native)",0.49,4.98,54,,0,6
"fish,salmon,red,(sockeye),kippered (alaska native)",0.49,4.98,54,2,0,6
"ostrich,tip raw",2.86,4.98,5,,0,8
"mollusks, clam, mixed species, canned, liquid",0.3,5,13,,1,2
"clam,mxd sp,cnd,liq",0.3,5,13,0,1,2
"salmon,coho,wild,ckd,dry heat",0.61,5,45,11.3,1.4,13
"kashi,h2h woven wheat cracker,rstd garlic",6,5,53,0,20,333
"kashi,h2h woven wheat cracker,original",6,5,40,0,20,333
"cereals rte,kellogg,kellogg's rice krispies treats crl",6,5,10,3.3,20,563
"cereals rte,kellogg,kellogg's corn pops",6,5,7,3.3,20,553
"kashi, h2h woven wheat cracker, roasted garlic",6,5,53,0,20,0
"cereals rte,kellogg,kellogg's honey crunch corn flakes",6.2,5,22,3.5,20,553
"cereals rte,post,waffle crisp",9,5,24,3.3,0,553
"cereals rte,kellogg's krave smores",14.5,5,57,3.3,48,323
"cereals rte,kellogg's,red sugar frstd flakes crl",15,5,5,3.3,20,553
"cereals rte,general mills,cheerios,yogurt burst,strawberry",15,5,333,3.3,20,1123
"cereals rte,kellogg's krave double choc crl",15,5,67,3.3,50,441
"cereals rte,general mills,appl cinn cheerios",15,5,333,3.3,20,1120
"cereals ready-to-eat, general mills, fiber one bran cereal",15,5,333,,20,553
"cereals rte,kellogg's frstd flakes,choco zucaritas",15,5,7,3.3,20,553
"cereals rte,general mills,fiber one 80 cal,choc squares",15,5,1333,3.3,20,333
"cereals rte,general mills,frstd toast crunch",15,5,333,3.3,20,333
"cereals rte,general mills,cocoa puffs,25% red sugar",15,5,333,3.3,20,553
"cereals rte,general mills,fiber one 80 cal,honey squares",15,5,1000,3.3,20,333
"cereals rte,general mills,fiber one bran crl",15,5,333,0,20,553
"cereals ready-to-eat, kellogg, kellogg's marshmallow froot loops",15.5,5,9,,52,573
"cereals rte,kellogg's cinn jacks",16.1,5,20,3.6,54,594
"cereals rte,kellogg,kellogg's frstd rice krispies",18,5,6,5,50,677
"cereals rte,malt-o-meal,oat blenders w/ honey",27,5,23,3.3,20,1121
"cereals rte,general mills,cinn chex",27,5,333,3.3,20,1131
"cereals rte,post bran flakes",28,5,44,3.3,0,1120
"cereals rte,post honey bunches of oats w/ cinn bunches",28,5,36,3.3,0.4,667
"cereals rte,kellogg scooby-doo! crl",28.1,5,22,3.3,47,625
"cereals ready-to-eat, kellogg, kellogg's corn flakes",28.9,5,5,0,21,583
"cereals rte,kellogg,kellogg's corn flakes",28.9,5,5,3.6,21,583
"cereals rte,quaker,king vitaman",29,5,10,0,40,2255
"cereals rte,malt-o-meal,marshmllw mateys",30,5,333,3.3,20,1120
"cereals rte,kellogg's rice krispies,gluten free",30,5,10,5,50,1131
"cereals ready-to-eat, kellogg's rice krispies, gluten free",30,5,10,0,50,1131
"cereals rte,malt-o-meal,colossal crunch",30,5,0,3.3,20,1121
"cereals rte,malt-o-meal,cinn toasters",30,5,333,3.3,20,1121
"cereals rte,malt-o-meal,berry colossal crunch",30,5,33,3.3,20,1121
"cereals rte,malt-o-meal,honey nut scooters",30,5,333,3.3,20,1121
"cereals rte,post,alpha-bits",30,5,35,6.7,20,1120
"cereals rte,malt-o-meal,coco-roos",30,5,333,3.3,20,1121
"babyfood,crl,mxd,dry fort",30,5,800,0,58.3,259
"cereals rte,malt-o-meal,blueberry muffin tops crl",34.29,5,338,3.2,25,1121
"cereals rte,ralston corn biscuits",38.37,5,378,8.3,18.5,667
"ostrich,rnd,raw",3.54,5.01,5,,0,8
"beef,var meats&by-products,spleen,ckd,brsd",39.36,5.02,12,,50.3,4
"ostrich,tenderloin,raw",4.88,5.03,6,,0,8
"beef,shldr top blade stk,bnles,ln & fat,0"" ,all grds,ckd,g",3.04,5.04,14,0.1,0,7
"beef,chuck,clod,top blade,steak,ln & fat,0"" fat,all grds,raw",2.36,5.05,6,,0,3
"bf,chk,clod,shldr tender,medallion,ln & fat,0"" fat,sel,raw",2.39,5.09,5,,0,7
"beef, chuck, shoulder clod, shoulder tender, medallion, separable lean and fat, trimmed to 0"" fat, select, raw",2.39,5.09,5,,0,7
"ostrich, inside leg, raw",2.3,5.1,5,,0,8
"ostrich,inside leg,raw",2.3,5.1,5,,0,8
"egg,goose,whole,fresh,raw",3.64,5.1,60,1.7,0,76
"beef,shldr top blade steak,bnless,ln,0"" fat,choic,ckd,grille",3.23,5.11,14,0.1,0,7
"chicken,meatless,breaded,fried",3.83,5.11,42,0,0,56
"egg,yolk,dried",9.56,5.11,289,10.4,0,209
"beef,cured,luncheon meat,jellied",3.45,5.14,10,,0,7
"bf,chk,cld,shdr tndr,med,ln & fat,0"" fat,all grds,ck,grld",2.59,5.16,5,,0,8
"beef,plate steak,bnless,outside skirt,ln,0"" fat,sel,raw",3.8,5.16,6,0.2,0,3
"cereals rte,malt-o-meal,cocoa dyno-bites",6.21,5.17,17,3.4,0,584
"cereals rte,malt-o-meal,honey buzzers",31.03,5.17,14,3.4,20.7,690
"beef,nz,imp,var meats & by-products,tongue,raw",1.81,5.18,4,0.3,0,
"beef,shldr top blade steak,bnless,ln,0"" fat,all grds,ckd,gri",3.14,5.18,14,0.1,0,7
"beef, shoulder top blade steak, boneless, separable lean only, trimmed to 0"" fat, all grades, cooked, grilled",3.14,5.18,14,,0,7
"beef,loin,tenderloin steak,bnless,ln,0"" fat,choic,ckd,grlled",4.12,5.18,17,0.1,0,7
"beef, loin, tenderloin steak, boneless, separable lean only, trimmed to 0"" fat, choice, cooked, grilled",4.12,5.18,17,,0,7
"cereals rte,kellogg,kellogg's marshmllw froot loops",15.5,5.19,9,3.5,52,573
"cereals ready-to-eat, general mills, multi-grain cheerios",27.89,5.19,345,0,20.7,1159
"cereals rte,general mills,multi-grain cheerios",27.89,5.19,345,3.4,20.7,1159
"cereals rte,post,cocoa pebbles",6.2,5.2,22,6.9,0,583
"cereals ready-to-eat, post, cocoa pebbles",6.2,5.2,22,,0,583
"cereals rte,post,honey bunches of oats,pecan bunches",15.5,5.2,19,3.4,0.2,1159
"cereals rte,kellogg,kellogg's froot loops",15.5,5.2,10,3.5,52,573
"cereals rte,general mills,reese's puffs",15.5,5.2,345,3.4,20.7,573
"cereals ready-to-eat, post, honey bunches of oats, pecan bunches",15.5,5.2,19,0,0.2,1159
"cereals rte,post,grape-nuts flakes",27.9,5.2,36,3.4,0,1159
"ostrich,outside leg,raw",2.65,5.21,5,,0,8
"lamb,nz,imp,tongue - swiss cut,ckd,soaked & simmrd",1.74,5.22,6,0.3,0,
"bf,chuck,shldr clod,top blade,steak,ln & fat,0"" fat,sel,raw",2.62,5.23,6,,0,3
"cereals ready-to-eat, malt-o-meal, apple zings",30.42,5.23,367,0,28.8,1014
"conch,baked or broiled",1.41,5.25,98,0,0,179
"beef,plate stek,bnls,outsde skrt,ln & fat,0"" fat,all grds,rw",3.42,5.25,6,0.1,0,3
"beef,shldr top blde stk,bnls,ln & fat,0"" fat,sel,ckd,g",3.02,5.28,14,0.1,0,7
"beef, shoulder top blade steak, boneless, separable lean and fat, trimmed to 0"" fat, select, cooked, grilled",3.02,5.28,14,,0,7
"cereals rte,frstd oat crl w/marshmallows",15,5.29,333,3.6,20,587
"cereals rte,chocolate-flavored frstd puffed corn",15.87,5.29,70,0,52.9,587
"cereals ready-to-eat, chocolate-flavored frosted puffed corn",15.87,5.29,70,0,52.9,587
"lamb,var meats&by-products,spleen,ckd,brsd",38.67,5.29,13,,26,4
"veal,var meats&by-products,tongue,ckd,brsd",2.09,5.3,9,,6,9
"ostrich,outside strip,raw",3.69,5.33,5,,0,8
"veal,var meats&by-products,spleen,raw",9.32,5.34,6,,41,4
"lamb,var meats&by-products,spleen,raw",41.89,5.34,9,,23,4
"lamb, variety meats and by-products, spleen, raw",41.89,5.34,9,,23,4
"beef,shldr top blade steak,bnless,ln,0"" fat,sel,ckd,grilled",3.07,5.35,14,0.1,0,7
"cereals rte,ralston corn flakes",19.4,5.36,2,7.1,65,714
"cereals ready-to-eat, ralston corn flakes",19.4,5.36,2,0,65,0
"cereals rte,ralston tasteeos",32.14,5.36,357,7.1,21.4,1201
"bluefish,raw",0.48,5.39,7,,0,2
"beef,rnd,knuckle,tip cntr,steak,ln & fat,0"" fat,sel,raw",2.01,5.39,5,,0,11
"egg,duck,whole,fresh,raw",3.85,5.4,64,1.7,0,80
"ostrich,inside strip,raw",4.2,5.4,5,,0,9
"cuttlefish,mxd sp,ckd,moist heat",10.84,5.4,180,,8.5,24
"cereals rte,kellogg,kellogg's cinnabon crl",15.69,5.4,26,4,65,595
"cereals rte,kellogg,kellogg's appl jacks",16.1,5.4,12,3.6,54,594
"cereals rte,general mills,choc lucky charms",16.1,5.4,357,3.6,21.4,594
"cereals rte,general mills,cheerios,banana nut",16.1,5.4,357,3.6,53.6,1201
"cereals ready-to-eat, kellogg, kellogg's apple jacks",16.1,5.4,12,0,54,594
"cereals rte,kellogg's appl jacks w/ marshmallows",16.1,5.4,10,3.6,54,594
"cereals ready-to-eat, general mills, cheerios, banana nut",16.1,5.4,357,0,53.6,1201
"cereals rte,general mills,multi grain cheerios,pnut butter",28.89,5.4,357,3.6,21.4,714
"cereals rte,ralston crisp rice",32.73,5.45,5,7.6,64.5,1027
"beef, plate steak, boneless, outside skirt, separable lean and fat, trimmed to 0"" fat, choice, raw",3.35,5.48,6,,0,3
"beef,plate steak,bnls,outside skrt,ln & fat,0"" fat,choic,raw",3.35,5.48,6,0.1,0,3
"fish, salmon, sockeye, canned, drained solids",0.65,5.5,232,,0,4
"fish,salmon,sockeye,cnd,drnd sol",0.65,5.5,232,21,0,4
"thuringer,cervelat,smmr sausage,bf,pork",2.04,5.5,9,1.1,16.6,2
"morningstar farms hot&spicy veggie sausge patties,frz,unprep",3.8,5.5,40,,3,3
"worthington smoked turkey roll,frz,unprep",4.9,5.5,147,,0,
"salmon,sockeye,cnd,drnd sol,wo/ skn & bones",0.48,5.54,37,21.5,0,4
"lamb,var meats&by-products,pancreas,ckd,brsd",2.12,5.54,12,,20,13
"beef,plate steak,bnless,outside skirt,ln,0"" fat,all grds,raw",3.6,5.55,5,0.2,0,3
"cereals rte,post,fruity pebbles",6.67,5.56,19,7.4,22.2,627
"cereals rte,general mills,fruity cheerios",16.7,5.59,370,3.7,55.6,1246
"cereals rte,general mills,cheerios,choc",16.7,5.59,370,3.7,55.6,1246
"cereals rte,general mills,frstd cheerios",16.7,5.59,370,3.7,22.2,1246
"cereals rte,general mills,count chocula",16.7,5.59,370,3.7,22.2,616
"cereals ready-to-eat, general mills, count chocula",16.7,5.59,370,,22.2,616
"cereals rte,general mills,dulce de leche cheerios",33.29,5.59,370,3.7,55.6,741
"cereals rte,general mills,rice chex",33.29,5.59,370,3.7,22.2,1256
"cereals rte,kellogg,kellogg's honey smacks",1.5,5.6,14,3.7,22,616
"cereals rte,post,golden crisp",6.7,5.6,15,7.4,0,616
"formulated bar,power bar,choc",11.7,5.6,504,0,92.3,1046
"cereals rte,general mills,cocoa puffs",16.7,5.6,370,3.7,22.2,616
"cereals ready-to-eat, general mills, berry burst cheerios, triple berry",16.7,5.6,370,0,22.2,1246
"cereals rte,general mills,oat cluster cheerios crunch",16.7,5.6,296,3.7,22.2,994
"cereals rte,general mills,berry burst cheerios,triple berry",16.7,5.6,370,3.7,22.2,1246
"cereals rte,general mills,dora the explorer",30,5.6,370,3.7,22.2,1246
"cereals ready-to-eat, general mills, dora the explorer",30,5.6,370,,22.2,1246
"beef,var meats&by-products,spleen,raw",44.55,5.68,9,,45.5,4
"morningstar farms chipotle black bean crumbles,frz,unprep",4.1,5.7,68,0,0,15
"cereals rte,general mills,kix",32,5.7,570,3.3,25.4,1324
"bf,chk, clod,top & cntr,stk,ln & fat,0"" fat,sel,ckd,grld",3.23,5.71,5,,0,11
"ostrich,ground,ckd,pan-broiled",3.43,5.74,8,0.1,0,14
"bf,chk,clod,top blade,steak,ln & fat,0"" fat,ch,ckd,grilled",2.78,5.75,6,,0,6
"cereals rte,malt-o-meal,honey graham squares",33.81,5.76,367,3.8,29.9,1121
"steelhead trout,bld,cnd (alaska native)",0.64,5.79,30,15.1,0,
"cereals rte,general mills,cookie crisp",17.3,5.8,385,3.8,23.1,641
"beef,plate steak,bnless,outside skirt,ln,0"" fat,choic,raw",3.53,5.82,5,0.2,0,3
"seal,bearded (oogruk),meat,dried,in oil (alaska native)",17,5.85,7,,0,11
"cereals ready-to-eat, malt-o-meal, honey nut scooters",34.63,5.88,374,0,30.6,1121
"bf,chuck,clod,top blade,stk,ln & fat,0"" fat,all,ckd,grld",2.88,5.89,6,,0,6
"fish,sheefish,raw (alaska native)",0.5,5.9,140,,0,9
"crustaceans,crab,blue,crab cakes,home recipe",1.08,5.94,105,,2.8,61
"fish, salmon, sockeye, raw",0.42,5.95,10,,0,8
"lamb,var meats&by-products,pancreas,raw",2.3,6,8,,18,13
"lamb, variety meats and by-products, pancreas, raw",2.3,6,8,,18,13
meat extender,11.99,6,204,0,0,198
"bf,chk, clod,shldr tender,med,ln & fat,0"" fat,se,ckd,grilled",2.6,6.01,5,,0,8
"lamb,nz,imp,tongue - swiss cut,raw",1.25,6.1,6,0.1,0,
"lamb, new zealand, imported, tongue - swiss cut, raw",1.25,6.1,6,,0,0
"veal, variety meats and by-products, tongue, raw",2.72,6.1,7,,5,5
"veal,var meats&by-products,tongue,raw",2.72,6.1,7,,5,5
"emu,flat fillet,raw",5,6.12,3,,0,12
"emu, flat fillet, raw",5,6.12,3,,0,12
"ostrich,top loin,ckd",3.31,6.17,6,,0,15
"bf,chk,clod,top blade,steak,ln & fat,0"" fat,sel,ckd,grilled",3.1,6.18,6,,0,6
"cereals rte,kellogg,kellogg's crispix",28,6.19,9,3.5,21,1629
"bluefish,cooked,dry heat",0.62,6.22,9,,0,2
"ostrich,tip ckd",2.79,6.25,6,,0,15
"ostrich,outside strip,ckd",4.3,6.26,5,,0,16
"trout,rainbow,wild,ckd,dry heat",0.38,6.3,86,,2,19
"lamb,var meats&by-products,tongue,ckd,brsd",2.63,6.3,10,,7,3
"game meat,deer,raw",3.4,6.31,5,,0,4
"game meat,moose,ckd,rstd",4.22,6.31,6,0,5,4
"game meat,caribou,raw",4.69,6.31,17,,0,4
"ostrich,oyster,ckd",4.9,6.32,6,,0,16
"ostrich,inside leg,ckd",3.12,6.36,6,,0,16
"formulated bar,luna bar,nutz over choc",14.2,6.4,886,3.1,68,1773
"cereals rte,general mills,honey kix",38.2,6.4,455,4.5,27.3,1429
"beverages,nutritional shake mix,hi prot,pdr",22.5,6.43,714,12.5,75,971
"ostrich,inside strip,ckd",4.8,6.44,5,,0,16
"caribou,hind quarter,meat,ckd (alaska native)",4.8,6.47,5,,0,4
"game meat,rabbit,domesticated,comp of cuts,ckd,stwd",2.37,6.51,20,0,0,9
"game meat,rabbit,wild,ckd,stwd",4.85,6.51,18,0,0,8
"game meat,squirrel,ckd,rstd",6.81,6.51,3,0,0,9
"loma linda vege-burger,cnd,unprep",1.7,6.6,16,,0,
"morningstar farms brkfst sausage patties mpl flav,frz,unpr",4.3,6.6,37,,0,3
"cereals rte,kellogg's,spl k prot plus",25.3,6.6,79,0,66,731
"cereals rte,kellogg,spl k,fruit & yogurt",25.3,6.6,27,3.3,66,731
"game meat,caribou,ckd,rstd",6.17,6.64,22,0,3,5
"cereals rte,general mills,cinn toast crunch",20.48,6.65,444,5.3,19.4,613
"emu,fan fillet,raw",4.5,6.67,3,,0,13
"cereals rte,malt-o-meal,golden puffs",7.92,6.67,11,3.8,27.6,1250
"cereals ready-to-eat, malt-o-meal, golden puffs",7.92,6.67,11,,27.6,1250
"worthington prosage links,frz,unprep",3.2,6.7,26,,0,
"beef,nz,imp,var meats & by-products,heart,ckd,bld",6.81,6.73,6,0.2,0,
"emu,ground,raw",4.02,6.75,7,,0,13
"emu,oyster,raw",5.5,6.76,4,,0,13
"cereals ready-to-eat, general mills, cheerios",33.17,6.77,401,,21.6,1201
"cereals rte,general mills,cheerios",33.17,6.77,401,3.4,21.6,1201
"cereals rte,general mills,lucky charms",22.27,6.8,434,3.9,26.6,1246
"cereals ready-to-eat, kellogg's special k chocolatey delight",26.1,6.8,18,,68,755
"cereals rte,kellogg's,spl k prot,cinn brown sugar crunch",26.1,6.8,205,3.3,68,452
"cereals rte,kellogg's spl k chocolatey delight",26.1,6.8,18,3.2,68,755
"cereals rte,kellogg,kellogg's spl k red berries",26.1,6.8,24,3.3,68,755
"cereals ready-to-eat, malt-o-meal, fruity dyno-bites",7.62,6.9,3,0,1,840
"cereals rte,malt-o-meal,fruity dyno-bites",7.62,6.9,3,4.9,1,840
"emu,outside drum,raw",4.5,6.92,3,,0,7
"mackerel,jack,cnd,drnd sol",2.04,6.94,241,7.3,0.9,5
"mackerel,spanish,ckd,dry heat",0.74,7,13,,1.6,1
"cereals ready-to-eat, kellogg's special k chocolate almond",25.7,7,105,,75,0
"cereals rte,kellogg's spl k choc almond",25.7,7,105,5.4,75,500
"cereals rte,kellogg's,spl k vanilla almond",27,7,34,3.3,70,781
"cereals rte,kellogg,kellogg's spl k blueberry",27,7,18,3.3,70,781
"cereals rte,kellogg,kellogg's spl k,cinn pecan",27,7,30,3.3,70,781
"cereals rte,kellogg,kellogg's spl k chocolatey strawberry",27.89,7,25,3.5,72,483
"cereals rte,kellogg,kellogg's spl k multi-grain",29,7,36,3.2,68,452
"caribou,hind quarter meat,raw (alaska native)",4.1,7.05,5,,0,4
"caribou, hind quarter meat, raw (alaska native)",4.1,7.05,5,,0,4
"beef,nz,imp,var meats & by-products,tripe unckd,raw",4.44,7.12,112,0.2,0,
"game meat,rabbit,domesticated,comp of cuts,raw",1.57,7.16,13,,0,8
"game meat, rabbit, domesticated, composite of cuts, raw",1.57,7.16,13,,0,8
"caribou,rump meat,half dried (alaska native)",11,7.16,14,,0,3
"lamb,var meats&by-products,tongue,raw",2.65,7.2,9,,6,4
"cereals rte,kellogg's spl k multigrain oats & honey",27.9,7.2,18,3.5,72,808
"cereals rte,kellogg,kellogg's rice krispies",30.42,7.23,5,6.2,63.3,1034
"cereals rte,ralston crispy hexagons",27.93,7.24,8,8.6,20.7,966
"chicken,heart,all classes,raw",5.96,7.29,12,,3.2,72
"chicken,heart,all classes,ckd,simmrd",9.03,7.29,19,,1.8,80
"loma linda swiss stake w/ gravy,cnd,unprep",1.8,7.3,35,,0,
"whale,beluga,meat,dried (alaska native)",72.35,7.31,22,,0,10
"beef,plate stk,bnls,otsde skrt,ln & fat,0"" fat,sel,ckd,grild",5.33,7.34,8,0.1,0,7
"fish,salmon,king (chinook),raw (alaska native)",0.79,7.38,42,,0,15
"morningstar farms brkfst sausage links,frz,unprep",5.9,7.4,26,,0,
"fish,salmon,red,(sockeye),cnd,smoked (alaska native)",1.5,7.43,69,,0,4
"trout,mxd sp,ckd,dry heat",1.92,7.49,55,,0.5,15
"formbar,marssnack,snickers marathonprotperfbar,carmelnutrush",10.13,7.5,625,3.8,75,850
"cereals rte,general mills,honey nut cheerios",20.58,7.5,425,4.6,21.4,1106
"beef,plate steak,bnless,outside skirt,ln,0"" fat,sel,ckd,grld",5.46,7.53,8,0.2,0,7
"cereals rte,malt-o-meal,oat blenders w/ honey & almonds",41.38,7.55,33,3.6,29.6,1121
"morningstar farms grillers qrtr pnd veggie brgr,frz,unprp",4.9,7.7,79,0,28,2
"beef,plte stk,bnls,outsd skrt,ln & fat,0"" ft,al grd,ckd,grld",5.09,7.72,8,0.2,0,7
"trout,mixed species,raw",1.5,7.79,43,3.9,0.5,13
"pork,frsh,var meats&by-products,kidneys,ckd,brsd",5.29,7.79,13,,10.6,41
"fish,salmon,sockeye (red),raw (alaska native)",0.53,7.82,7,,0,11
"formulated bar,slim-fast optima meal bar,milk choc pnut",4.98,7.9,668,5.4,96.6,725
"beef,plate stk,bnles,otsde skirt,ln,0"" fat,all grds,ckd,grld",5.21,7.92,7,0.2,0,7
"beef,plate stk,bnls,outsd skrt,ln & fat,0"" ft,chc,ckd,grld",4.95,7.97,8,0.2,0,6
"pate,chicken liver,canned",9.19,8.07,10,0,10,321
"beverag,unilev,slimfast shake ,hi prot,whey pdr,3-2-1 plan,",24.84,8.07,1039,9.6,103.8,653
"fish,salmon,chum,raw (alaska native)",0.56,8.08,7,,0,18
"beverages,unilever,slimfast shake mix,pdr,3-2-1 plan",0.68,8.08,364,9.6,1.3,653
"cereals rte,kellogg,kellogg's frstd flakes",26.7,8.1,3,4.7,24.2,635
"beef,plate steak,bnls,outside skirt,ln,0"" fat,choic,ckd,grld",5.06,8.18,7,0.2,0,7
"morningstar farms grillers brgr styl recipe crmbl,frz,unprep",4.8,8.2,32,0,0,0
"beverages,kellogg's spl k20 prot pdr",2,8.3,115,0,0,0
"game meat,rabbit,domesticated,comp of cuts,ckd,rstd",2.27,8.3,19,,0,11
"game meat, opossum, cooked, roasted",4.64,8.3,17,,0,10
"game meat,opossum,ckd,rstd",4.64,8.3,17,0,0,10
"game meat, muskrat, cooked, roasted",7.1,8.3,36,,7,11
"game meat,muskrat,ckd,rstd",7.1,8.3,36,,7,11
"game meat,raccoon,ckd,rstd",7.1,8.3,14,0,0,11
"game meat,beaver,ckd,rstd",10,8.3,22,0,3,11
"lamb,nz,imp,heart,raw",3.29,8.4,5,0,0,
"morningstar farms sausage style recipe crumbles,frz,unprep",5.5,8.4,44,0,0,0
"chicken,roasting,giblets,ckd,simmrd",6.09,8.45,12,,6.5,303
"pork,frsh,var meats&by-products,kidneys,raw",4.89,8.49,9,,13.3,42
"pork, fresh, variety meats and by-products, kidneys, raw",4.89,8.49,9,,13.3,42
"fish,salmon,coho (silver),raw (alaska native)",0.55,8.52,5,,0,13
"emu,ground,ckd,pan-broiled",5.01,8.52,8,,0,9
"beef,var meats&by-products,heart,raw",4.31,8.55,7,,2,3
"mackerel,atlantic,raw",1.63,8.71,12,16.1,0.4,1
"emu,top loin,ckd,brld",5.07,8.71,9,,0,9
"oyster,eastern,wild,raw",4.61,8.75,59,0,0,7
"lamb, new zealand, imported, testes, cooked, soaked and fried",1.69,8.88,8,,0,0
"lamb,nz,imp,testes,ckd,soaked & fried",1.69,8.88,8,0,0,
"sardine,atlantic,cnd in oil,drnd sol w/bone",2.92,8.94,382,4.8,0,10
"crab,dungeness,raw",0.37,9,46,,3.5,44
"crab,alaska king,raw",0.59,9,46,,7,44
"crab,blue,raw",0.74,9,89,,3,44
"fish, sardine, pacific, canned in tomato sauce, drained solids with bone",2.3,9,240,,1,24
"sardine,pacific,cnd in tomato sau,drnd sol w/bone",2.3,9,240,4.8,1,24
"crab,queen,raw",2.5,9,26,,7,44
"whelk,unspecified,raw",5.03,9.07,57,0,4,6
"lamb,nz,imp,heart,ckd,soaked & simmrd",4.94,9.18,5,0.1,0,
"lamb,var meats&by-products,brain,ckd,brsd",1.68,9.25,12,,12,5
"emu,fan fillet,ckd,brld",4.56,9.37,6,,0,9
"chicken,roasting,giblets,raw",5.4,9.4,10,,13.1,276
"pate,goose liver,smoked,cnd",5.5,9.4,70,,0,60
"pate de foie gras,cnd (goose liver pate),smoked",5.5,9.4,70,,2,60
"tuna,fresh,bluefin,raw",1.02,9.43,8,5.7,0,2
"chicken,broilers or fryers,giblets,ckd,simmrd",7.04,9.44,14,0,12.5,257
"soup,clam chowder,new england,cnd,cond",2.48,9.47,16,0,4.1,14
"chicken,stewing,giblets,ckd,simmrd",6.44,9.48,13,,5.5,367
"beef,var meats&by-products,brain,raw",2.55,9.51,43,,10.7,3
"lamb,nz,imp,brains,ckd,soaked & fried",1.21,9.54,6,0,0,
"herring,pacific,ckd,dry heat",1.44,9.62,106,,0,6
"veal,var meats&by-products,brain,ckd,brsd",1.67,9.65,16,,13,3
"cereals rte,post,honey bunches of oats,honey rstd",34.82,9.67,23,4.6,0,1120
"lamb,nz,imp,testes,raw",1.14,9.89,5,0,0,
"lamb, new zealand, imported, testes, raw",1.14,9.89,5,,0,0
"lamb,nz,imp,brains,raw",1.07,9.99,4,0,0,
"lamb, new zealand, imported, brains, raw",1.07,9.99,4,,0,0
"roe,mixed species,raw",0.6,10,22,12.1,16,80
"herring,pacific,raw",1.12,10,83,,0,5
"cod,atlantic,dried&salted",2.5,10,160,4,3.5,25
"cereals rte,kellogg,kellogg's lofat granola w/ raisins",3.3,10,36,1.8,4,1121
"cereals ready-to-eat, kellogg, kellogg's low fat granola with raisins",3.3,10,36,,4,1121
"beef, variety meats and by-products, brain, cooked, simmered",2.3,10.1,9,,10.5,5
"beef,var meats&by-products,brain,ckd,simmrd",2.3,10.1,9,0,10.5,5
"lamb,var meats&by-products,heart,raw",4.6,10.25,6,,5,2
"crab,dungeness,ckd,moist heat",0.43,10.38,59,,3.6,42
"crab,queen,ckd,moist heat",2.88,10.38,33,,7.2,42
"egg,whl,dried,stabilized,glucose red",8.28,10.51,222,,0,193
"veg oil sprd,60% fat,stick/tub/bottle,wo/ salt,w/vit d",0,10.8,21,10.7,0.1,1
"margarine-like,veg oil sprd,60% fat,tub,w/ salt",0,10.8,21,0,0.1,1
"margarine-like, vegetable oil spread, 60% fat, stick/tub/bottle, without salt, with added vitamin d",0,10.8,21,0,0.1,1
"veg oil sprd,60% fat,tub,w/ salt,w/ added vitamin d",0,10.8,21,10.7,0.1,1
"veg oil sprd,60% fat,stick/tub/bottle,wo/ salt",0,10.8,21,0,0.1,1
"beef,var meats&by-products,heart,ckd,simmrd",6.38,10.8,5,0.1,0,5
"beef,nz,imp,var meats & by-products,heart,raw",4.38,10.81,4,0.2,0,
"chicken, stewing, giblets, raw",5.93,10.83,10,,11.4,350
"chicken,stewing,giblets,raw",5.93,10.83,10,,11.4,350
"tuna,frsh,bluefin,ckd,dry heat",1.31,10.88,10,,0,2
"cereals rte,kashi,heart to heart,oat flakes & bluebry clstrs",3.2,10.89,43,0,55,1206
"cereals rte,kellogg,kellogg's mueslix",8.19,10.89,36,0.7,0.3,1223
"formulate bar,mar snackfoo us,snicke marath che choc pnut ba",,10.91,965,0,144.4,1236
"formulated bar, mars snackfood us, snickers marathon chewy chocolate peanut bar",0,10.91,965,0,144.4,1236
"form bar,mars snkf us,snickers marathon multigrncrunch",14.67,10.91,953,,144.3,1236
"cereals rte,general mills,wheaties",33.3,11.1,74,3.7,22.2,1246
"lamb,var meats&by-products,heart,ckd,brsd",5.52,11.2,14,,7,2
"clam,mixed species,raw",1.62,11.28,39,0,0,5
"lamb,var meats&by-products,brain,raw",1.75,11.3,9,,16,3
"cereals rte,general mills,total raisin bran",34,11.3,1887,4.7,0,1270
"chicken,broilers or fryers,giblets,raw",5.86,11.41,10,,16.2,345
"crab,alaska king,ckd,moist heat",0.76,11.5,59,,7.6,51
"roe,mxd sp,ckd,dry heat",0.77,11.54,28,,16.4,92
"mackerel,salted",1.4,12,66,25.2,0,15
"cereals rte,kellogg,kellogg's lofat granola wo/ raisins",3.7,12,33,2.1,6,1374
"mussel,blue,raw",3.95,12,26,0,8,42
"cereals rte,kellogg,kellogg's smart start antioxidants crl",36,12,29,2,30,1347
"veal,var meats&by-products,brain,raw",2.13,12.2,10,,14,3
"veal, variety meats and by-products, brain, raw",2.13,12.2,10,,14,3
"formul bar,ma snackfo us,snicke marath ener bar,all flavo",16.31,12.24,754,4.5,489.9,1102
"mollusks, oyster, eastern, wild, cooked, dry heat",7.16,12.91,92,,0,10
"oyster,eastern,wild,ckd,dry heat",7.16,12.91,92,0,0,10
"chicken, capons, giblets, raw",6.25,12.95,10,,18.4,394
"chicken,capons,giblets,raw",6.25,12.95,10,,18.4,394
"turkey,whl,giblets,raw",5.92,13.06,18,0.8,0,331
"loma linda big franks, canned, unprepared",2.5,13.1,17,,0,0
"loma linda big franks,cnd,unprep",2.5,13.1,17,,0,
"herring,atlantic,ckd,dry heat",1.41,13.14,74,5.4,0.7,12
"turkey,heart,all classes,raw",3.7,13.3,18,0.4,3,
"chicken,broilers or fryers,giblets,ckd,fried",10.32,13.31,18,,8.7,379
"veal,var meats&by-products,pancreas,raw",2.1,13.38,19,,16,3
"liver sausage,liverwurst,pork",6.4,13.46,26,,0,30
liverwurst sprd,8.85,13.46,22,,3.5,30
"formulat bar,marsnackfoo us,snicke maratho doubl choc nut ba",17.95,13.57,1495,0,176.2,1538
"formulat bar,mar snacfoo us,snicker maratho hone nut oat bar",18.15,13.57,,4.5,176.4,1537
"herring,atlantic,raw",1.1,13.67,57,4.2,0.7,10
"veal,var meats&by-products,heart,raw",4.24,13.76,5,,8,2
"veal, variety meats and by-products, heart, raw",4.24,13.76,5,,8,2
"turkey,heart,all classes,ckd,simmrd",6.96,13.9,21,0,0,8
"beef,var meats&by-products,pancreas,raw",2.22,14,9,,13.7,3
"veal,var meats&by-products,heart,ckd,brsd",4.32,14.46,8,,10,2
"caribou,shldr meat,dried (alaska native)",11,15.1,14,0,0,8
"beef,var meats&by-products,brain,ckd,pan-fried",2.22,15.2,9,,3.3,6
"beef, variety meats and by-products, brain, cooked, pan-fried",2.22,15.2,9,,3.3,6
"mackerel,king,raw",1.78,15.6,31,,1.6,8
"fish, mackerel, king, raw",1.78,15.6,31,,1.6,8
"oyster,eastern,ckd,breaded&fried",6.95,15.63,62,,3.8,43
"turkey,whl,giblets,ckd,simmrd",3.39,15.89,18,0,0,303
"oyster,pacific,raw",5.11,16,8,,8,10
"mollusks, oyster, pacific, raw",5.11,16,8,,8,10
"oyster,eastern,farmed,raw",5.78,16.2,44,,4.7,18
"pork,frsh,var meats&by-products,pancreas,raw",2.13,16.4,11,,15.3,3
"chicken,liver,all classes,raw",8.99,16.58,8,0,17.9,588
"beef,var meats&by-products,pancreas,ckd,brsd",2.61,16.6,16,,20.3,3
"chicken,liver,all classes,ckd,simmrd",11.63,16.85,11,0,27.9,578
"pork,frsh,var meats&by-products,pancreas,ckd,brsd",2.69,17.07,16,,5.7,5
"veal, variety meats and by-products, pancreas, cooked, braised",2.38,17.33,18,,6,3
"veal,var meats&by-products,pancreas,ckd,brsd",2.38,17.33,18,,6,3
"mollusks, oyster, eastern, wild, cooked, moist heat",9.21,17.5,116,,0,14
"oyster,eastern,wild,ckd,moist heat",9.21,17.5,116,0,0,14
"mackerel,king,ckd,dry heat",2.28,18,40,,1.6,9
"cereals rte,kashi heart to heart,honey tstd oat",2.4,18,41,0,91,2030
"cereals rte,kashi heart to heart,warm cinn",3.09,18,55,,91,1212
"salmon,red (sockeye),filets w/ skn,smoked (alaska native)",1.06,18.1,58,,0,9
"mollusks, whelk, unspecified, cooked, moist heat",10.06,18.14,113,,6.8,11
"whelk,unspec,ckd,moist heat",10.06,18.14,113,,6.8,11
"fish,whitefish,dried (alaska native)",4.1,18.4,810,,0,11
"mollusks, clam, mixed species, canned, drained solids",2.68,18.63,65,,0,7
"clam,mxd sp,cnd,drnd sol",2.68,18.63,65,0.1,0,7
"pork,frsh,var meats&by-products,liver,ckd,brsd",17.92,18.67,10,,23.6,163
"herring,atlantic,kippered",1.51,18.7,84,2.2,1,14
"oscar mayer,braunschweiger liver sausage (sliced)",10.51,18.78,9,1.1,9,47
"cereals rte,kellogg,kellogg's all-bran original",17.6,18.8,389,4.3,20,2198
"mackerel,atlantic,ckd,dry heat",1.57,19,15,,0.4,2
"smelt,dried (alaska native)",5.4,19.1,1600,,,
"oyster,eastern,canned",6.7,19.13,45,0,5,9
"cereals rte,kellogg,kellogg's spl k",28,19.4,23,3.3,68,2180
"turkey,liver,all classes,raw",8.94,19.73,20,1.3,24.5,677
"octopus,common,raw",5.3,20,53,0,5,16
"caviar,black&red,granular",11.88,20,275,2.9,0,50
"cereals rte,kellogg,kellogg's all-bran bran buds",15,20,63,3.3,20,2237
"cereals rte,kellogg,kellogg's product 19",60,20,16,3.3,200,2253
"cereals rte,general mills,whl grain total",60,20,3333,8.3,200,2253
"braunschweiger (a liver sausage),pork",11.2,20.09,9,1.2,0,44
"cereals ready-to-eat, ralston enriched wheat bran flakes",67.67,20.69,45,0,239.7,0
"cereals rte,ralston enr wheat bran flakes",67.67,20.69,45,8.6,239.7,1379
"cereals rte,kellogg,kellogg's all-bran complete wheat flakes",62.1,21,39,3.5,207,2331
"chicken, liver, all classes, cooked, pan-fried",12.88,21.13,10,,2.7,560
"chicken,liver,all classes,ckd,pan-fried",12.88,21.13,10,,2.7,560
"veal,var meats&by-products,brain,ckd,pan-fried",1.07,21.3,10,,15,6
"beef,nz,imp,var meats & by-products,kidney,ckd,bld",5.7,21.35,14,0.8,0,
"steelhead trout,dried,flesh (shoshone bannock)",2.96,22.4,85,15.7,0,
"mussel,blue,ckd,moist heat",6.72,24,33,,13.6,76
"lamb,var meats&by-products,brain,ckd,pan-fried",2.04,24.1,21,,23,7
"oyster,eastern,farmed,ckd,dry heat",7.77,24.3,56,,6,24
"liver cheese, pork",10.83,24.55,8,,3,104
"liver cheese,pork",10.83,24.55,8,,3,104
"beef,var meats&by-products,kidneys,ckd,simmrd",5.8,24.9,19,1.1,0,83
"pork, fresh, variety meats and by-products, liver, raw",23.3,26,9,,25.3,212
"pork,frsh,var meats&by-products,liver,raw",23.3,26,9,,25.3,212
"beef,var meats&by-products,kidneys,raw",4.6,27.5,13,1.1,9.4,98
"beef,nz,imp,var meats & by-products,kidney,raw",3.83,27.66,9,0.2,0,
"beef, new zealand, imported, kidney, raw",3.83,27.66,9,,0,0
"turkey,liver,all classes,ckd,simmrd",1.79,28.17,19,,22.6,691
"veal,var meats&by-products,kidneys,raw",3.36,28.2,11,,5,21
"fish,salmon,chum,dried (alaska native)",2.2,28.6,155,,0,12
"oyster,pacific,ckd,moist heat",9.2,28.8,16,,12.8,15
"octopus,common,ckd,moist heat",9.54,36,106,0,8,24
"veal,var meats&by-products,kidneys,ckd,brsd",3.04,36.9,29,,8,21
"clam,mxd sp,ckd,breaded&fried",13.91,40.27,63,,10,48
"lamb,nz,imp,kidney,raw",6.6,50.37,8,0.1,0,
"lamb,var meats&by-products,kidneys,raw",6.38,52.41,13,,11,28
"lamb, variety meats and by-products, kidneys, raw",6.38,52.41,13,,11,28
"duck,domesticated,liver,raw",30.53,54,11,,4.5,738
"goose,liver,raw",30.53,54,43,,4.5,738
"lamb,nz,imp,kidney,ckd,soaked & fried",14.7,55.56,9,0.2,0,
"fish,whitefish,eggs (alaska native)",5.95,56.4,46,,12,53
"fish, whitefish, eggs (alaska native)",5.95,56.4,46,,12,53
"lamb,nz,imp,liver,ckd,soaked & fried",5.4,57.5,5,0,0,
"lamb,nz,imp,liver,raw",4.6,59,4,0,0,
"beef,var meats&by-products,liver,raw",4.9,59.3,5,1.2,1.3,290
"veal,var meats&by-products,liver,raw",6.4,59.85,5,,0.7,125
"beef,var meats & by-products,liver,ckd,brsd",6.54,70.58,6,1.2,1.9,253
"moose,liver,brsd (alaska native)",6.77,71,7,,22.6,217
"veal,var meats&by-products,liver,ckd,pan-fried",5.98,72.5,7,,0.7,350
"lamb,var meats&by-products,liver,ckd,brsd",8.28,76.5,8,,4,73
"lamb, variety meats and by-products, liver, cooked, braised",8.28,76.5,8,,4,73
"lamb,var meats&by-products,kidneys,ckd,brsd",12.4,78.9,18,,12,81
"beef, variety meats and by-products, liver, cooked, pan-fried",6.17,83.13,6,,0.7,260
"beef, var meats&by-products, liver, ckd, pan-fried",6.17,83.13,6,1.2,0.7,260
"beef,nz,imp,var meats & by-products,liver,raw",8.44,84.5,4,0,0,
"veal, variety meats and by-products, liver, cooked, braised",5.11,84.6,6,,1.1,331
"veal,var meats&by-products,liver,ckd,brsd",5.11,84.6,6,,1.1,331
"lamb,var meats&by-products,liver,ckd,pan-fried",10.2,85.7,9,,13,400
"lamb, variety meats and by-products, liver, raw",7.37,90.05,7,,4,230
"lamb,var meats&by-products,liver,raw",7.37,90.05,7,,4,230
"beef,nz,imp,var meats & by-products liver,ckd,bld",7.17,96,4,0.1,0,
"clam,mxd sp,ckd,moist heat",2.81,98.89,92,,22.1,29
